id,job title,description,company name,company linkedin url,job url,upload date,hiring manager name,hiring manager linkedin url,fit,tailored cv,message
4341140586,Data Expert & Marketing Support 2 Year FTC,"We are looking for a Data Expert & Marketing Support at Advanced Medical Solutions.



Job Purpose



- Support Janus portfolio workstream leads. Janus is the project name for the suture integration of Peters Surgical into the AMS organisation
- Create necessary data content out of the existing BI systems and analyses data in a way how it is requested and needed that people are able to read results and enable them making decisions
- Take over the lead & responsibility of a central excel based SKU-SKU database with several 100k datapoints, which is a key tool for the Janus project
- Optimize data in alignment with the defined Janus goals and objectives
- Reporting and documentation including lead & control of initiated change requests
- Support regarding needed Marketing tasks



Key Responsibilities / Main Duties



- Member of the Janus portfolio workstream team. Also interact with Category Director and Marketing Director of Suture, Clip, VTO category. When needed also interact with other Janus workstreams
- Work closely with the Portfolio Janus leads, to enable them full filling their tasks and timelines. Create the requested data content out of BI system and analyse the data in a way that portfolio workstream enables to make decisions based on numbers and facts
- When ready be the responsible person and leader of the developed central excel SKU-SKU database with several 100k datapoints, which is a key tool for the Janus project and work together with IT to transfer this Excel file into an IT tool, which is more stabile and professional to handle so many datapoints
- Optimize data in alignment with the defined Janus goals and objectives means when mistakes or mismatches identified clarify with workstream leads and correct these in all necessary. places in parallel until a final IT solution is in place. Avoiding inefficiencies
- Able to create and read reporting and where needed initiate change requests to correct data & mistakes within the linked ERP systems. Depending on defined processes also support and control the execution of these changes
- Identify and elimination of misalignments. Historical changes done but not finalised within ERP. Start change request process to put codes to discontinue where necessary and not done yet.
- Support on defined marketing tasks linked to Janus & new branding (Create customer letter drafts, Pack shots & picture material, New Suture and CI re-branding impacts, Update content)



Person Specification



- Fluent English language (written/ verbal) is a must, French and/ or German would be very beneficial
- Bachelor degree or equivalent commercial education or practical/ professional industry experience
- Above-average analytical skills for suture portfolio analysis (figure- and fact-based character)
- MS Office expertise. Especially very strong & deep Excel knowledge and empathy is mandatory
- Expert know-how in dealing with IT and browser-based business software applications
- Strong self-motivation, well-structured and organised, responsible, reliable, sustainable, positive ""can do"" character and likes working very precise (managing details)
- Fluent English and French language (written/ verbal) is a must, German would be very beneficial
- Able working under NDA with confidential content and interacting with people not on NDA
- Commercial mentality: strong entrepreneurial mindset and an understanding of aligning company and business interests of revenue, margin, profit and costs, ideally with some Marketing background
- Goal oriented, focused, motivated, optimistic, positive, professional
- Background on Marketing support tasks would be helpful
- Ideally some kind of experience within MedTech industry (not mandatory), knowledge about surgical suture material would be helpful
- Quick comprehension, good handling of complex issues and willingness to study on one's own to further develop own skills
- Strong social skills with the corresponding staying power, team player mentality
- Participate when needed or requested local meeting on site & occasional travel for European meetings",Advanced Medical Solutions,https://uk.linkedin.com/company/advanced-medical-solutions?trk=public_jobs_topcard-org-name,https://de.linkedin.com/jobs/view/data-expert-marketing-support-2-year-ftc-at-advanced-medical-solutions-4341140586?trk=public_jobs_topcard-title,2025-11-16 19:16:19,,,,"Proactive Data & AI Expert with a strong engineering background, adept at transforming complex data into actionable insights for strategic decision-making. As Co-Founder/CTO, led the development of a novel AI-driven Business Intelligence platform, designing its core data architecture and product strategy. Proven ability to scale robust data architectures for millions of users and manage large datasets, ensuring high availability and performance. Expert in optimizing data, developing algorithms that delivered a 3x efficiency increase, and driving data integrity. Possesses a strong entrepreneurial mindset, meticulous attention to detail, and a track record of supporting key business objectives through precise data analysis and effective communication.",
4336311461,Generalist AI Data Analyst (Remote),"- Role: Generalist AI Data Analyst
- Location: Remote (Flexible)
- Compensation: Earn up to $10,000 Per Month



About the Role

Join a worldwide community of skilled professionals outsmarting AI with human creativity and analytical brilliance. As a Data Contributor, you will directly influence the quality and safety of cutting-edge language models, including collaborations with industry-standard partners.



Responsibilities

- Evaluate and rank outputs from large language models by reviewing reasoning, problem-solving, and response quality.
- Develop professional-level prompts and critique AI-generated content with user-centric thinking.
- Contribute to a variety of AI projects determined by your skill sets and expertise.



Requirements

- Bachelor’s degree or higher (or currently enrolled).
- Demonstrated analytical, problem-solving, and critical thinking skills.
- Clear and engaging writing style with attention to detail and technical precision.



Community & Growth

- Join an international team of coding and data experts.
- Influence enterprise adoption of advanced models like Llama in partnership with Scale AI and Meta.



Apply Now!",AI Jobs,https://www.linkedin.com/company/ai-jobss?trk=public_jobs_topcard-org-name,https://uk.linkedin.com/jobs/view/generalist-ai-data-analyst-remote-at-ai-jobs-4336311461?trk=public_jobs_topcard-title,2025-11-16 13:29:43,,,,"Proactive Data & AI Expert with a strong engineering background, adept at enhancing AI product quality and driving efficiency. Successfully developed and deployed AI-driven products that significantly enhanced user experience for thousands of students. Proven analytical and problem-solving skills, demonstrated by developing a novel ML/optimization algorithm that delivered a 3x increase in efficiency. As Co-Founder/CTO, led the technical vision for a novel AI-driven Business Intelligence platform, focusing on strategic AI feature development. Eager to apply a critical, user-centric approach to evaluate and refine cutting-edge language models and contribute to diverse AI projects.",
4336390442,AI Model Software Tester (Remote),"- Role: AI Model Tester
- Location: Ireland
- Compensation: Earn up to $10,000 Per Month



About the Role

Join a worldwide community of skilled professionals outsmarting AI with human creativity and analytical brilliance. As a Data Contributor, you will directly influence the quality and safety of cutting-edge language models, including collaborations with industry-standard partners.



Responsibilities

- Evaluate and rank outputs from large language models by reviewing reasoning, problem-solving, and response quality.
- Develop professional-level prompts and critique AI-generated content with user-centric thinking.
- Contribute to a variety of AI projects determined by your skill sets and expertise.



Requirements

- Bachelor’s degree or higher (or currently enrolled).
- Demonstrated analytical, problem-solving, and critical thinking skills.
- Clear and engaging writing style with attention to detail and technical precision.



Community & Growth

- Join an international team of coding and data experts.
- Influence enterprise adoption of advanced models like Llama in partnership with Scale AI and Meta.



Apply Now!",AI Jobs,https://www.linkedin.com/company/ai-jobss?trk=public_jobs_topcard-org-name,https://ie.linkedin.com/jobs/view/ai-model-software-tester-remote-at-ai-jobs-4336390442?trk=public_jobs_topcard-title,2025-11-16 10:33:54,,,,"Highly analytical and entrepreneurial Data & AI Expert with a Master's in Mathematical Engineering, specializing in developing and deploying cutting-edge AI solutions.
Proven ability to critically evaluate and refine complex systems, evidenced by developing a novel ML/optimization algorithm that delivered a 3x increase in efficiency.
As Co-Founder/CTO, led the technical vision for an AI-driven Business Intelligence platform, demonstrating deep understanding of AI product lifecycle and user-centric design.
Skilled in AI product development and data analysis, having deployed AI-driven products for thousands of users.
Possesses strong problem-solving and critical thinking skills, ideal for evaluating and enhancing large language model outputs.",
4336520140,Generalist AI Data Analyst (Remote),"- Role: Generalist AI Data Analyst
- Location: Ireland
- Compensation: Earn up to $10,000 Per Month



About the Role

Join a worldwide community of skilled professionals outsmarting AI with human creativity and analytical brilliance. As a Data Contributor, you will directly influence the quality and safety of cutting-edge language models, including collaborations with industry-standard partners.



Responsibilities

- Evaluate and rank outputs from large language models by reviewing reasoning, problem-solving, and response quality.
- Develop professional-level prompts and critique AI-generated content with user-centric thinking.
- Contribute to a variety of AI projects determined by your skill sets and expertise.



Requirements

- Bachelor’s degree or higher (or currently enrolled).
- Demonstrated analytical, problem-solving, and critical thinking skills.
- Clear and engaging writing style with attention to detail and technical precision.



Community & Growth

- Join an international team of coding and data experts.
- Influence enterprise adoption of advanced models like Llama in partnership with Scale AI and Meta.



Apply Now!",AI Jobs,https://www.linkedin.com/company/ai-jobss?trk=public_jobs_topcard-org-name,https://ie.linkedin.com/jobs/view/generalist-ai-data-analyst-remote-at-ai-jobs-4336520140?trk=public_jobs_topcard-title,2025-11-16 10:33:49,,,,"Proactive Data & AI Expert with a strong engineering background, adept at developing and deploying AI-driven products that enhanced user experience for thousands of students.

Proven ability to design and implement novel ML/optimization algorithms, delivering a 3x increase in efficiency. Skilled in in-depth data analysis to derive actionable insights and influence product strategy.

As a Co-Founder/CTO, I've led technical vision and AI-driven feature development, demonstrating strong analytical, problem-solving, and critical thinking skills essential for evaluating and refining cutting-edge language models and crafting effective prompts.",
4336410342,AI Model Quality Evaluator (Remote),"- Role: AI Model Quality Evaluator
- Location: Remote (Flexible)
- Compensation: Earn up to $10,000 Per Month



About the Role

Join a worldwide community of skilled professionals outsmarting AI with human creativity and analytical brilliance. As a Data Contributor, you will directly influence the quality and safety of cutting-edge language models, including collaborations with industry-standard partners.



Responsibilities

- Evaluate and rank outputs from large language models by reviewing reasoning, problem-solving, and response quality.
- Develop professional-level prompts and critique AI-generated content with user-centric thinking.
- Contribute to a variety of AI projects determined by your skill sets and expertise.



Requirements

- Bachelor’s degree or higher (or currently enrolled).
- Demonstrated analytical, problem-solving, and critical thinking skills.
- Clear and engaging writing style with attention to detail and technical precision.



Community & Growth

- Join an international team of coding and data experts.
- Influence enterprise adoption of advanced models like Llama in partnership with Scale AI and Meta.



Apply Now!",AI Jobs,https://www.linkedin.com/company/ai-jobss?trk=public_jobs_topcard-org-name,https://uk.linkedin.com/jobs/view/ai-model-quality-evaluator-remote-at-ai-jobs-4336410342?trk=public_jobs_topcard-title,2025-11-16 10:32:11,,,,"Highly analytical AI Expert with a strong engineering background, adept at developing and deploying AI-driven products that enhanced user experience for thousands. Proven ability to lead technical vision and product strategy for AI-driven features, ensuring high-quality, user-centric outcomes. Leverages deep expertise in Generative AI and Machine Learning, including developing novel algorithms that delivered a 3x efficiency increase. Possesses exceptional analytical, problem-solving, and critical thinking skills, with a meticulous approach to evaluating and refining cutting-edge language models and crafting professional-level prompts.",
4336380398,Prompt Engineer (Remote),"- Role: Prompt Engineer
- Location: Ireland
- Compensation: Earn up to $10,000 Per Month



About the Role

Join a worldwide community of skilled professionals outsmarting AI with human creativity and analytical brilliance. As a Data Contributor, you will directly influence the quality and safety of cutting-edge language models, including collaborations with industry-standard partners.



Responsibilities

- Evaluate and rank outputs from large language models by reviewing reasoning, problem-solving, and response quality.
- Develop professional-level prompts and critique AI-generated content with user-centric thinking.
- Contribute to a variety of AI projects determined by your skill sets and expertise.



Requirements

- Bachelor’s degree or higher (or currently enrolled).
- Demonstrated analytical, problem-solving, and critical thinking skills.
- Clear and engaging writing style with attention to detail and technical precision.



Community & Growth

- Join an international team of coding and data experts.
- Influence enterprise adoption of advanced models like Llama in partnership with Scale AI and Meta.



Apply Now!",AI Jobs,https://www.linkedin.com/company/ai-jobss?trk=public_jobs_topcard-org-name,https://ie.linkedin.com/jobs/view/prompt-engineer-remote-at-ai-jobs-4336380398?trk=public_jobs_topcard-title,2025-11-16 09:35:05,,,,"Proactive and entrepreneurial Data & AI Expert with a strong engineering background, specializing in Generative AI and Machine Learning.

Proven experience in leading the development and deployment of end-to-end AI-driven products, enhancing user experience for thousands. Adept at evaluating complex AI outputs and crafting precise technical communications, demonstrated by developing novel ML/optimization algorithms that delivered a 3x increase in efficiency.

Possesses strong analytical, problem-solving, and critical thinking skills, essential for influencing the quality and safety of cutting-edge language models.",
4336410881,AI Data Analyst (Remote),"- Role: AI Data Analyst
- Location: Remote (Flexible)
- Compensation: Earn up to $10,000 Per Month



About the Role

Join a worldwide community of skilled professionals outsmarting AI with human creativity and analytical brilliance. As a Data Contributor, you will directly influence the quality and safety of cutting-edge language models, including collaborations with industry-standard partners.



Responsibilities

- Evaluate and rank outputs from large language models by reviewing reasoning, problem-solving, and response quality.
- Develop professional-level prompts and critique AI-generated content with user-centric thinking.
- Contribute to a variety of AI projects determined by your skill sets and expertise.



Requirements

- Bachelor’s degree or higher (or currently enrolled).
- Demonstrated analytical, problem-solving, and critical thinking skills.
- Clear and engaging writing style with attention to detail and technical precision.



Community & Growth

- Join an international team of coding and data experts.
- Influence enterprise adoption of advanced models like Llama in partnership with Scale AI and Meta.



Apply Now!",AI Jobs,https://www.linkedin.com/company/ai-jobss?trk=public_jobs_topcard-org-name,https://uk.linkedin.com/jobs/view/ai-data-analyst-remote-at-ai-jobs-4336410881?trk=public_jobs_topcard-title,2025-11-16 13:29:36,,,,"Highly analytical AI Expert with a Master's in Mathematical Engineering, adept at developing and deploying AI-driven products that enhanced learning for thousands of students. Proven ability to design novel ML/optimization algorithms, delivering a 3x efficiency increase. Skilled in Generative AI and data analysis, I excel at evaluating and refining AI outputs with a user-centric approach, leveraging strong problem-solving and communication skills.",
4336310823,AI Data Annotation Specialist (Remote),"- Role: AI Data Annotation Specialist
- Location: Remote (Flexible)
- Compensation: Earn up to $10,000 Per Month



About the Role

Join a worldwide community of skilled professionals outsmarting AI with human creativity and analytical brilliance. As a Data Contributor, you will directly influence the quality and safety of cutting-edge language models, including collaborations with industry-standard partners.



Responsibilities

- Evaluate and rank outputs from large language models by reviewing reasoning, problem-solving, and response quality.
- Develop professional-level prompts and critique AI-generated content with user-centric thinking.
- Contribute to a variety of AI projects determined by your skill sets and expertise.



Requirements

- Bachelor’s degree or higher (or currently enrolled).
- Demonstrated analytical, problem-solving, and critical thinking skills.
- Clear and engaging writing style with attention to detail and technical precision.



Community & Growth

- Join an international team of coding and data experts.
- Influence enterprise adoption of advanced models like Llama in partnership with Scale AI and Meta.



Apply Now!",AI Jobs,https://www.linkedin.com/company/ai-jobss?trk=public_jobs_topcard-org-name,https://uk.linkedin.com/jobs/view/ai-data-annotation-specialist-remote-at-ai-jobs-4336310823?trk=public_jobs_topcard-title,2025-11-16 09:29:40,,,,"Highly analytical and entrepreneurial Data & AI Expert with a strong engineering background, adept at evaluating and enhancing AI system performance. Proven success in developing a novel ML/optimization algorithm that delivered a 3x increase in efficiency, showcasing deep problem-solving and critical thinking skills.

As Co-Founder/CTO, I led the technical vision and development of an AI-driven platform, designing and deploying end-to-end AI products that enhanced user experience. My expertise includes Generative AI, Machine Learning, and a meticulous approach to critiquing AI-generated content and developing professional-level prompts, ensuring high quality and precision.",
4336500054,Freelance AI Data Specialist (Remote),"- Role: Freelance AI Data Specialist
- Location: Remote (Flexible)
- Compensation: Earn up to $10,000 Per Month



About the Role

Join a worldwide community of skilled professionals outsmarting AI with human creativity and analytical brilliance. As a Data Contributor, you will directly influence the quality and safety of cutting-edge language models, including collaborations with industry-standard partners.



Responsibilities

- Evaluate and rank outputs from large language models by reviewing reasoning, problem-solving, and response quality.
- Develop professional-level prompts and critique AI-generated content with user-centric thinking.
- Contribute to a variety of AI projects determined by your skill sets and expertise.



Requirements

- Bachelor’s degree or higher (or currently enrolled).
- Demonstrated analytical, problem-solving, and critical thinking skills.
- Clear and engaging writing style with attention to detail and technical precision.



Community & Growth

- Join an international team of coding and data experts.
- Influence enterprise adoption of advanced models like Llama in partnership with Scale AI and Meta.



Apply Now!",AI Jobs,https://www.linkedin.com/company/ai-jobss?trk=public_jobs_topcard-org-name,https://uk.linkedin.com/jobs/view/freelance-ai-data-specialist-remote-at-ai-jobs-4336500054?trk=public_jobs_topcard-title,2025-11-16 10:29:44,,,,"Proactive and entrepreneurial Data & AI Expert with a strong engineering background, adept at leveraging human creativity and analytical brilliance to enhance AI systems. Proven track record includes developing a novel ML/optimization algorithm that delivered a 3x increase in efficiency, demonstrating exceptional problem-solving and critical thinking. As Co-Founder/CTO, led the technical vision and development of an AI-driven Business Intelligence platform, with expertise in Generative AI and AI product strategy. Skilled in designing and deploying end-to-end AI-driven products, bringing a user-centric approach to evaluating and refining AI-generated content and large language model outputs.",
4336360490,Remote Prompt Engineer (Remote),"- Role: Remote Prompt Creator
- Location: Ireland
- Compensation: Earn up to $10,000 Per Month



About the Role

Join a worldwide community of skilled professionals outsmarting AI with human creativity and analytical brilliance. As a Data Contributor, you will directly influence the quality and safety of cutting-edge language models, including collaborations with industry-standard partners.



Responsibilities

- Evaluate and rank outputs from large language models by reviewing reasoning, problem-solving, and response quality.
- Develop professional-level prompts and critique AI-generated content with user-centric thinking.
- Contribute to a variety of AI projects determined by your skill sets and expertise.



Requirements

- Bachelor’s degree or higher (or currently enrolled).
- Demonstrated analytical, problem-solving, and critical thinking skills.
- Clear and engaging writing style with attention to detail and technical precision.



Community & Growth

- Join an international team of coding and data experts.
- Influence enterprise adoption of advanced models like Llama in partnership with Scale AI and Meta.



Apply Now!",AI Jobs,https://www.linkedin.com/company/ai-jobss?trk=public_jobs_topcard-org-name,https://ie.linkedin.com/jobs/view/remote-prompt-engineer-remote-at-ai-jobs-4336360490?trk=public_jobs_topcard-title,2025-11-16 10:33:58,,,,"Proactive and entrepreneurial AI Expert with a strong engineering background, specializing in Generative AI and end-to-end AI product development.
Proven ability to design and deploy impactful AI-driven solutions, including a novel ML/optimization algorithm that delivered a 3x efficiency increase.
Adept at critical evaluation, problem-solving, and user-centric design, with experience influencing product strategy and enhancing user experience for thousands.
Eager to apply analytical brilliance to refine cutting-edge language models and contribute to the quality and safety of advanced AI.",
4336460247,AI Model Software Tester (Remote),"- Role: AI Model Tester
- Location: Remote (Flexible)
- Compensation: Earn up to $10,000 Per Month



About the Role

Join a worldwide community of skilled professionals outsmarting AI with human creativity and analytical brilliance. As a Data Contributor, you will directly influence the quality and safety of cutting-edge language models, including collaborations with industry-standard partners.



Responsibilities

- Evaluate and rank outputs from large language models by reviewing reasoning, problem-solving, and response quality.
- Develop professional-level prompts and critique AI-generated content with user-centric thinking.
- Contribute to a variety of AI projects determined by your skill sets and expertise.



Requirements

- Bachelor’s degree or higher (or currently enrolled).
- Demonstrated analytical, problem-solving, and critical thinking skills.
- Clear and engaging writing style with attention to detail and technical precision.



Community & Growth

- Join an international team of coding and data experts.
- Influence enterprise adoption of advanced models like Llama in partnership with Scale AI and Meta.



Apply Now!",AI Jobs,https://www.linkedin.com/company/ai-jobss?trk=public_jobs_topcard-org-name,https://uk.linkedin.com/jobs/view/ai-model-software-tester-remote-at-ai-jobs-4336460247?trk=public_jobs_topcard-title,2025-11-16 10:29:46,,,,"Proactive Data & AI Expert with a strong engineering background, specializing in the development and deployment of AI-driven products. Proven ability to design and implement novel ML/optimization algorithms, achieving a 3x increase in efficiency, and scaling data architectures for millions of users. Adept at evaluating and enhancing AI-driven features, with a strong foundation in Generative AI, problem-solving, and critical thinking. Eager to leverage a keen analytical mind and technical precision to critique and refine cutting-edge language models.",
4336371077,Data Contributor (Remote),"- Role: Data Contributor
- Location: Remote (Flexible)
- Compensation: Earn up to $10,000 Per Month



About the Role

Join a worldwide community of skilled professionals outsmarting AI with human creativity and analytical brilliance. As a Data Contributor, you will directly influence the quality and safety of cutting-edge language models, including collaborations with industry-standard partners.



Responsibilities

- Evaluate and rank outputs from large language models by reviewing reasoning, problem-solving, and response quality.
- Develop professional-level prompts and critique AI-generated content with user-centric thinking.
- Contribute to a variety of AI projects determined by your skill sets and expertise.



Requirements

- Bachelor’s degree or higher (or currently enrolled).
- Demonstrated analytical, problem-solving, and critical thinking skills.
- Clear and engaging writing style with attention to detail and technical precision.



Community & Growth

- Join an international team of coding and data experts.
- Influence enterprise adoption of advanced models like Llama in partnership with Scale AI and Meta.



Apply Now!",AI Jobs,https://www.linkedin.com/company/ai-jobss?trk=public_jobs_topcard-org-name,https://uk.linkedin.com/jobs/view/data-contributor-remote-at-ai-jobs-4336371077?trk=public_jobs_topcard-title,2025-11-16 13:30:25,,,,"Proactive Data & AI Expert with a proven track record in enhancing AI system quality and performance.
*   Developed a novel ML/optimization algorithm, increasing efficiency by 3x, demonstrating strong analytical and problem-solving skills critical for evaluating AI reasoning and outputs.
*   Designed and deployed end-to-end AI-driven products for thousands of students, showcasing user-centric thinking and expertise in AI product development and critique.
*   As Co-Founder/CTO, led the technical vision for an AI-driven Business Intelligence platform, solidifying deep understanding of cutting-edge AI systems.
*   Adept at crafting professional-level prompts and critiquing AI-generated content with precision and a clear, engaging writing style.",
4336480107,Prompt Engineer (Remote),"- Role: Prompt Engineer
- Compensation: Earn up to $10,000 Per Month



About the Role

Join a worldwide community of skilled professionals outsmarting AI with human creativity and analytical brilliance. As a Data Contributor, you will directly influence the quality and safety of cutting-edge language models, including collaborations with industry-standard partners.



Responsibilities

- Evaluate and rank outputs from large language models by reviewing reasoning, problem-solving, and response quality.
- Develop professional-level prompts and critique AI-generated content with user-centric thinking.
- Contribute to a variety of AI projects determined by your skill sets and expertise.



Requirements

- Bachelor’s degree or higher (or currently enrolled).
- Demonstrated analytical, problem-solving, and critical thinking skills.
- Clear and engaging writing style with attention to detail and technical precision.



Community & Growth

- Join an international team of coding and data experts.
- Influence enterprise adoption of advanced models like Llama in partnership with Scale AI and Meta.



Apply Now!",AI Jobs,https://www.linkedin.com/company/ai-jobss?trk=public_jobs_topcard-org-name,https://uk.linkedin.com/jobs/view/prompt-engineer-remote-at-ai-jobs-4336480107?trk=public_jobs_topcard-title,2025-11-16 09:31:04,,,,"Proactive AI Expert with a strong engineering background, specializing in Generative AI and end-to-end AI product development. As Co-Founder/CTO, I've led the technical vision and implementation of novel AI-driven platforms, demonstrating a deep understanding of AI capabilities and user needs. My experience includes designing and deploying AI-driven products that enhanced the learning experience for thousands of students, alongside developing novel ML/optimization algorithms that delivered a 3x increase in efficiency. I bring proven analytical, problem-solving, and critical thinking skills essential for evaluating and refining cutting-edge language models.",
4336530052,AI Data Validator (Remote),"- Role: AI Data Validator
- Location: Remote (Flexible)
- Compensation: Earn up to $10,000 Per Month



About the Role

Join a worldwide community of skilled professionals outsmarting AI with human creativity and analytical brilliance. As a Data Contributor, you will directly influence the quality and safety of cutting-edge language models, including collaborations with industry-standard partners.



Responsibilities

- Evaluate and rank outputs from large language models by reviewing reasoning, problem-solving, and response quality.
- Develop professional-level prompts and critique AI-generated content with user-centric thinking.
- Contribute to a variety of AI projects determined by your skill sets and expertise.



Requirements

- Bachelor’s degree or higher (or currently enrolled).
- Demonstrated analytical, problem-solving, and critical thinking skills.
- Clear and engaging writing style with attention to detail and technical precision.



Community & Growth

- Join an international team of coding and data experts.
- Influence enterprise adoption of advanced models like Llama in partnership with Scale AI and Meta.



Apply Now!",AI Jobs,https://www.linkedin.com/company/ai-jobss?trk=public_jobs_topcard-org-name,https://uk.linkedin.com/jobs/view/ai-data-validator-remote-at-ai-jobs-4336530052?trk=public_jobs_topcard-title,2025-11-16 10:29:50,,,,"Highly analytical and entrepreneurial Data & AI Expert with a strong background in developing and refining AI systems. As Co-Founder/CTO, led the technical vision and AI-driven features for a novel Business Intelligence platform, demonstrating a deep understanding of AI product quality and user experience.

Successfully designed and deployed end-to-end AI-driven products for thousands of students, applying user-centric thinking to ensure optimal output. Developed a novel ML/optimization algorithm that delivered a 3x efficiency increase, showcasing exceptional problem-solving and critical thinking skills.

Adept at evaluating and critiquing complex AI outputs, with expertise in Generative AI, making me ideally suited to enhance the quality and safety of cutting-edge language models.",
4336420284,AI Language Model Reviewer (Remote),"- Role: AI Language Model Reviewer
- Location: Remote (Flexible)
- Compensation: Earn up to $10,000 Per Month



About the Role

Join a worldwide community of skilled professionals outsmarting AI with human creativity and analytical brilliance. As a Data Contributor, you will directly influence the quality and safety of cutting-edge language models, including collaborations with industry-standard partners.



Responsibilities

- Evaluate and rank outputs from large language models by reviewing reasoning, problem-solving, and response quality.
- Develop professional-level prompts and critique AI-generated content with user-centric thinking.
- Contribute to a variety of AI projects determined by your skill sets and expertise.



Requirements

- Bachelor’s degree or higher (or currently enrolled).
- Demonstrated analytical, problem-solving, and critical thinking skills.
- Clear and engaging writing style with attention to detail and technical precision.



Community & Growth

- Join an international team of coding and data experts.
- Influence enterprise adoption of advanced models like Llama in partnership with Scale AI and Meta.



Apply Now!",AI Jobs,https://www.linkedin.com/company/ai-jobss?trk=public_jobs_topcard-org-name,https://uk.linkedin.com/jobs/view/ai-language-model-reviewer-remote-at-ai-jobs-4336420284?trk=public_jobs_topcard-title,2025-11-16 10:30:56,,,,"Highly analytical and entrepreneurial Data & AI Expert with a Master's in Mathematical Engineering, uniquely positioned to evaluate and enhance AI model performance. Developed a novel ML/optimization algorithm that delivered a 3x increase in efficiency, demonstrating exceptional problem-solving and critical thinking. Proven in designing and deploying user-centric AI products for thousands, ensuring high quality and precision in AI-driven features. Skilled in Generative AI, I bring a meticulous approach to critiquing AI outputs and developing professional prompts.",
4336330602,Artificial Intelligence Data Reviewer (Remote),"- Role: Artificial Intelligence Data Reviewer
- Location: Ireland
- Compensation: Earn up to $10,000 Per Month



About the Role

Join a worldwide community of skilled professionals outsmarting AI with human creativity and analytical brilliance. As a Data Contributor, you will directly influence the quality and safety of cutting-edge language models, including collaborations with industry-standard partners.



Responsibilities

- Evaluate and rank outputs from large language models by reviewing reasoning, problem-solving, and response quality.
- Develop professional-level prompts and critique AI-generated content with user-centric thinking.
- Contribute to a variety of AI projects determined by your skill sets and expertise.



Requirements

- Bachelor’s degree or higher (or currently enrolled).
- Demonstrated analytical, problem-solving, and critical thinking skills.
- Clear and engaging writing style with attention to detail and technical precision.



Community & Growth

- Join an international team of coding and data experts.
- Influence enterprise adoption of advanced models like Llama in partnership with Scale AI and Meta.



Apply Now!",AI Jobs,https://www.linkedin.com/company/ai-jobss?trk=public_jobs_topcard-org-name,https://ie.linkedin.com/jobs/view/artificial-intelligence-data-reviewer-remote-at-ai-jobs-4336330602?trk=public_jobs_topcard-title,2025-11-16 10:33:45,,,,"Highly analytical and entrepreneurial Data & AI Expert with a Master's in Mathematical Engineering, adept at evaluating and refining AI outputs. Proven experience includes developing and deploying AI-driven products for thousands of users and implementing novel ML/optimization algorithms that delivered a 3x efficiency increase. Skilled in Generative AI, problem-solving, and critical analysis, with a strong background in designing and leading AI-driven features. Eager to apply expertise in assessing and improving cutting-edge language models.",
4336510082,AI Content Evaluator (Remote),"- Role: AI Content Evaluator
- Location: Remote (Flexible)
- Compensation: Earn up to $10,000 Per Month



About the Role

Join a worldwide community of skilled professionals outsmarting AI with human creativity and analytical brilliance. As a Data Contributor, you will directly influence the quality and safety of cutting-edge language models, including collaborations with industry-standard partners.



Responsibilities

- Evaluate and rank outputs from large language models by reviewing reasoning, problem-solving, and response quality.
- Develop professional-level prompts and critique AI-generated content with user-centric thinking.
- Contribute to a variety of AI projects determined by your skill sets and expertise.



Requirements

- Bachelor’s degree or higher (or currently enrolled).
- Demonstrated analytical, problem-solving, and critical thinking skills.
- Clear and engaging writing style with attention to detail and technical precision.



Community & Growth

- Join an international team of coding and data experts.
- Influence enterprise adoption of advanced models like Llama in partnership with Scale AI and Meta.



Apply Now!",AI Jobs,https://www.linkedin.com/company/ai-jobss?trk=public_jobs_topcard-org-name,https://uk.linkedin.com/jobs/view/ai-content-evaluator-remote-at-ai-jobs-4336510082?trk=public_jobs_topcard-title,2025-11-16 10:32:07,,,,"Highly analytical and entrepreneurial Data & AI Expert with a strong background in optimizing AI systems and developing user-centric AI products. Proven ability to critically evaluate and enhance AI performance, demonstrated by developing a novel ML/optimization algorithm that delivered a 3x increase in efficiency.

As Co-Founder/CTO, led the technical vision and AI-driven feature development for a novel Business Intelligence platform, and designed/deployed end-to-end AI products for thousands of users, fostering a deep understanding of AI output quality and user experience.

Expertise in Generative AI, Machine Learning, and problem-solving, ideal for evaluating and refining large language models.",
4336520137,AI Data Analyst (Remote),"- Role: AI Data Analyst
- Location: Ireland
- Compensation: Earn up to $10,000 Per Month



About the Role

Join a worldwide community of skilled professionals outsmarting AI with human creativity and analytical brilliance. As a Data Contributor, you will directly influence the quality and safety of cutting-edge language models, including collaborations with industry-standard partners.



Responsibilities

- Evaluate and rank outputs from large language models by reviewing reasoning, problem-solving, and response quality.
- Develop professional-level prompts and critique AI-generated content with user-centric thinking.
- Contribute to a variety of AI projects determined by your skill sets and expertise.



Requirements

- Bachelor’s degree or higher (or currently enrolled).
- Demonstrated analytical, problem-solving, and critical thinking skills.
- Clear and engaging writing style with attention to detail and technical precision.



Community & Growth

- Join an international team of coding and data experts.
- Influence enterprise adoption of advanced models like Llama in partnership with Scale AI and Meta.



Apply Now!",AI Jobs,https://www.linkedin.com/company/ai-jobss?trk=public_jobs_topcard-org-name,https://ie.linkedin.com/jobs/view/ai-data-analyst-remote-at-ai-jobs-4336520137?trk=public_jobs_topcard-title,2025-11-16 10:33:44,,,,"Proactive Data & AI Expert with a strong engineering background, adept at critical evaluation and optimization of AI systems.

Successfully developed a novel ML/optimization algorithm that delivered a 3x increase in efficiency, demonstrating advanced analytical and problem-solving capabilities.

Proven experience in deploying end-to-end AI-driven products for thousands of users and performing in-depth data analysis to derive actionable insights, directly influencing product strategy.

Skilled in Generative AI, with a keen eye for detail and a user-centric approach to critiquing and enhancing AI-generated content.",
4336390338,Data Quality Tester (Remote),"- Role: Data Quality Tester
- Location: Remote (Flexible)
- Compensation: Earn up to $10,000 Per Month



About the Role

Join a worldwide community of skilled professionals outsmarting AI with human creativity and analytical brilliance. As a Data Contributor, you will directly influence the quality and safety of cutting-edge language models, including collaborations with industry-standard partners.



Responsibilities

- Evaluate and rank outputs from large language models by reviewing reasoning, problem-solving, and response quality.
- Develop professional-level prompts and critique AI-generated content with user-centric thinking.
- Contribute to a variety of AI projects determined by your skill sets and expertise.



Requirements

- Bachelor’s degree or higher (or currently enrolled).
- Demonstrated analytical, problem-solving, and critical thinking skills.
- Clear and engaging writing style with attention to detail and technical precision.



Community & Growth

- Join an international team of coding and data experts.
- Influence enterprise adoption of advanced models like Llama in partnership with Scale AI and Meta.



Apply Now!",AI Jobs,https://www.linkedin.com/company/ai-jobss?trk=public_jobs_topcard-org-name,https://uk.linkedin.com/jobs/view/data-quality-tester-remote-at-ai-jobs-4336390338?trk=public_jobs_topcard-title,2025-11-16 09:32:37,,,,"Proactive AI expert with a Master's in Mathematical Engineering, adept at evaluating and optimizing complex AI systems.

Led the technical vision and development of a novel, AI-driven Business Intelligence platform.

Designed and deployed AI-driven products for thousands of users, demonstrating a strong understanding of AI system quality.

Proven analytical and problem-solving skills, including developing ML algorithms that delivered a 3x efficiency increase.

Highly skilled in critical thinking and attention to detail.

Expert in Generative AI, uniquely suited to critically assess, refine, and develop professional-level prompts for cutting-edge large language models.",
4336309892,Data Labeling Associate (Remote),"- Role: Data Labeling Associate
- Location: Remote (Flexible)
- Compensation: Earn up to $10,000 Per Month



About the Role

Join a worldwide community of skilled professionals outsmarting AI with human creativity and analytical brilliance. As a Data Contributor, you will directly influence the quality and safety of cutting-edge language models, including collaborations with industry-standard partners.



Responsibilities

- Evaluate and rank outputs from large language models by reviewing reasoning, problem-solving, and response quality.
- Develop professional-level prompts and critique AI-generated content with user-centric thinking.
- Contribute to a variety of AI projects determined by your skill sets and expertise.



Requirements

- Bachelor’s degree or higher (or currently enrolled).
- Demonstrated analytical, problem-solving, and critical thinking skills.
- Clear and engaging writing style with attention to detail and technical precision.



Community & Growth

- Join an international team of coding and data experts.
- Influence enterprise adoption of advanced models like Llama in partnership with Scale AI and Meta.



Apply Now!",AI Jobs,https://www.linkedin.com/company/ai-jobss?trk=public_jobs_topcard-org-name,https://uk.linkedin.com/jobs/view/data-labeling-associate-remote-at-ai-jobs-4336309892?trk=public_jobs_topcard-title,2025-11-16 10:32:30,,,,"Proactive AI Expert with a strong background in developing and deploying AI-driven products, adept at evaluating and refining AI outputs for quality and user experience.
Successfully designed and deployed end-to-end AI-driven products for thousands of students, demonstrating a deep understanding of AI performance and user needs.
Proven analytical and problem-solving skills, including developing novel ML algorithms that delivered a 3x efficiency increase, directly applicable to critiquing complex AI reasoning.
Expert in Generative AI, with a keen eye for detail and a user-centric approach to developing professional-level prompts and evaluating LLM outputs.",
4336460308,Freelance AI Data Specialist (Remote),"- Role: Freelance AI Data Specialist
- Location: Ireland
- Compensation: Earn up to $10,000 Per Month



About the Role

Join a worldwide community of skilled professionals outsmarting AI with human creativity and analytical brilliance. As a Data Contributor, you will directly influence the quality and safety of cutting-edge language models, including collaborations with industry-standard partners.



Responsibilities

- Evaluate and rank outputs from large language models by reviewing reasoning, problem-solving, and response quality.
- Develop professional-level prompts and critique AI-generated content with user-centric thinking.
- Contribute to a variety of AI projects determined by your skill sets and expertise.



Requirements

- Bachelor’s degree or higher (or currently enrolled).
- Demonstrated analytical, problem-solving, and critical thinking skills.
- Clear and engaging writing style with attention to detail and technical precision.



Community & Growth

- Join an international team of coding and data experts.
- Influence enterprise adoption of advanced models like Llama in partnership with Scale AI and Meta.



Apply Now!",AI Jobs,https://www.linkedin.com/company/ai-jobss?trk=public_jobs_topcard-org-name,https://ie.linkedin.com/jobs/view/freelance-ai-data-specialist-remote-at-ai-jobs-4336460308?trk=public_jobs_topcard-title,2025-11-16 10:33:51,,,,"Highly analytical and entrepreneurial AI Expert with a proven track record in optimizing AI systems and developing cutting-edge solutions.
Delivered a 3x increase in efficiency by developing a novel ML/optimization algorithm, demonstrating strong analytical and problem-solving skills.
As Co-Founder/CTO, led the technical vision and development of a novel AI-driven Business Intelligence platform.
Designed and deployed end-to-end AI-driven products for thousands of students, showcasing expertise in Generative AI and critical evaluation of AI outputs.
Adept at developing professional-level prompts and critiquing AI-generated content with technical precision.",
4336410393,AI Content Evaluator (Remote),"- Role: AI Content Evaluator
- Location: Ireland
- Compensation: Earn up to $10,000 Per Month



About the Role

Join a worldwide community of skilled professionals outsmarting AI with human creativity and analytical brilliance. As a Data Contributor, you will directly influence the quality and safety of cutting-edge language models, including collaborations with industry-standard partners.



Responsibilities

- Evaluate and rank outputs from large language models by reviewing reasoning, problem-solving, and response quality.
- Develop professional-level prompts and critique AI-generated content with user-centric thinking.
- Contribute to a variety of AI projects determined by your skill sets and expertise.



Requirements

- Bachelor’s degree or higher (or currently enrolled).
- Demonstrated analytical, problem-solving, and critical thinking skills.
- Clear and engaging writing style with attention to detail and technical precision.



Community & Growth

- Join an international team of coding and data experts.
- Influence enterprise adoption of advanced models like Llama in partnership with Scale AI and Meta.



Apply Now!",AI Jobs,https://www.linkedin.com/company/ai-jobss?trk=public_jobs_topcard-org-name,https://ie.linkedin.com/jobs/view/ai-content-evaluator-remote-at-ai-jobs-4336410393?trk=public_jobs_topcard-title,2025-11-16 10:34:01,,,,"Highly analytical and entrepreneurial Data & AI Expert with a strong background in developing and deploying cutting-edge AI solutions.

Proven ability to design and deploy end-to-end AI-driven products, enhancing user experience for thousands and demonstrating a keen understanding of AI output quality and user-centric design. Developed a novel ML/optimization algorithm that delivered a 3x increase in efficiency, showcasing exceptional problem-solving and critical thinking skills essential for evaluating complex AI reasoning.

As Co-Founder/CTO, led the technical vision for an AI-driven Business Intelligence platform, gaining deep insight into AI system architecture and performance. Eager to apply expertise in Generative AI, Machine Learning, and analytical evaluation to critically assess and refine advanced language models.",
4336340698,AI Data Validator (Remote),"- Role: AI Data Validator
- Location: Ireland
- Compensation: Earn up to $10,000 Per Month



About the Role

Join a worldwide community of skilled professionals outsmarting AI with human creativity and analytical brilliance. As a Data Contributor, you will directly influence the quality and safety of cutting-edge language models, including collaborations with industry-standard partners.



Responsibilities

- Evaluate and rank outputs from large language models by reviewing reasoning, problem-solving, and response quality.
- Develop professional-level prompts and critique AI-generated content with user-centric thinking.
- Contribute to a variety of AI projects determined by your skill sets and expertise.



Requirements

- Bachelor’s degree or higher (or currently enrolled).
- Demonstrated analytical, problem-solving, and critical thinking skills.
- Clear and engaging writing style with attention to detail and technical precision.



Community & Growth

- Join an international team of coding and data experts.
- Influence enterprise adoption of advanced models like Llama in partnership with Scale AI and Meta.



Apply Now!",AI Jobs,https://www.linkedin.com/company/ai-jobss?trk=public_jobs_topcard-org-name,https://ie.linkedin.com/jobs/view/ai-data-validator-remote-at-ai-jobs-4336340698?trk=public_jobs_topcard-title,2025-11-16 10:33:53,,,,"AI Expert with a Master's in Mathematical Engineering, bringing a robust background in developing and deploying AI-driven products and algorithms.

Proven ability to critically evaluate complex AI systems, demonstrated by leading the technical vision for a novel AI-driven Business Intelligence platform and developing ML/optimization algorithms that delivered a 3x increase in efficiency.

Skilled in Generative AI, Machine Learning, and Data Architecture Design, with experience scaling data architectures for millions of users. Adept at problem-solving and analytical thinking, ensuring a keen eye for detail and technical precision in critiquing AI-generated content and enhancing the quality and safety of cutting-edge language models.",
4336500097,AI Language Model Reviewer (Remote),"- Role: AI Language Model Reviewer
- Location: Ireland
- Compensation: Earn up to $10,000 Per Month



About the Role

Join a worldwide community of skilled professionals outsmarting AI with human creativity and analytical brilliance. As a Data Contributor, you will directly influence the quality and safety of cutting-edge language models, including collaborations with industry-standard partners.



Responsibilities

- Evaluate and rank outputs from large language models by reviewing reasoning, problem-solving, and response quality.
- Develop professional-level prompts and critique AI-generated content with user-centric thinking.
- Contribute to a variety of AI projects determined by your skill sets and expertise.



Requirements

- Bachelor’s degree or higher (or currently enrolled).
- Demonstrated analytical, problem-solving, and critical thinking skills.
- Clear and engaging writing style with attention to detail and technical precision.



Community & Growth

- Join an international team of coding and data experts.
- Influence enterprise adoption of advanced models like Llama in partnership with Scale AI and Meta.



Apply Now!",AI Jobs,https://www.linkedin.com/company/ai-jobss?trk=public_jobs_topcard-org-name,https://ie.linkedin.com/jobs/view/ai-language-model-reviewer-remote-at-ai-jobs-4336500097?trk=public_jobs_topcard-title,2025-11-16 10:33:56,,,,"Highly analytical AI Expert with a strong engineering background, specializing in the development and deployment of AI-driven products and features. Proven ability to critically evaluate AI system performance and user experience, evidenced by enhancing learning experiences for thousands of students with AI solutions. My expertise in Generative AI, coupled with strong problem-solving and critical thinking skills, provides a robust foundation for assessing and refining large language model outputs and developing effective prompts.",
4336480242,Data Contributor (Remote),"- Role: Data Contributor
- Location: Ireland
- Compensation: Earn up to $10,000 Per Month



About the Role

Join a worldwide community of skilled professionals outsmarting AI with human creativity and analytical brilliance. As a Data Contributor, you will directly influence the quality and safety of cutting-edge language models, including collaborations with industry-standard partners.



Responsibilities

- Evaluate and rank outputs from large language models by reviewing reasoning, problem-solving, and response quality.
- Develop professional-level prompts and critique AI-generated content with user-centric thinking.
- Contribute to a variety of AI projects determined by your skill sets and expertise.



Requirements

- Bachelor’s degree or higher (or currently enrolled).
- Demonstrated analytical, problem-solving, and critical thinking skills.
- Clear and engaging writing style with attention to detail and technical precision.



Community & Growth

- Join an international team of coding and data experts.
- Influence enterprise adoption of advanced models like Llama in partnership with Scale AI and Meta.



Apply Now!",AI Jobs,https://www.linkedin.com/company/ai-jobss?trk=public_jobs_topcard-org-name,https://ie.linkedin.com/jobs/view/data-contributor-remote-at-ai-jobs-4336480242?trk=public_jobs_topcard-title,2025-11-16 10:34:34,,,,"Highly analytical Data & AI Expert with a strong engineering background, adept at developing and deploying AI-driven products that enhanced user experience for thousands of students. Proven ability to apply critical thinking and problem-solving to complex AI challenges, including developing a novel ML/optimization algorithm that delivered a 3x increase in efficiency. Experienced in evaluating and refining AI systems with a user-centric approach, making me well-suited to contribute to the quality and safety of cutting-edge language models.",
4336420345,LLM Data Quality Specialist (Remote),"- Role: LLM Data Quality Specialist
- Location: Ireland
- Compensation: Earn up to $10,000 Per Month



About the Role

Join a worldwide community of skilled professionals outsmarting AI with human creativity and analytical brilliance. As a Data Contributor, you will directly influence the quality and safety of cutting-edge language models, including collaborations with industry-standard partners.



Responsibilities

- Evaluate and rank outputs from large language models by reviewing reasoning, problem-solving, and response quality.
- Develop professional-level prompts and critique AI-generated content with user-centric thinking.
- Contribute to a variety of AI projects determined by your skill sets and expertise.



Requirements

- Bachelor’s degree or higher (or currently enrolled).
- Demonstrated analytical, problem-solving, and critical thinking skills.
- Clear and engaging writing style with attention to detail and technical precision.



Community & Growth

- Join an international team of coding and data experts.
- Influence enterprise adoption of advanced models like Llama in partnership with Scale AI and Meta.



Apply Now!",AI Jobs,https://www.linkedin.com/company/ai-jobss?trk=public_jobs_topcard-org-name,https://ie.linkedin.com/jobs/view/llm-data-quality-specialist-remote-at-ai-jobs-4336420345?trk=public_jobs_topcard-title,2025-11-16 10:36:34,,,,"Proactive and entrepreneurial Data & AI Expert with a strong engineering background, specializing in Generative AI and AI product development.

As Co-Founder/CTO, led the technical vision and development of a novel AI-driven Business Intelligence platform, focusing on robust AI-driven features.

Designed and deployed end-to-end AI products that enhanced the learning experience for thousands of students, demonstrating a user-centric approach to AI quality.

Developed a novel ML/optimization algorithm that delivered a 3x increase in efficiency, showcasing strong analytical, problem-solving, and critical thinking skills essential for evaluating complex AI outputs and ensuring data quality.",
4336470167,Data Quality Tester (Remote),"- Role: Data Quality Tester
- Location: Ireland
- Compensation: Earn up to $10,000 Per Month



About the Role

Join a worldwide community of skilled professionals outsmarting AI with human creativity and analytical brilliance. As a Data Contributor, you will directly influence the quality and safety of cutting-edge language models, including collaborations with industry-standard partners.



Responsibilities

- Evaluate and rank outputs from large language models by reviewing reasoning, problem-solving, and response quality.
- Develop professional-level prompts and critique AI-generated content with user-centric thinking.
- Contribute to a variety of AI projects determined by your skill sets and expertise.



Requirements

- Bachelor’s degree or higher (or currently enrolled).
- Demonstrated analytical, problem-solving, and critical thinking skills.
- Clear and engaging writing style with attention to detail and technical precision.



Community & Growth

- Join an international team of coding and data experts.
- Influence enterprise adoption of advanced models like Llama in partnership with Scale AI and Meta.



Apply Now!",AI Jobs,https://www.linkedin.com/company/ai-jobss?trk=public_jobs_topcard-org-name,https://ie.linkedin.com/jobs/view/data-quality-tester-remote-at-ai-jobs-4336470167?trk=public_jobs_topcard-title,2025-11-16 09:34:41,,,,"Proactive and entrepreneurial Data & AI Expert with a strong engineering background, specializing in enhancing AI product quality and performance. Proven for developing a novel ML/optimization algorithm that delivered a 3x increase in efficiency, demonstrating exceptional analytical and critical thinking skills crucial for evaluating complex AI outputs. Expert in Generative AI and AI product development, having designed and deployed end-to-end AI-driven solutions with a user-centric approach. Possesses a keen eye for detail and effective communication, honed through Co-Founder/CTO experience in technical vision and product strategy, ensuring high-quality AI outputs and precise prompt development.",
4336510113,AI Model Quality Evaluator (Remote),"- Role: AI Model Quality Evaluator
- Location: Ireland
- Compensation: Earn up to $10,000 Per Month



About the Role

Join a worldwide community of skilled professionals outsmarting AI with human creativity and analytical brilliance. As a Data Contributor, you will directly influence the quality and safety of cutting-edge language models, including collaborations with industry-standard partners.



Responsibilities

- Evaluate and rank outputs from large language models by reviewing reasoning, problem-solving, and response quality.
- Develop professional-level prompts and critique AI-generated content with user-centric thinking.
- Contribute to a variety of AI projects determined by your skill sets and expertise.



Requirements

- Bachelor’s degree or higher (or currently enrolled).
- Demonstrated analytical, problem-solving, and critical thinking skills.
- Clear and engaging writing style with attention to detail and technical precision.



Community & Growth

- Join an international team of coding and data experts.
- Influence enterprise adoption of advanced models like Llama in partnership with Scale AI and Meta.



Apply Now!",AI Jobs,https://www.linkedin.com/company/ai-jobss?trk=public_jobs_topcard-org-name,https://ie.linkedin.com/jobs/view/ai-model-quality-evaluator-remote-at-ai-jobs-4336510113?trk=public_jobs_topcard-title,2025-11-16 10:36:05,,,,"Highly analytical AI expert with Co-Founder/CTO experience in leading the development of novel, AI-driven platforms and features.
Proven ability to evaluate and enhance AI systems, demonstrated by designing and deploying end-to-end AI-driven products for thousands of users.
Adept at leveraging Generative AI knowledge, critical thinking, and a strong analytical background to assess and refine complex AI outputs.
Developed novel ML/optimization algorithms, delivering a 3x increase in efficiency, and possesses a keen eye for detail in product strategy and user-centric design.",
4336440321,Data Labeling Associate (Remote),"- Role: Data Labeling Associate
- Location: Ireland
- Compensation: Earn up to $10,000 Per Month



About the Role

Join a worldwide community of skilled professionals outsmarting AI with human creativity and analytical brilliance. As a Data Contributor, you will directly influence the quality and safety of cutting-edge language models, including collaborations with industry-standard partners.



Responsibilities

- Evaluate and rank outputs from large language models by reviewing reasoning, problem-solving, and response quality.
- Develop professional-level prompts and critique AI-generated content with user-centric thinking.
- Contribute to a variety of AI projects determined by your skill sets and expertise.



Requirements

- Bachelor’s degree or higher (or currently enrolled).
- Demonstrated analytical, problem-solving, and critical thinking skills.
- Clear and engaging writing style with attention to detail and technical precision.



Community & Growth

- Join an international team of coding and data experts.
- Influence enterprise adoption of advanced models like Llama in partnership with Scale AI and Meta.



Apply Now!",AI Jobs,https://www.linkedin.com/company/ai-jobss?trk=public_jobs_topcard-org-name,https://ie.linkedin.com/jobs/view/data-labeling-associate-remote-at-ai-jobs-4336440321?trk=public_jobs_topcard-title,2025-11-16 10:35:07,,,,"Proactive AI Expert with a strong engineering background, adept at enhancing AI efficiency and quality.
Successfully developed a novel ML/optimization algorithm that delivered a 3x increase in efficiency, demonstrating strong analytical and problem-solving capabilities.
Proven experience in designing and deploying end-to-end AI-driven products for thousands of users, ensuring high-quality outputs and user-centric experiences.
Expert in Generative AI, with a keen ability to evaluate, critique, and refine AI-generated content and develop professional-level prompts.
Combines critical thinking, technical precision, and an entrepreneurial mindset to directly influence the quality and safety of cutting-edge language models.",
4322792466,Full-Stack Web Developer on Lovable (React / TypeScript / Supabase),"We are seeking a skilled web developer that will help us quick start our website MVP on Lovable (AI platform). We might decide later to whether stay in the platform on move to another environment. The ideal candidate will have a strong background in web development and have experience using AI web development apps



Deliverables

- Develop and maintain websites using Lovable
- Ensure responsive design and cross-browser compatibility
- Optimize UX
- Optimize website performance and speed
- Help us with SEO



Tech Stack for Lovable.dev: React + TypeScript + Vite + Tailwind on the front, Supabase (Postgres) on the back.

",CloserMed,https://www.linkedin.com/company/closermed?trk=public_jobs_topcard-org-name,https://fr.linkedin.com/jobs/view/full-stack-web-developer-on-lovable-react-typescript-supabase-at-closermed-4322792466?trk=public_jobs_topcard-title,2025-11-16 07:20:23,,,,"Entrepreneurial Co-Founder & CTO with a strong engineering background, adept at rapidly launching AI-driven platforms and products.
Led the technical vision and development of a novel Business Intelligence platform, encompassing core data architecture and AI-driven features.
Proven experience in developing and deploying end-to-end AI products that enhanced user experience for thousands of students.
Skilled in designing and scaling robust data architectures to support millions of users, ensuring high availability and performance.
Eager to leverage a proactive mindset and expertise in AI product development to quickly deliver high-impact web solutions.",
4322952415,Full-Stack Web Developer on Lovable (React / TypeScript / Supabase),"We are seeking a skilled web developer that will help us quick start our website MVP on Lovable (AI platform). We might decide later to whether stay in the platform on move to another environment. The ideal candidate will have a strong background in web development and have experience using AI web development apps



Deliverables

- Develop and maintain websites using Lovable
- Ensure responsive design and cross-browser compatibility
- Optimize UX
- Optimize website performance and speed
- Help us with SEO



Tech Stack for Lovable.dev: React + TypeScript + Vite + Tailwind on the front, Supabase (Postgres) on the back.

",CloserMed,https://www.linkedin.com/company/closermed?trk=public_jobs_topcard-org-name,https://se.linkedin.com/jobs/view/full-stack-web-developer-on-lovable-react-typescript-supabase-at-closermed-4322952415?trk=public_jobs_topcard-title,2025-11-16 07:37:31,,,,"Entrepreneurial Data & AI Expert with a strong engineering background, adept at leading the development of AI-driven platforms and quick-starting MVPs.
As Co-Founder/CTO, I led the technical vision and development of a novel AI-driven Business Intelligence platform.
Proven in developing and deploying end-to-end AI-driven products that enhanced user experience for thousands of students.
Skilled in designing and scaling robust data architectures for millions of users, ensuring high availability and performance.
A proactive Software Engineer with an entrepreneurial mindset, I am ready to leverage AI web development apps to rapidly deliver high-impact web solutions.",
4322742724,Full-Stack Web Developer on Lovable (React / TypeScript / Supabase),"We are seeking a skilled web developer that will help us quick start our website MVP on Lovable (AI platform). We might decide later to whether stay in the platform on move to another environment. The ideal candidate will have a strong background in web development and have experience using AI web development apps



Deliverables

- Develop and maintain websites using Lovable
- Ensure responsive design and cross-browser compatibility
- Optimize UX
- Optimize website performance and speed
- Help us with SEO



Tech Stack for Lovable.dev: React + TypeScript + Vite + Tailwind on the front, Supabase (Postgres) on the back.

",CloserMed,https://www.linkedin.com/company/closermed?trk=public_jobs_topcard-org-name,https://uk.linkedin.com/jobs/view/full-stack-web-developer-on-lovable-react-typescript-supabase-at-closermed-4322742724?trk=public_jobs_topcard-title,2025-11-16 07:31:26,,,,"Entrepreneurial Data & AI Expert with a strong engineering background, adept at leading the development of AI-driven platforms and quick-starting MVPs.
As Co-Founder/CTO, I led the technical vision and development of a novel AI-driven Business Intelligence platform.
Proven in developing and deploying end-to-end AI-driven products that enhanced user experience for thousands of students.
Skilled in designing and scaling robust data architectures for millions of users, ensuring high availability and performance.
A proactive Software Engineer with an entrepreneurial mindset, I am ready to leverage AI web development apps to rapidly deliver high-impact web solutions.",
4336372773,Data Stewardship & Reporting Lead,"Position: Data Stewardship & Reporting

Location: Madrid, Spain (Remote)

Duration: Long term contract



• Drive data stewardship/customer-facing reporting services in Spain:

- Partner with data providers, Digital, and other platform parties as needed

- Lead requirements & change management for reporting solutions, including significant change events (e.g., new approvals, launches) and emerging needs based on regular business dynamics. Request field input via focus groups or other feedback mechanisms, where applicable

• Lead data quality and compliance for HCP customer-facing reporting:

- Develop strategies to ensure continued data quality. Ensure all colleagues and contractors are Pfizer compliant

- Develop core KPIs, quality frameworks, and monitor/track service delivery and inputs into overall goals

• Exercise independent judgment to improve service delivery through increases in efficiency and scale:

- Identify needs for innovation or operational support. Takes appropriate/compliant risks to advance innovative processes and methodologies for moderately complex problems

- Drive transformation: standardization, optimization, and automation towards higher efficiency, better service quality, and faster solution provisioning

• Define priorities and allocates resources to drive efficient and effective client engagement",Cygnus Professionals Inc.,https://www.linkedin.com/company/cygnus-professionals-inc-?trk=public_jobs_topcard-org-name,https://es.linkedin.com/jobs/view/data-stewardship-reporting-lead-at-cygnus-professionals-inc-4336372773?trk=public_jobs_topcard-title,2025-11-17 04:43:51,Raj Raj,https://in.linkedin.com/in/raj-raj-a150a1227,,,"Hi Raj,

I noticed your search for a Data Stewardship & Reporting Lead. As a freelance AI & Data Engineer, I specialize in immediately addressing complex data challenges, not full-time roles.

My background includes scaling data architectures for millions of users and developing algorithms that delivered a 3x efficiency increase, directly relevant to your data quality, optimization, and transformation goals. I've also led technical vision and product strategy as a CTO.

I'd be keen to discuss how I could help accelerate your data stewardship and reporting objectives on a contract basis. Would you be open to a brief call next week?"
4320973867,Java Developer,"Department: Technology

Location: Malta

- Platform Development and Maintenance: Enhance and maintain the platform, focusing on Servlets, JSP, Filters, and their lifecycles, as well as integrations.
- DevOps & CI/CD Mindset: Adopt a DevOps philosophy by promoting small, frequent releases and continuous improvement through feedback loops. Collaborate with the Java Tech Lead to establish and maintain CI/CD pipelines and automation.
- Component-Based Design: Build reusable, modular components and libraries to support efficient development and maintainability across different brands.
- Third-Level Support: Investigate and resolve production incidents, provide hotfixes, and ensure timely solutions for customer issues.
- Collaboration: Work closely with the Java Tech Lead, Product Owner, and other devs to ensure new features or platform adaptations meet functional and technical requirements.
- Testing & Quality: Focus on quality through automated testing, ensuring reliable, high-performance code. Implement unit, integration, and end-to-end testing.
- Feedback Loops: Regularly gather and incorporate feedback from stakeholders, end-users, and internal teams to iteratively improve the product.
- API Integration: Work with service providers to build or adapt APIs and integrate third-party services into the PAM.
- Documentation: Create clear, concise technical documentation to ensure maintainability and facilitate onboarding for new team members.
- OnCall rotation availability.

- 4 years in Java with solid understanding of OOP , design patterns , and multithreading .
- Hands-on experience building scalable web applications using Spring and Struts frameworks.
- Skilled in RESTful API design and integration, ensuring secure and efficient communication between systems.
- Proficient in SQL and MySQL , including query optimization and database performance tuning.
- Familiar with Servlets , JSP , and Filters for server-side application management.
- Experienced with Maven/Gradle and CI/CD pipelines for streamlined build and deployment processes.
- Advanced use of Git for version control, branching, and collaborative workflows.
- Strong focus on performance optimization , testing , debugging , and secure coding practices .",Gaming Innovation Group,https://mt.linkedin.com/company/gig-gaming-innovation-group?trk=public_jobs_topcard-org-name,https://es.linkedin.com/jobs/view/java-developer-at-gaming-innovation-group-4320973867?trk=public_jobs_topcard-title,2025-11-17 03:24:49,,,,"Proactive Software Engineer with a strong engineering background and a proven track record in building and scaling robust, high-performance systems. Successfully scaled data architectures to support millions of users and designed new data architectures from the ground up. Developed novel algorithms that delivered a 3x increase in efficiency, demonstrating a strong focus on performance optimization. Experienced in end-to-end product development, with a keen eye for maintainability and quality. Eager to leverage expertise in scalable solutions and problem-solving to enhance platform development and integrate complex APIs.",
4341320406,Senior Quant Developer (Python) - Fully Remote - London - Up To £700 Per Day,"Role : Quant Developer (Python)

Location : London (Remote)

Client : Fintech Firm



Senior Quant Developer

Join a leading global financial technology firm at the forefront of innovation in electronic trading. This is an opportunity to work within a dynamic, collaborative environment where technology and data-driven insights are used to shape the future of financial markets. As a Senior Quant Developer, you’ll play a key role in building and optimizing trading systems across multiple asset classes — from equities to fixed income and futures — ensuring high performance, reliability, and scalability in a fast-paced trading environment.



Who You Are:

- A hands-on problem solver who thrives in fast-moving, production-critical environments.
- Passionate about financial markets and experienced in quantitative development.
- A strong communicator who can collaborate effectively across technology and trading teams.
- Comfortable taking ownership of issues and driving them to resolution.
- Curious, analytical, and always looking for ways to optimize performance and efficiency.



What’s Required:

- Proven experience as a Quant Developer, ideally within equities, fixed income, or futures.
- Strong Python development skills with a focus on pricing and analytics.
- Experience with Kafka, Docker and Kubernetes.
- Familiarity with Snowflake or other cloud-based database solutions.
- Willingness to support and troubleshoot production systems in real time.



If this sounds like you please don't hesitate to get in touch!",Hunter Bond,https://uk.linkedin.com/company/hunter-bond?trk=public_jobs_topcard-org-name,https://uk.linkedin.com/jobs/view/senior-quant-developer-python-fully-remote-london-up-to-%C2%A3700-per-day-at-hunter-bond-4341320406?trk=public_jobs_topcard-title,2025-11-16 17:29:51,Gus Upchurch,https://uk.linkedin.com/in/gus-upchurch-263802321,,,"Hi Gus, I saw your opening for a Senior Quant Developer. While my expertise lies more in AI and Data Engineering than quantitative finance, I operate as a freelance expert focused on immediate problem-solving.
I've scaled data architectures for millions of users and developed ML/optimization algorithms that delivered a 3x efficiency increase.
If you're facing urgent challenges in data infrastructure or AI-driven optimization, I'd welcome a brief chat to explore how I can provide rapid, impactful solutions."
4265590141,Norwegian Language Specialist - AI Trainer,,Invisible Expert Marketplace,https://www.linkedin.com/company/invisible-expert-marketplace?trk=public_jobs_topcard-org-name,https://no.linkedin.com/jobs/view/norwegian-language-specialist-ai-trainer-at-invisible-expert-marketplace-4265590141?trk=public_jobs_topcard-title,2025-11-16 13:38:38,,,,"Highly accomplished AI expert with a proven track record in developing and deploying advanced AI-driven products and algorithms. As Co-Founder/CTO, led the technical vision for a novel AI-driven Business Intelligence platform. Designed and deployed end-to-end AI solutions that enhanced the learning experience for thousands of students, and developed a novel ML/optimization algorithm that delivered a 3x increase in efficiency. Possesses deep expertise in Machine Learning, Generative AI, and data architecture, making me adept at training, evaluating, and optimizing AI models for performance and impact.",
4340950469,Generative AI Data | Human Expert,"Lightly AG is an ETH and HSG spin-off pioneering in machine learning and computer vision. Backed by Y Combinator and top-tier investors, our technology is used by global leaders in autonomous driving, medical imaging, and visual inspection.

We are hiring contributors for flexible freelance projects - students are welcome, non students are welcome. You will help evaluate Generative AI outputs in multiple formats, label and create data, and test AI applications.

This is a great opportunity for both students and experts who wants to gain hands-on experience in AI development while making a real impact.

Flexible freelance work across evaluation, data creation, and tool testing

In this role, you will

- Review AI multimodal outputs for quality and adherence to simple guidelines.
- Judge clarity, tone, and context in the target language.
- Check that generated content is relevant to the task across different topics.
- Spot issues or gaps, note straightforward improvements.
- Label or create small example sets when needed.
- Try basic workflows or tools, share short feedback.
- Keep clean records, follow instructions, meet timelines.

You are a strong candidate if you

- Are fluent in one or more languages, English is the only required language.
- Show careful attention to detail and apply guidelines consistently.
- Are comfortable using AI tools and basic prompting.
- Bring interest or experience in technical, business, creative, or educational topics, nice to have but not required.
- Are a student or an independent freelancer, both are welcome.
- Have flexible availability.
- Hold a valid work permit for Switzerland.

Do not meet every single item? That is okay. At Lightly we value potential and learning, if this work excites you, please apply.

- Opportunity to work in a fast-paced, tech-driven environment.
- Career growth opportunities in a growing field of AI development and machine learning.
- Flexible work hours and remote work options.

Send us your CV, certificate of your highest degree (Bachelor, Master or similar) and a short note about why this role excites you. If you’ve handled similar tasks before, we’d love to hear specific examples.

We look forward to hearing from you!",Lightly,https://ch.linkedin.com/company/lightly-tech?trk=public_jobs_topcard-org-name,https://ch.linkedin.com/jobs/view/generative-ai-data-human-expert-at-lightly-4340950469?trk=public_jobs_topcard-title,2025-11-16 16:19:01,,,,"Proactive and entrepreneurial Data & AI Expert with a strong engineering background, adept at evaluating and refining Generative AI outputs. As Co-Founder/CTO, I've led the technical vision and development of novel AI-driven platforms, and at Docsity, I successfully designed and deployed AI products enhancing the learning experience for thousands of students. My deep understanding of AI product development, coupled with a proven ability to identify issues and drive improvements, ensures meticulous quality assessment and impactful feedback for AI applications.",
4336342501,Java Developer Tech Lead,"At Lumenalta, we create impactful software solutions that drive innovation and transform businesses. Since 2000, we’ve partnered with visionary leaders to build cutting-edge tech, solve complex challenges, and deliver results faster through our elite teams and tech-driven approach. Join us in shaping the future of technology.



Experience Remote done Right. Over 20 years of remote experience, all 500+ staff are 100% remote and we still grow vibrant relationships, provide exceptional opportunities for career growth while working with stellar clients on ambitious projects



What we're working on:

Enterprise companies turn to us to help them launch innovative digital products that interact with hundreds of millions of customers, transactions and data points. The problems we solve every day are real and require creativity, grit and determination. We are building a culture that challenges norms while fostering experimentation and personal growth. In order to grasp the scale of problems we face, ideally, you have some exposure to Logistics, FinTech, Transportation, Insurance, Media or other complex multifactor industries



Requirements

- 10+ years of experience (technical assessment will be required)
- Experience with the Financial Industry
- Senior-level experience with Java 17, Kafka, Spring Boot, Spring REST, Spring Data, Spring AOP
- Hands-on experience of working with AWS cloud technologies, e.g. ECS for Kubernetes, EC2, Elastic Container Registry, Lambda, ELB, S3, EFS, SQS, SES, API Gateway, ElastiCache, RDS, DynamoDB, Redshift
- English fluency, verbal and written
- Professional, empathic, team player
- Problem solver, proactive, go-getter



Why Lumenalta is an amazing place to work at

At Lumenalta, you can expect that you will:

- Be 100% dedicated to one project at a time so that you can innovate and grow.
- Be a part of a team of talented and friendly senior-level developers.
- Work on projects that allow you to use leading tech.



The result? We produce meaningful outcomes for our clients that break barriers in their industries.



The Job is 100% remote; please ensure you have a comfortable office setup at your desired work location.



Lumenalta is committed to hiring exceptional talent from a wide variety of diverse backgrounds. If you share our values and enthusiasm for digital transformation, we encourage you to apply



This is a fully remote position open to candidates based in Europe or regions with compatible time zones . To ensure effective collaboration with our client and team, candidates must maintain a 6-hour overlap with Eastern U.S. business hours .



This is an evergreen opening with no set deadline; we’re always excited to connect with professionals who want to help us build the future",Lumenalta,https://www.linkedin.com/company/lumenalta?trk=public_jobs_topcard-org-name,https://pt.linkedin.com/jobs/view/java-developer-tech-lead-at-lumenalta-4336342501?trk=public_jobs_topcard-title,2025-11-17 02:27:01,,,,"Entrepreneurial Co-Founder & CTO with a proven track record of leading the technical vision and development of novel, AI-driven Business Intelligence platforms.
Expert in scaling robust data architectures to support millions of users and designing end-to-end AI products that enhance user experience for thousands.
Developed innovative ML/optimization algorithms, delivering a 3x increase in efficiency for complex engineering processes.
Adept at solving intricate challenges, driving impactful digital transformation, and building data architectures from the ground up for high-volume, enterprise environments.
Possesses a proactive, problem-solving mindset crucial for shaping cutting-edge technology solutions and delivering results faster.",
4336332352,Java Developer Senior,"At Lumenalta, we create impactful software solutions that drive innovation and transform businesses. Since 2000, we’ve partnered with visionary leaders to build cutting-edge tech, solve complex challenges, and deliver results faster through our elite teams and tech-driven approach. Join us in shaping the future of technology.



What we're working on:

Enterprise companies turn to us to help them launch innovative digital products that interact with hundreds of millions of customers, transactions and data points. The problems we solve every day are real and require creativity, grit and determination. We are building a culture that challenges norms while fostering experimentation and personal growth. In order to grasp the scale of problems we face, ideally, you have some exposure to Logistics, FinTech, Transportation, Insurance, Media or other complex multifactor industries



Requirements

- 7+ years of experience (technical assessment will be required)
- Experience with the Financial Industry
- Senior-level experience with Java 17, Kafka, Spring Boot, Spring REST, Spring Data, Spring AOP
- Hands-on experience of working with AWS cloud technologies, e.g. ECS for Kubernetes, EC2, Elastic Container Registry, Lambda, ELB, S3, EFS, SQS, SES, API Gateway, ElastiCache, RDS, DynamoDB, Redshift
- English fluency, verbal and written
- Professional, empathic, team player
- Problem solver, proactive, go-getter



This is a fully remote position open to candidates based in Europe or regions with compatible time zones . To ensure effective collaboration with our client and team, candidates must maintain a 6-hour overlap with Eastern U.S. business hours .



This is an evergreen opening with no set deadline; we’re always excited to connect with professionals who want to help us build the future",Lumenalta,https://www.linkedin.com/company/lumenalta?trk=public_jobs_topcard-org-name,https://pt.linkedin.com/jobs/view/java-developer-senior-at-lumenalta-4336332352?trk=public_jobs_topcard-title,2025-11-17 02:27:03,,,,"Highly impactful Data & AI expert with a strong engineering background, specializing in designing and scaling robust data architectures for enterprise-level solutions supporting millions of users. Proven ability to drive innovation and efficiency, including developing a novel ML/optimization algorithm that delivered a 3x increase in team efficiency.

As Co-Founder/CTO, I've led technical vision, product strategy, and the development of AI-driven platforms, demonstrating a proactive and problem-solving approach to complex challenges and high-volume data environments. My experience in building cutting-edge tech and delivering significant business impact aligns with shaping the future of technology.",
4336442126,Java Developer Tech Lead,"At Lumenalta, we create impactful software solutions that drive innovation and transform businesses. Since 2000, we’ve partnered with visionary leaders to build cutting-edge tech, solve complex challenges, and deliver results faster through our elite teams and tech-driven approach. Join us in shaping the future of technology.



Experience Remote done Right. Over 20 years of remote experience, all 500+ staff are 100% remote and we still grow vibrant relationships, provide exceptional opportunities for career growth while working with stellar clients on ambitious projects



What we're working on:

Enterprise companies turn to us to help them launch innovative digital products that interact with hundreds of millions of customers, transactions and data points. The problems we solve every day are real and require creativity, grit and determination. We are building a culture that challenges norms while fostering experimentation and personal growth. In order to grasp the scale of problems we face, ideally, you have some exposure to Logistics, FinTech, Transportation, Insurance, Media or other complex multifactor industries



Requirements

- 10+ years of experience (technical assessment will be required)
- Experience with the Financial Industry
- Senior-level experience with Java 17, Kafka, Spring Boot, Spring REST, Spring Data, Spring AOP
- Hands-on experience of working with AWS cloud technologies, e.g. ECS for Kubernetes, EC2, Elastic Container Registry, Lambda, ELB, S3, EFS, SQS, SES, API Gateway, ElastiCache, RDS, DynamoDB, Redshift
- English fluency, verbal and written
- Professional, empathic, team player
- Problem solver, proactive, go-getter



Why Lumenalta is an amazing place to work at

At Lumenalta, you can expect that you will:

- Be 100% dedicated to one project at a time so that you can innovate and grow.
- Be a part of a team of talented and friendly senior-level developers.
- Work on projects that allow you to use leading tech.



The result? We produce meaningful outcomes for our clients that break barriers in their industries.



The Job is 100% remote; please ensure you have a comfortable office setup at your desired work location.



Lumenalta is committed to hiring exceptional talent from a wide variety of diverse backgrounds. If you share our values and enthusiasm for digital transformation, we encourage you to apply



This is a fully remote position open to candidates based in Europe or regions with compatible time zones . To ensure effective collaboration with our client and team, candidates must maintain a 6-hour overlap with Eastern U.S. business hours .



This is an evergreen opening with no set deadline; we’re always excited to connect with professionals who want to help us build the future",Lumenalta,https://www.linkedin.com/company/lumenalta?trk=public_jobs_topcard-org-name,https://es.linkedin.com/jobs/view/java-developer-tech-lead-at-lumenalta-4336442126?trk=public_jobs_topcard-title,2025-11-17 02:24:53,,,,"Highly impactful Engineering Leader and Co-Founder/CTO with a robust background in designing, building, and scaling complex data architectures for millions of users. Proven ability to lead technical vision and deliver innovative software solutions, including a novel AI-driven Business Intelligence platform and end-to-end AI products for thousands. Expert in developing advanced ML/optimization algorithms that delivered a 3x efficiency increase. Brings a proactive, problem-solving, and entrepreneurial approach to driving significant business outcomes and tackling intricate enterprise-level challenges through robust system design and scalable solutions.",
4336531777,Java Developer Tech Lead,"At Lumenalta, we create impactful software solutions that drive innovation and transform businesses. Since 2000, we’ve partnered with visionary leaders to build cutting-edge tech, solve complex challenges, and deliver results faster through our elite teams and tech-driven approach. Join us in shaping the future of technology.



Experience Remote done Right. Over 20 years of remote experience, all 500+ staff are 100% remote and we still grow vibrant relationships, provide exceptional opportunities for career growth while working with stellar clients on ambitious projects



What we're working on:

Enterprise companies turn to us to help them launch innovative digital products that interact with hundreds of millions of customers, transactions and data points. The problems we solve every day are real and require creativity, grit and determination. We are building a culture that challenges norms while fostering experimentation and personal growth. In order to grasp the scale of problems we face, ideally, you have some exposure to Logistics, FinTech, Transportation, Insurance, Media or other complex multifactor industries



Requirements

- 10+ years of experience (technical assessment will be required)
- Experience with the Financial Industry
- Senior-level experience with Java 17, Kafka, Spring Boot, Spring REST, Spring Data, Spring AOP
- Hands-on experience of working with AWS cloud technologies, e.g. ECS for Kubernetes, EC2, Elastic Container Registry, Lambda, ELB, S3, EFS, SQS, SES, API Gateway, ElastiCache, RDS, DynamoDB, Redshift
- English fluency, verbal and written
- Dutch fluency, verbal and written
- Professional, empathic, team player
- Problem solver, proactive, go-getter



Why Lumenalta is an amazing place to work at

At Lumenalta, you can expect that you will:

- Be 100% dedicated to one project at a time so that you can innovate and grow.
- Be a part of a team of talented and friendly senior-level developers.
- Work on projects that allow you to use leading tech.



The result? We produce meaningful outcomes for our clients that break barriers in their industries.



The Job is 100% remote; please ensure you have a comfortable office setup at your desired work location.



Lumenalta is committed to hiring exceptional talent from a wide variety of diverse backgrounds. If you share our values and enthusiasm for digital transformation, we encourage you to apply



This is a fully remote position open to candidates based in Europe or regions with compatible time zones . To ensure effective collaboration with our client and team, candidates must maintain a 6-hour overlap with Eastern U.S. business hours .



This is an evergreen opening with no set deadline; we’re always excited to connect with professionals who want to help us build the future",Lumenalta,https://www.linkedin.com/company/lumenalta?trk=public_jobs_topcard-org-name,https://nl.linkedin.com/jobs/view/java-developer-tech-lead-at-lumenalta-4336531777?trk=public_jobs_topcard-title,2025-11-17 02:28:11,,,,"Entrepreneurial Co-Founder & CTO with a proven track record in leading technical vision and delivering high-impact software solutions. Expert in designing and scaling robust data architectures to support millions of users and complex data points, aligning with enterprise-level challenges.

Successfully developed and deployed novel AI-driven products and optimization algorithms, including one that delivered a 3x efficiency increase. Adept at driving innovation, solving complex problems, and managing end-to-end product development, demonstrating strong leadership and a proactive approach to technology transformation.",
4336362317,Java Developer Senior,"At Lumenalta, we create impactful software solutions that drive innovation and transform businesses. Since 2000, we’ve partnered with visionary leaders to build cutting-edge tech, solve complex challenges, and deliver results faster through our elite teams and tech-driven approach. Join us in shaping the future of technology.



What we're working on:

Enterprise companies turn to us to help them launch innovative digital products that interact with hundreds of millions of customers, transactions and data points. The problems we solve every day are real and require creativity, grit and determination. We are building a culture that challenges norms while fostering experimentation and personal growth. In order to grasp the scale of problems we face, ideally, you have some exposure to Logistics, FinTech, Transportation, Insurance, Media or other complex multifactor industries



Requirements

- 7+ years of experience (technical assessment will be required)
- Experience with the Financial Industry
- Senior-level experience with Java 17, Kafka, Spring Boot, Spring REST, Spring Data, Spring AOP
- Hands-on experience of working with AWS cloud technologies, e.g. ECS for Kubernetes, EC2, Elastic Container Registry, Lambda, ELB, S3, EFS, SQS, SES, API Gateway, ElastiCache, RDS, DynamoDB, Redshift
- English fluency, verbal and written
- Dutch fluency, verbal and written
- Professional, empathic, team player
- Problem solver, proactive, go-getter



This is a fully remote position open to candidates based in Europe or regions with compatible time zones . To ensure effective collaboration with our client and team, candidates must maintain a 6-hour overlap with Eastern U.S. business hours .



This is an evergreen opening with no set deadline; we’re always excited to connect with professionals who want to help us build the future",Lumenalta,https://www.linkedin.com/company/lumenalta?trk=public_jobs_topcard-org-name,https://nl.linkedin.com/jobs/view/java-developer-senior-at-lumenalta-4336362317?trk=public_jobs_topcard-title,2025-11-17 01:28:09,,,,"Proactive and entrepreneurial Data & AI Expert with a strong engineering background, adept at solving complex challenges and delivering high-impact software solutions.
Successfully scaled robust data architectures to support millions of users and designed innovative data systems from the ground up, ensuring high availability and performance for critical operations.
As Co-Founder/CTO, led the technical vision and development of a novel AI-driven Business Intelligence platform, demonstrating expertise in building cutting-edge digital products from concept to deployment.
Proven ability to drive innovation and efficiency, developing and deploying advanced machine learning and optimization algorithms that achieved a 3x increase in team efficiency.
Skilled in end-to-end AI product development, enhancing user experiences for thousands through data-driven insights and strategic product management.
A problem solver with an entrepreneurial mindset, consistently delivering results in fast-paced, high-growth environments.",
4336521868,Java Developer Senior,"At Lumenalta, we create impactful software solutions that drive innovation and transform businesses. Since 2000, we’ve partnered with visionary leaders to build cutting-edge tech, solve complex challenges, and deliver results faster through our elite teams and tech-driven approach. Join us in shaping the future of technology.



What we're working on:

Enterprise companies turn to us to help them launch innovative digital products that interact with hundreds of millions of customers, transactions and data points. The problems we solve every day are real and require creativity, grit and determination. We are building a culture that challenges norms while fostering experimentation and personal growth. In order to grasp the scale of problems we face, ideally, you have some exposure to Logistics, FinTech, Transportation, Insurance, Media or other complex multifactor industries



Requirements

- 7+ years of experience (technical assessment will be required)
- Experience with the Financial Industry
- Senior-level experience with Java 17, Kafka, Spring Boot, Spring REST, Spring Data, Spring AOP
- Hands-on experience of working with AWS cloud technologies, e.g. ECS for Kubernetes, EC2, Elastic Container Registry, Lambda, ELB, S3, EFS, SQS, SES, API Gateway, ElastiCache, RDS, DynamoDB, Redshift
- English fluency, verbal and written
- Professional, empathic, team player
- Problem solver, proactive, go-getter



This is a fully remote position open to candidates based in Europe or regions with compatible time zones . To ensure effective collaboration with our client and team, candidates must maintain a 6-hour overlap with Eastern U.S. business hours .



This is an evergreen opening with no set deadline; we’re always excited to connect with professionals who want to help us build the future",Lumenalta,https://www.linkedin.com/company/lumenalta?trk=public_jobs_topcard-org-name,https://ie.linkedin.com/jobs/view/java-developer-senior-at-lumenalta-4336521868?trk=public_jobs_topcard-title,2025-11-17 01:35:27,,,,"Highly impactful Data & AI expert with a strong engineering background, specializing in designing and scaling robust data architectures for enterprise-level solutions supporting millions of users. Proven ability to drive innovation and efficiency, including developing a novel ML/optimization algorithm that delivered a 3x increase in team efficiency.

As Co-Founder/CTO, I've led technical vision, product strategy, and the development of AI-driven platforms, demonstrating a proactive and problem-solving approach to complex challenges and high-volume data environments. My experience in building cutting-edge tech and delivering significant business impact aligns with shaping the future of technology.",
4336452150,Java Developer Tech Lead,"At Lumenalta, we create impactful software solutions that drive innovation and transform businesses. Since 2000, we’ve partnered with visionary leaders to build cutting-edge tech, solve complex challenges, and deliver results faster through our elite teams and tech-driven approach. Join us in shaping the future of technology.



Experience Remote done Right. Over 20 years of remote experience, all 500+ staff are 100% remote and we still grow vibrant relationships, provide exceptional opportunities for career growth while working with stellar clients on ambitious projects



What we're working on:

Enterprise companies turn to us to help them launch innovative digital products that interact with hundreds of millions of customers, transactions and data points. The problems we solve every day are real and require creativity, grit and determination. We are building a culture that challenges norms while fostering experimentation and personal growth. In order to grasp the scale of problems we face, ideally, you have some exposure to Logistics, FinTech, Transportation, Insurance, Media or other complex multifactor industries



Requirements

- 10+ years of experience (technical assessment will be required)
- Experience with the Financial Industry
- Senior-level experience with Java 17, Kafka, Spring Boot, Spring REST, Spring Data, Spring AOP
- Hands-on experience of working with AWS cloud technologies, e.g. ECS for Kubernetes, EC2, Elastic Container Registry, Lambda, ELB, S3, EFS, SQS, SES, API Gateway, ElastiCache, RDS, DynamoDB, Redshift
- English fluency, verbal and written
- Professional, empathic, team player
- Problem solver, proactive, go-getter



Why Lumenalta is an amazing place to work at

At Lumenalta, you can expect that you will:

- Be 100% dedicated to one project at a time so that you can innovate and grow.
- Be a part of a team of talented and friendly senior-level developers.
- Work on projects that allow you to use leading tech.



The result? We produce meaningful outcomes for our clients that break barriers in their industries.



The Job is 100% remote; please ensure you have a comfortable office setup at your desired work location.



Lumenalta is committed to hiring exceptional talent from a wide variety of diverse backgrounds. If you share our values and enthusiasm for digital transformation, we encourage you to apply



This is a fully remote position open to candidates based in Europe or regions with compatible time zones . To ensure effective collaboration with our client and team, candidates must maintain a 6-hour overlap with Eastern U.S. business hours .



This is an evergreen opening with no set deadline; we’re always excited to connect with professionals who want to help us build the future",Lumenalta,https://www.linkedin.com/company/lumenalta?trk=public_jobs_topcard-org-name,https://ie.linkedin.com/jobs/view/java-developer-tech-lead-at-lumenalta-4336452150?trk=public_jobs_topcard-title,2025-11-17 02:36:56,,,,"Entrepreneurial Co-Founder & CTO with a proven track record of leading the technical vision and development of novel, AI-driven Business Intelligence platforms.
Expert in scaling robust data architectures to support millions of users and designing end-to-end AI products that enhance user experience for thousands.
Developed innovative ML/optimization algorithms, delivering a 3x increase in efficiency for complex engineering processes.
Adept at solving intricate challenges, driving impactful digital transformation, and building data architectures from the ground up for high-volume, enterprise environments.
Possesses a proactive, problem-solving mindset crucial for shaping cutting-edge technology solutions and delivering results faster.",
4336322413,Java Developer Senior,"At Lumenalta, we create impactful software solutions that drive innovation and transform businesses. Since 2000, we’ve partnered with visionary leaders to build cutting-edge tech, solve complex challenges, and deliver results faster through our elite teams and tech-driven approach. Join us in shaping the future of technology.



What we're working on:

Enterprise companies turn to us to help them launch innovative digital products that interact with hundreds of millions of customers, transactions and data points. The problems we solve every day are real and require creativity, grit and determination. We are building a culture that challenges norms while fostering experimentation and personal growth. In order to grasp the scale of problems we face, ideally, you have some exposure to Logistics, FinTech, Transportation, Insurance, Media or other complex multifactor industries



Requirements

- 7+ years of experience (technical assessment will be required)
- Experience with the Financial Industry
- Senior-level experience with Java 17, Kafka, Spring Boot, Spring REST, Spring Data, Spring AOP
- Hands-on experience of working with AWS cloud technologies, e.g. ECS for Kubernetes, EC2, Elastic Container Registry, Lambda, ELB, S3, EFS, SQS, SES, API Gateway, ElastiCache, RDS, DynamoDB, Redshift
- English fluency, verbal and written
- Professional, empathic, team player
- Problem solver, proactive, go-getter



This is a fully remote position open to candidates based in Europe or regions with compatible time zones . To ensure effective collaboration with our client and team, candidates must maintain a 6-hour overlap with Eastern U.S. business hours .



This is an evergreen opening with no set deadline; we’re always excited to connect with professionals who want to help us build the future",Lumenalta,https://www.linkedin.com/company/lumenalta?trk=public_jobs_topcard-org-name,https://es.linkedin.com/jobs/view/java-developer-senior-at-lumenalta-4336322413?trk=public_jobs_topcard-title,2025-11-17 02:24:55,,,,"Proactive and entrepreneurial Data & AI Expert with a strong engineering background, adept at building impactful software solutions for complex challenges.

As Co-Founder/CTO, I led the technical vision and development of a novel AI-driven Business Intelligence platform. I have a proven track record of scaling data architectures to support millions of users and designing robust data systems from the ground up, adept at managing vast data points and transactions.

My experience includes developing and deploying end-to-end AI-driven products and creating novel ML/optimization algorithms that delivered a 3x increase in efficiency. I am a problem-solver with a go-getter mindset, committed to driving innovation and shaping the future of technology.",
4336500657,"Backend Engineer, Contract | Python (Django), JavaScript (React) and SQL (MySQL) | Fully Remote / EU-Based | Rate £550-650pd, Outside IR35 | 12-months Contract Length","Backend Engineer, Contract | Python (Django), JavaScript (React) and SQL (MySQL) | Fully Remote / EU-Based | Rate £550-650pd, Outside IR35 | 12-months Contract Length



Opportunity:



We're supporting a fast-moving client at huge global scale, that is in need of a Senior Backend Contractor with deep experience across Python, Django and some JavaScript/React . This is a high-impact freelance role within a tech-driven established team - building scalable systems in a modern backend environment and implementing AI work.



What You'll Be Doing as a Backend Engineer, Contract | Python (Django), JavaScript (React) and SQL (MySQL) | Fully Remote / EU-Based | Rate £550-650pd, Outside IR35 | 12-months Contract Length



- Designing and building robust backend services across Python and Django
- Collaborating with product and platform teams to scale critical infrastructure
- Contributing to performance optimisation, secure coding, and clean architecture decisions
- Bringing in best practices across multiple programming paradigms and languages



Core Skills for the Backend Engineer, Contract | Python (Django), JavaScript (React) and SQL (MySQL) | Fully Remote / EU-Based | Rate £550-650pd, Outside IR35 | 12-months Contract Length



- Senior-level backend experience with Python and Django in production systems
- Proven work with JavaScript and React (production experience strongly preferred)
- Familiarity with MySQL Databases and scale
- Strong grasp of APIs, cloud-native systems, and scalable architecture
- Freelance mindset: able to hit the ground running, communicate clearly, and add value fast



Details for the Backend Engineer, Contract | Python (Django), JavaScript (React) and SQL (MySQL) | Fully Remote / EU-Based | Rate £550-650pd, Outside IR35 | 12-months Contract Length



- Contract : LTD company (UK) / B2B
- Location : Remote (must be EU-based for legal/timezone reasons)
- Duration : Long-term engagement potential
- Start : ASAP



If interested in this Backend Engineer, Contract | Python (Django), JavaScript (React) and SQL (MySQL) | Fully Remote / EU-Based | Rate £550-650pd, Outside IR35 | 12-months Contract Length , please apply here and we will contact you if it's a good match! :)",Owen Thomas | Pending B Corp™,https://uk.linkedin.com/company/owen-thomas-talent?trk=public_jobs_topcard-org-name,https://uk.linkedin.com/jobs/view/backend-engineer-contract-python-django-javascript-react-and-sql-mysql-fully-remote-eu-based-rate-%C2%A3550-650pd-outside-ir35-12-months-contract-length-at-owen-thomas-pending-b-corp%E2%84%A2-4336500657?trk=public_jobs_topcard-title,2025-11-16 13:31:31,Harry Ellis,https://uk.linkedin.com/in/harry-ellis-049b53122,,,"Hi Harry,

I noticed your search for a Backend Engineer contractor focused on scalable systems and AI work. As a freelance AI & Data Engineer, I specialize in delivering immediate impact in these areas.

I've successfully scaled data architectures to support millions of users and designed/deployed end-to-end AI-driven products. My background aligns well with building robust backend services and implementing high-impact AI solutions.

Would you be open to a quick chat to explore how I could contribute?"
4336510653,"JavaScript Developer, Contractor, Full-stack | NodeJS, TypeScript, React, AWS | Disruptive Start-up, B2C | Rate c/ £500/day (Outside) | 6-months | UK remote or London Hybrid","JavaScript Developer, Contractor, Full-stack | NodeJS, TypeScript, React, AWS | Disruptive Start-up, B2C | Rate c/ £500/day (Outside) | 6-months | UK remote or London Hybrid



Opportunity:



We’re supporting an innovative, fast-moving founding team. They’re building an innovative B2C platform with lots of partnerships already signed up! Very exciting opportunity to take a lot of responsibility and work in a small team with proven founders and engineers - on a disruptive and data-heavy B2C application.



You’ll work closely with the founding team to build scalable, secure, and high-performance systems that deliver an exceptional user experience.



What You’ll Be Doing as a JavaScript Developer, Contractor, Backend Engineering | NodeJS, TypeScript, AWS | Disruptive Start-up, B2C | Rate £500/day (Outside) | 6-months | London, Hybrid



- Develop, maintain, and optimize robust backend services and APIs that power our mobile and web platforms
- Design and implement low-latency event processing pipelines
- Ensure backend infrastructure is reliable, scalable, and secure
- Enhance database efficiency and refine data storage strategies
- Maintain comprehensive multi-layered test coverage
- Collaborate closely with frontend and mobile teams to define and deliver API contracts
- Set up and manage effective monitoring, logging, and alerting systems
- Influence architectural decisions and help establish engineering best practices
- Conduct code reviews and provide mentorship to junior developers
- Explore and integrate new technologies to expand platform capabilities
- Work with product and design teams to convert requirements into scalable technical solutions
- Continuously refine development workflows and improve system performance





What You’ll Need as a JavaScript Developer, Contractor, Backend Engineering | NodeJS, TypeScript, AWS | Disruptive Start-up, B2C | Rate £500/day (Outside) | 6-months | London, Hybrid



- 6+ years commercial experience in Backend technologies, with majority focused on NodeJS.
- Proven track record of start-up experience, working for cool innovative consumer b2c brands where you've taken ownership.
- Confidence working on huge datasets and complex API work
- Great communication skills and attitude to get your hands dirty across the stack and business challenges.
- Nice to have: Full stack experience, with TypeScript



JavaScript Developer, Contractor, Backend Engineering | NodeJS, TypeScript, AWS | Disruptive Start-up, B2C | Rate £500/day (Outside) | 6-months | London, Hybrid

- Location: Remote
- Type: Contract, full-time
- Rate: circa £500/day
- Start: ASAP",Owen Thomas | Pending B Corp™,https://uk.linkedin.com/company/owen-thomas-talent?trk=public_jobs_topcard-org-name,https://uk.linkedin.com/jobs/view/javascript-developer-contractor-full-stack-nodejs-typescript-react-aws-disruptive-start-up-b2c-rate-c-%C2%A3500-day-outside-6-months-uk-remote-or-london-hybrid-at-owen-thomas-pending-b-corp%E2%84%A2-4336510653?trk=public_jobs_topcard-title,2025-11-16 13:31:28,Harry Ellis,https://uk.linkedin.com/in/harry-ellis-049b53122,,,"Hi Harry,

I noticed your search for a JavaScript Developer, Backend Contractor. While my primary stack is Python/Scala, my expertise lies in architecting and scaling robust backend systems for high-growth, data-heavy startups.

As a freelance AI & Data Engineer, I've scaled data architectures for millions of users and led the technical vision for AI-driven platforms as a Co-Founder/CTO. I can immediately contribute to your disruptive B2C platform.

Would you be open to a brief call to discuss accelerating your project?"
4336430917,"Product Engineer, Full Stack/AI, Contract | Python, TypeScript, AWS | Scale up, Creative Tools | £550-675 per day - Outside IR35 | 6 Months Initial | UK remote","Product Engineer, Full Stack/AI, Contract | Python, TypeScript, AWS | Scale up, Creative Tools | £550-675 per day - Outside IR35 | 6 Months Initial | UK remote



Opportunity:

We’re supporting an innovative, fast-moving team. They’re building cutting-edge creative production tools, and are looking for a Full Stack Python Engineer with strong Python, React experience and startup mindset. This is a remote role, giving you autonomy while you design, build and scale applications that power creative workflows in industries like media and digital production.



You’ll be delivering greenfield features end-to-end, working closely with creative teams, and solving unique technical challenges with modern web and cloud technologies.



What You’ll Be Doing as a Product Engineer, Full Stack/AI, Contract | Python, TypeScript, AWS | Scale up, Creative Tools | £550-675 per day - Outside IR35 | 6 Months Initial | UK remote

- Build and maintain dynamic, responsive web interfaces with React , TypeScript , and modern CSS.
- Implement state management solutions (e.g., Redux , Zustand ) for seamless user experiences.
- Design and develop robust backend services and APIs with Python , Django , FastAPI , including both REST and GraphQL.
- Architect and maintain scalable database solutions (SQL/NoSQL).
- Deploy and manage applications using Docker , Kubernetes , and Terraform in AWS environments.
- Maintain CI/CD pipelines, monitor application health, and ensure uptime and performance.
- Collaborate cross-functionally with designers, product managers, and engineers to deliver high-quality products.
- Innovate and drive solutions for unique technical challenges in creative workflows.
- Contribute to tools integrated with creative software (e.g., Houdini, Nuke, DaVinci Resolve).



Core Skills for the Product Engineer, Full Stack/AI, Contract | Python, TypeScript, AWS | Scale up, Creative Tools | £550-675 per day - Outside IR35 | 6 Months Initial | UK remote

- Strong proficiency in React , TypeScript , and modern web development best practices.
- Solid backend experience with Python , Django , FastAPI , and database design.
- Knowledge of state management libraries like Redux or Zustand .
- Familiarity with DevOps practices, CI/CD pipelines, and cloud deployment on AWS .
- Experience with containerisation and orchestration ( Docker , Kubernetes ).
- Understanding of scalable architecture patterns and data integrity principles.
- Ability to work autonomously, with a proven track record of delivering end-to-end products.
- Excellent problem-solving and communication skills.



Nice to Have:

- Experience working in startups or high-growth environments.
- Familiarity with creative production tools such as Houdini , Nuke , DaVinci Resolve .
- Knowledge of ReactFlow or similar frameworks for node-graph-driven applications .
- Passion for creative automation and solving unique technical challenges.



Details for the Product Engineer, Full Stack/AI, Contract | Python, TypeScript, AWS | Scale up, Creative Tools | £550-675 per day - Outside IR35 | 6 Months Initial | UK remote

- Location: Remote (Work from anywhere in the UK)
- Type: Contract, full-time
- Rate: GBP525-675 per day Outside IR35
- Start: ASAP",Owen Thomas | Pending B Corp™,https://uk.linkedin.com/company/owen-thomas-talent?trk=public_jobs_topcard-org-name,https://uk.linkedin.com/jobs/view/product-engineer-full-stack-ai-contract-python-typescript-aws-scale-up-creative-tools-%C2%A3550-675-per-day-outside-ir35-6-months-initial-uk-remote-at-owen-thomas-pending-b-corp%E2%84%A2-4336430917?trk=public_jobs_topcard-title,2025-11-16 13:29:48,Harry Ellis,https://uk.linkedin.com/in/harry-ellis-049b53122,,,"Hi Harry, I noticed your search for a Product Engineer, Full Stack/AI. As a freelance AI & Data Engineer, I specialize in rapidly delivering solutions for high-growth startups.

My experience as a Co-Founder/CTO, leading technical vision and designing end-to-end AI-driven products, directly aligns with building greenfield features for creative production tools. I've also scaled data architectures to support millions of users.

I'd welcome a quick chat to explore how my Python, AI, and scaling expertise can accelerate your project."
4340618208,AI Prompt Designer,"Paintgun is a dynamic creative agency on a mission to drive innovation by transforming growth plans into high-performing paid ads. Specializing in bold, visually captivating content, we partner with brands to deliver impactful campaigns that inspire, engage, and deliver results. At Paintgun, creativity meets strategy to redefine what’s possible in digital advertising.

We’re now expanding our creative frontier into the world of generative AI — and we’re looking for curious, creative minds to join us.

We are looking for passionate and experimental AI Prompt Designer to collaborate with our team on a freelance basis. This is an artist-led research role designed for those who live and breathe generative tools. If you spend your days experimenting with image, video, music, and language models — and love pushing creative boundaries — this is for you.

- Explore and experiment with generative tools across image, video, music, and text.
- Develop visually and conceptually strong outputs through thoughtful prompting.
- Create moodboards, motion studies, and creative experiments that inspire future projects.
- Document your process and share findings with the team.
- Collaborate closely with artists, creatives, and strategists to shape new workflows and ideas.

- Strong creative taste and a sharp eye for design, aesthetics, and storytelling.
- Deep interest in generative AI tools (Midjourney, Runway, Pika, Suno, ChatGPT, etc.).
- Curiosity for the intersection of art, technology, and culture.
- Self-motivated, experimental mindset — you enjoy learning through doing.
- No formal degree required; show us your work, prompts, or projects that reflect your taste and curiosity ( attach portfolio )

- Flexibility to work from anywhere.
- Competitive freelance rate.
- Collaborate with a forward-thinking, dynamic creative team.",Paintgun,https://de.linkedin.com/company/paintgun?trk=public_jobs_topcard-org-name,https://de.linkedin.com/jobs/view/ai-prompt-designer-at-paintgun-4340618208?trk=public_jobs_topcard-title,2025-11-16 06:16:15,,,,"Proactive and entrepreneurial AI Expert with a proven track record in developing and deploying impactful AI-driven products. I've led the technical vision for novel AI platforms as Co-Founder/CTO and designed end-to-end AI solutions that enhanced user experiences for thousands. My expertise in Generative AI, coupled with an experimental mindset, drives me to explore new technologies and craft visually and conceptually strong outputs. I am adept at leveraging AI for creative problem-solving, as demonstrated by developing a novel ML algorithm that delivered a 3x efficiency increase, and thrive in collaborative environments to shape innovative outcomes.",
4336441353,Python Developer,"RJC are partnering with a leading European energy trading company currently seeking a Python Developer to join their growing engineering team. This is an exciting opportunity to work on high-impact systems that support real-time trading, risk management, and data-driven decision making.





Key Responsibilities

Develop, maintain, and optimize Python applications for trading and analytics

Integrate external data feeds and APIs used across trading desks

Collaborate with cross-functional teams to deliver high-quality, scalable solutions

Ensure reliability, performance, and accuracy of mission-critical systems

Participate in code reviews and contribute to engineering best practices



Required Skills & Experience

Strong professional experience with Python (3.x)

Background in data engineering , backend development , or scientific computing

Experience with Python libraries such as Pandas, NumPy, FastAPI, SQLAlchemy

Solid understanding of relational databases (PostgreSQL, MySQL, or similar)

Familiarity with cloud platforms (AWS, Azure, or GCP)

Ability to work independently in a fully remote setup



Nice to Have:

Experience in energy trading , commodities , or financial markets

Knowledge of time-series data, forecasting, or real-time processing

",RJC Group,https://uk.linkedin.com/company/rjc-group-ltd?trk=public_jobs_topcard-org-name,https://uk.linkedin.com/jobs/view/python-developer-at-rjc-group-4336441353?trk=public_jobs_topcard-title,2025-11-16 19:29:34,Sam Hanks,https://uk.linkedin.com/in/sam-hanks-82914b231,,,"Hi Sam, I saw your Python Developer role focused on high-impact trading and analytics systems. As a freelance AI & Data Engineer, I'm not applying for the full-time position, but I can solve immediate problems.

I've scaled data architectures for millions of users and led AI-driven Business Intelligence platform development. My expertise could quickly enhance your real-time trading and data-driven decision making.

Would you be open to a brief call?"
4341150533,Microsoft Fabric Data Engineer,"- Lead the design and implementation of Microsoft Fabric-centric data platforms and data warehouses
- Develop and optimize ETL/ELT processes within the Microsoft Azure ecosystem, effectively utilizing relevant Fabric solutions
- Ensure data integrity, quality, and governance throughout Microsoft Fabric environments
- Collaborate with stakeholders to translate business needs into actionable data solutions
- Troubleshoot and optimize existing Fabric implementations for enhanced performance

- Microsoft Fabric expertise: demonstrated experience in developing and maintaining complex data pipelines with Microsoft Fabric
- Data Engineering foundations: solid experience in data warehousing, ETL/ELT processes, and data modeling (dimensional, normalized)
- Azure knowhow: strong working knowledge of Azure services, especially Data Factory, Synapse Analytics, and Azure SQL Database
- Coding fluency: proficiency in SQL, Python, or other languages for data scripting, transformation, and automation",Robert Walters,https://uk.linkedin.com/company/robert-walters?trk=public_jobs_topcard-org-name,https://uk.linkedin.com/jobs/view/microsoft-fabric-data-engineer-at-robert-walters-4341150533?trk=public_jobs_topcard-title,2025-11-16 18:30:18,,,,"Proactive Data & AI Expert with a strong engineering background, specializing in designing, implementing, and optimizing robust data platforms. As Co-Founder/CTO, led the technical vision and development of a novel, AI-driven Business Intelligence platform.

Proven ability to scale data architectures to support millions of users and design new data warehouses from the ground up, ensuring high availability and performance. Expert in developing and deploying end-to-end AI-driven products, including a novel ML/optimization algorithm that delivered a 3x increase in efficiency.

Adept at translating complex business needs into actionable data solutions and ensuring data integrity and quality across large-scale environments.",
4340971188,"Full Stack Software Engineer (Remote, Contractual) EU [WN-11]","About Smart Working



At Smart Working, we believe your job should not only look right on paper but also feel right every day. This isn’t just another remote opportunity - it’s about finding where you truly belong, no matter where you are. From day one, you’re welcomed into a genuine community that values your growth and well-being.



Our mission is simple: to break down geographic barriers and connect skilled professionals with outstanding global teams and products for full-time, long-term roles. We help you discover meaningful work with teams that invest in your success, where you’re empowered to grow personally and professionally.

Join one of the highest-rated workplaces on Glassdoor and experience what it means to thrive in a truly remote-first world.



About the role



As a Full Stack Software Engineer , you’ll play a vital role in building digital solutions that power our partners’ products. You’ll work across front-end and back-end to ensure usability, scalability, and performance, tackling technical challenges with modern tools and frameworks.



This opportunity begins as a 6-month, high-impact project where you’ll deliver real value from day one. For strong performers, it’s also a pathway to a long-term contract of up to 2 years — giving you the best of both worlds: the excitement of an immediate challenge and the stability of extended career growth.



You’ll thrive here if you’re passionate about high-quality applications, eager to work with cutting-edge technologies, and proactive about driving innovation in an agile, international environment.





- Design and implement scalable, performant UIs and app architectures, balancing user experience with resource constraints
- Develop across the stack with React.js, Node.js, TypeScript, and modern frameworks (Next.js, Vite)
- Work with SQL databases including PostgreSQL, MySQL, MSSQL, and indexing/search tools like Elastic, OpenSearch, or Solr
- Build and consume APIs (REST or GraphQL), handling caching and offline support with React Query or Apollo
- Manage application state using patterns/tools such as Redux, Context API, or Zustand
- Ensure quality with unit, integration, and E2E testing frameworks (Jest, Cypress, Puppeteer, Mocha)
- Apply microservices architecture principles and containerization with Docker
- Build responsive UIs that adapt to varied devices and screen sizes
- Collaborate in an agile team, communicating effectively with peers and stakeholders to deliver business value



- 5+ years of professional experience with TypeScript/JavaScript
- 3+ years of experience with React.js, using latest features
- 3+ years of experience with Node.js, using latest features
- Strong experience with state management (Redux, Context API, Zustand)
- Proficiency with SQL databases (PostgreSQL, MySQL, MSSQL)
- Experience with indexing/search tools (Elastic, OpenSearch, Solr)
- Strong knowledge of RESTful APIs and/or GraphQL, including caching/offline via React Query or Apollo
- Hands-on experience with Docker and microservices architecture
- Proficiency with unit, integration, and E2E testing frameworks (Jest, Cypress, Puppeteer, Mocha)
- Proven ability to deliver responsive UI development
- Experience with at least one modern framework (Next.js or Vite)



- Experience with Azure services (Service Bus, Blob Storage, Table Storage, Secrets, Managed Identity)
- Exposure to Kubernetes & Helm
- Familiarity with MongoDB
- Systemic framework knowledge
- A strong client-oriented mindset and the ability to translate business models into technical solutions
- Proactive, continuous improvement approach and a passion for quality



At Smart Working, you’ll never be just another remote hire.



Be a Smart Worker — valued, empowered, and part of a culture that celebrates integrity, excellence, and ambition.



If that sounds like your kind of place, we’d love to hear your story.

We may use artificial intelligence (AI) tools to support parts of the hiring process, such as reviewing applications, analyzing resumes, or assessing responses. These tools assist our recruitment team but do not replace human judgment. Final hiring decisions are ultimately made by humans. If you would like more information about how your data is processed, please contact us.",Smart Working,https://uk.linkedin.com/company/smartworkingsolutions?trk=public_jobs_topcard-org-name,https://pt.linkedin.com/jobs/view/full-stack-software-engineer-remote-contractual-eu-wn-11-at-smart-working-4340971188?trk=public_jobs_topcard-title,2025-11-17 04:27:00,,,,"Highly accomplished and entrepreneurial Software Engineer with a strong background in building scalable, high-performance digital solutions. Proven track record of designing and scaling robust data architectures to support millions of users, ensuring high availability and performance.

Expert in developing and deploying end-to-end AI-driven products that enhanced user experience for thousands of students and delivered significant business impact. As Co-Founder/CTO, led the technical vision and product strategy for a novel Business Intelligence platform, encompassing core data architecture and AI-driven features. A proactive problem-solver with an agile mindset, adept at translating complex requirements into high-quality, performant applications across the full stack.",
