id,job title,description,company name,company linkedin url,job url,upload date,hiring manager name,hiring manager linkedin url,fit,tailored cv,message
4337207679,Azure Data Architect (Contract) Location: UK – Remote Rate: £400/day | Outside IR35,"Location: UK – Remote

Rate: £400/day | Outside IR35



Job Description:

Hiring an Azure Data Architect with proven hands-on experience in designing enterprise data platforms and modern cloud data solutions on Azure. Involves architecture design, governance, performance optimisation, and data integration.

Key Skills:

- Expertise in Azure Data Factory, Data Lake, Databricks, Synapse Analytics
- Strong understanding of Delta Lake, Medallion architecture & ETL/ELT pipelines
- SQL, Python, Spark, data modelling & optimisation
- Azure security, networking, role-based access & monitoring
- Cloud migration experience and designing large-scale data platforms

",9NEXUS,https://uk.linkedin.com/company/9nexus?trk=public_jobs_topcard-org-name,https://uk.linkedin.com/jobs/view/azure-data-architect-contract-location-uk-%E2%80%93-remote-rate-%C2%A3400-day-outside-ir35-at-9nexus-4337207679?trk=public_jobs_topcard-title,2025-11-20 15:41:57,Sebanti Ghosh,https://in.linkedin.com/in/sebanti-ghosh-5a1302158,,,"Hi Sebanti,

I noticed your Azure Data Architect contract role and wanted to connect. As a freelance expert, I specialize in designing and scaling enterprise data platforms, having built new data architectures from the ground up and scaled them for millions of users.

My focus is on delivering immediate impact for modern cloud data solutions. Would you be open to a brief call to explore how my expertise could accelerate your project?"
4332491785,Sviluppatore back-end SENIOR,"Allcore S.p.A., gruppo finanziario in costante crescita e quotato alla Borsa di Milano, è alla ricerca di un Senior Backend Developer da inserire in un team dinamico e collaborativo, con l’obiettivo di contribuire attivamente allo sviluppo di infrastrutture affidabili, scalabili e ad alte prestazioni.

La figura selezionata sarà responsabile della progettazione, sviluppo e manutenzione di servizi backend scalabili e sicuri, integrando API RESTfull. Collaborerà con i team di prodotto, frontend e DevOps per assicurare prestazioni elevate, affidabilità e sicurezza dei sistemi.



Il nostro candidato ideale possiede una esperienza pregressa nel settore fintech, con particolare riferimento a implementazioni PSD2 e una solida esperienza con Node.js (Express.js / Nest.js) assieme una mentalità orientata alla qualità del codice e una buona conoscenza delle pratiche DevOps e cloud.



Responsabilità

- Sviluppo e manutenzione di API backend in Node.js (Express.js/Nest.js).
- Progettazione di architetture scalabili basate su MongoDB.
- Implementazione di autenticazione/autorizzazione (JWT, OAuth2).
- Creazione e gestione dei docker container e orchestrazione con Kubernetes.
- Deployment e monitoraggio su ambienti cloud (Digital Ocean e Google Cloud)
- Creazione e gestione di pipeline CI/CD (GitHub Actions, GitLab CI).
- Monitoraggio performance, logging ed error handling.



Requisiti

- Esperienza comprovata con Node.js e Express.js / Nest.js
- Ottima conoscenza di MongoDB / Mongoose
- Esperienza con Docker, CI/CD, cloud deployment
- Buona conoscenza di Git e metodologie Agile
- Conoscenza base di sicurezza applicativa
- Esperienza pregressa nel settore fintech, con particolare riferimento a implementazioni PSD2
- Fluente in italiano
- Capacità di lavorare in team multidisciplinari
- Abitudine a operare in contesti agili e dinamici
- Provenienza da ambienti startup



Offerta:

- Contratto a p.iva full time da remoto







___________________________

Perché unirsi ad Allcore:

Entrare in Allcore significa far parte di un ecosistema in evoluzione, dove ogni professionista contribuisce con la propria esperienza a costruire soluzioni tecnologiche di valore. Avrai la possibilità di lavorare su progetti stimolanti, con un team competente e appassionato, in un contesto che valorizza autonomia, collaborazione e la crescita continua!",Allcore S.p.A.,https://it.linkedin.com/company/allcore-s-p-a?trk=public_jobs_topcard-org-name,https://it.linkedin.com/jobs/view/sviluppatore-back-end-senior-at-allcore-s-p-a-4332491785?trk=public_jobs_topcard-title,2025-11-20 13:27:04,Diana Farcas 🌎,https://it.linkedin.com/in/dianafarcas/en,,,"Ciao Diana, ho letto con interesse la vostra ricerca per uno Sviluppatore Backend Senior e la necessità di infrastrutture affidabili e scalabili.
Pur non cercando un ruolo full-time, come freelance, ho una comprovata esperienza nel progettare e scalare architetture dati per milioni di utenti e nel costruire sistemi backend da zero, come fatto in Arm e Docsity.
Se state cercando un esperto per accelerare lo sviluppo dei vostri servizi backend, sarei lieto di esplorare come posso contribuire immediatamente."
4337227490,Associate,"Join Altair's Associate Network

Altair is a specialist consultancy supporting socially focused organisations across housing, regeneration, education, sport and charity sectors. We partner with clients to solve complex challenges, deliver change and improve outcomes for communities.

We are growing our pool of trusted associates to work with us on a flexible basis on projects across the UK and Ireland.



Who we are looking for

We want to hear from experienced consultants, interims and subject matter experts with skills in areas such as:

- Assets and asset management
- Development and regeneration, development viability
- Corporate finance and treasury
- Sustainability and ESG
- Digital, data and technology
- Governance, compliance and regulation
- People and recruitment
- Procurement and commercial services
- Research, insight and policy
- Transformation, change and programme delivery
- Community impact



If you have a strong track record in socially focused organisations, particularly in or around the housing sector, we would love to connect.



As an Altair Associate you will

- Work on varied, impactful projects that make a real difference for residents and communities
- Collaborate with experienced Altair colleagues and client teams
- Use your specialist expertise to diagnose issues, design solutions and support delivery
- Have flexibility to take on assignments that fit around your existing commitments



What you bring

- Deep expertise in one or more of the areas listed above
- Experience operating at senior or specialist level in relevant organisations
- Strong analytical, communication and stakeholder engagement skills
- The ability to work independently and as part of multi disciplinary project teams
- A commitment to inclusive practice and improving outcomes for customers and communities



How to join our associate network

If you would like to be considered for future opportunities, please send:

- Your CV
- A short summary of your key expertise and typical day rate range
- An indication of your availability



To: people@altairltd.co.uk",Altair Ltd,https://uk.linkedin.com/company/altair-ltd?trk=public_jobs_topcard-org-name,https://uk.linkedin.com/jobs/view/associate-at-altair-ltd-4337227490?trk=public_jobs_topcard-title,2025-11-20 15:42:41,,,,"Highly accomplished and entrepreneurial Data & AI Expert with a strong engineering background, specializing in Digital, Data, and Technology solutions.

As Co-Founder/CTO, I led the technical vision and development of a novel AI-driven Business Intelligence platform, defining product strategy and core data architecture. I have a proven track record of scaling data architectures to support millions of users and designing new data systems from the ground up. My expertise includes developing and deploying AI-driven products that enhanced learning for thousands of students, and creating novel ML/optimization algorithms that delivered a 3x increase in efficiency. I excel at diagnosing complex issues, designing impactful solutions, and driving transformation for socially focused organizations.",
4337078164,Machine Learning Engineer,"Senior Machine Learning Engineer – Biotech (Freelance Contract)

Location: Remote or Hybrid

Industry: Biotechnology / Life Sciences | Specialization: Machine Learning & MLOps

Our organization is a rapidly expanding MLOps platform supporting data science, machine learning engineering, and computational biology teams within the biotechnology sector. We enable our partners to develop scalable, reproducible machine learning workflows that accelerate scientific research and operational decision-making.

We are seeking a highly skilled Senior Machine Learning Engineer to lead the development, optimization, and deployment of advanced machine learning solutions across a variety of biological and scientific data streams. This role is offered on a freelance contract basis, with potential for extension.

Key Responsibilities

- Lead the design, development, and optimization of advanced ML and deep learning models for biological datasets, including genomics, imaging, and experimental data.
- Build and automate robust, scalable data pipelines for both structured and unstructured biotech data.
- Develop end-to-end ML workflows covering data preprocessing, model training, evaluation, deployment, and ongoing model lifecycle management.
- Fine-tune and combine models using ensemble and other advanced techniques to maximize predictive accuracy.
- Collaborate closely with engineering, computational biology, and product teams to translate scientific challenges into effective ML solutions.
- Oversee the deployment, monitoring, and management of production ML systems, implementing industry-standard MLOps best practices.
- Provide technical guidance and mentorship to junior team members and contribute to strategic planning.
- Present analytical findings and model insights clearly to both technical and scientific stakeholders.

Requirements

- Strong proficiency in Python and SQL ; familiarity with Scala, Java, or C++ is advantageous.
- Extensive experience with TensorFlow, PyTorch, scikit-learn , and other modern ML frameworks.
- Deep knowledge of MLOps , including Kubernetes, Docker, CI/CD, and scalable model deployment.
- Demonstrated success in developing, deploying, and optimizing machine learning models in production environments, ideally within biotech, healthcare, or scientific domains.
- Excellent analytical and mathematical capabilities, combined with strong problem-solving skills.
- Effective communication skills, with the ability to work cross-functionally with scientific and engineering teams.
- Bachelor’s, Master’s, or PhD in Computer Science, Engineering, Data Science, Computational Biology , Bioinformatics, or a related field.
- Prior freelance or contract-based experience managing technical projects independently is preferred.

Preferred Qualifications

- Experience with cloud platforms such as AWS, GCP, or Azure for ML deployment and data processing.
- Background in NLP, computer vision, or multimodal learning , particularly applied to biological or clinical data.
- Familiarity with scientific data formats (e.g., FASTQ, BAM, assay data, microscopy images).
- Experience with data visualization frameworks for presenting scientific and analytical results.

",Barrington James,https://uk.linkedin.com/company/barrington-james?trk=public_jobs_topcard-org-name,https://uk.linkedin.com/jobs/view/machine-learning-engineer-at-barrington-james-4337078164?trk=public_jobs_topcard-title,2025-11-20 15:40:57,Charlie Dennison,https://uk.linkedin.com/in/charlie-dennison-26a986300,,,"Hi Charlie,

I saw your opening for a freelance Senior Machine Learning Engineer and wanted to connect. My expertise lies in rapidly delivering AI solutions, and I'm available to help immediately.

At Docsity, I developed and deployed end-to-end AI-driven products and scaled data architectures to support millions of users, directly aligning with your need for robust ML workflows and scalable data pipelines.

I'm confident I can accelerate your team's progress in developing and optimizing advanced ML solutions. Would you be open to a brief call to discuss how I can contribute?"
4341962192,Solutions Architect – Data,"Rate £600-650 per day

Inside IR35

Fully UK remote

Initial 6 month contract with extensions



Want to join a global organisation as a contract Solutions Data Architect?



Do you have strong Data Migration and Azure tooling experience?



We need strong stakeholder skills and experience working on large transformation programmes as a Solution Architect with a focus on Data.



You should have the following skills / experiences –

- Data Modelling Expertise – you should have strong experience in developing and maintaining logical and conceptual data models
- Microsoft Information Architecture – need to have a solid understanding of Microsoft Purview or related data governance tools
- Hands-on experience with ERP implementations, preferably Microsoft Dynamics 365
- Proven experience in planning and executing complex data migration activities



Bonus if you have –

- Proficiency in SQL Server, Azure SQL Database and other enterprise database platforms
- Experience with Azure data services (Azure Data Factory, Azure Synapse, Azure Data Lake)
- ETL/ELT: experience designing and implementing data integration workflows
- Knowledge of reporting and analytics platforms (Power BI, SSRS, or similar)
- Experience with dimensional modelling and data warehouse architecture patterns
- API Integration experience
- Data Security knowledge



Sounds like you? Apply online or call Alasdair Walker from Be-IT to learn more.",Be-IT,https://uk.linkedin.com/company/be-it-resourcing?trk=public_jobs_topcard-org-name,https://uk.linkedin.com/jobs/view/solutions-architect-%E2%80%93-data-at-be-it-4341962192?trk=public_jobs_topcard-title,2025-11-20 12:42:47,Alasdair Walker,https://uk.linkedin.com/in/alasdairwalker-rec,,,"Hi Alasdair,

I saw your Solutions Architect – Data role and while my core expertise is in AI-driven product development and scaling novel data architectures, I wanted to reach out.

As a freelance AI & Data Engineer, I've designed and built new data architectures from the ground up and scaled systems for millions of users.

If you ever need an expert to tackle complex data challenges, build robust data pipelines, or integrate AI into your solutions, I'm available immediately.

Would you be open to a brief chat to explore how my skills could benefit your team?"
4341822418,Solutions Architect – Education,"Rate £600-650 per day

Inside IR35

Fully UK remote

Initial 6 month contract with extensions



Want to join a global educational organisation as a contract Solutions Architect?



Do you have experience in the assessment / education industry ? If so, read on!



I’m looking for an experienced architect with strong background experience or project history working in the educational space such as universities, eLearning platforms etc.



Seeking strong stakeholder skills and experience delivering complex transformation programmes.



For this role, technical background is not important but domain experience as an architect within education is.



Sounds like you? Apply online or call Alasdair Walker from Be-IT to learn more.",Be-IT,https://uk.linkedin.com/company/be-it-resourcing?trk=public_jobs_topcard-org-name,https://uk.linkedin.com/jobs/view/solutions-architect-%E2%80%93-education-at-be-it-4341822418?trk=public_jobs_topcard-title,2025-11-20 12:42:34,Alasdair Walker,https://uk.linkedin.com/in/alasdairwalker-rec,,,"Hi Alasdair, I saw your post for a Solutions Architect in the education sector. My background as Co-Founder/CTO, leading technical vision and product strategy, aligns with the architectural leadership needed for complex transformation programs. I also have direct experience scaling data architectures for millions of users and deploying AI-driven products within the education industry at Docsity. I'm a freelance expert available to help immediately with your transformation programs, not looking for a full-time role. Would you be open to a brief chat?"
4338430890,Senior Scala Engineer - Data Platforms,"- We're looking for an experienced and hands-on Senior Scala Engineer to help drive the modernization and evolution of our core data processing platforms. This role is key to enhancing and scaling high-traffic, mission-critical data pipelines on the Google Cloud Platform (GCP)
- You will be a vital contributor to our Scala-based Dataflow processing, focusing on implementation, performance, and reliability at scale. This is a hands-on technical role for someone who thrives on solving complex distributed systems problems and delivering high-quality, efficient code within a collaborative team

- Implement and enhance sophisticated, high-throughput batch and streaming data pipelines using Scala and GCP Dataflow (Apache Beam)
- Contribute to the architectural design and technical roadmap for modernizing our data ingestion and processing pipelines
- Develop and implement performance optimizations, such as migrating services to use Cloud Functions for exporting data from BigQuery to Pub/Sub more efficiently
- Collaborate with Staff Engineers to expand the functionality of our data export systems for external partners. This includes pulling data from BigQuery, creating formatted feed files, and exporting them to various external stores (e.g., FTP, GCS, S3)
- Support and contribute to the expansion of existing data integrations, including adding new fields to schemas and ensuring that data is propagated correctly through the entire pipeline
- Actively contribute to the refactoring and modernization of legacy Scala codebases, applying best practices in functional programming, testing, and observability
- Collaborate closely with teams using Node.js APIs (for data ingestion) and Python (for data transformations), maintaining clear data contracts and robust integration patterns
- Act as a strong technical communicator, contributing to technical approaches, breaking down complex problems, and engaging in rapid, iterative development cycles by asking questions quickly rather than working in isolation

- Degree in Computer Science or a related technical discipline
- 6+ years of software engineering experience, with a strong background in building and operating large-scale, high-traffic distributed systems in production
- Deep expertise in Scala and its functional programming paradigms
- Demonstrable, hands-on experience with GCP Dataflow (Apache Beam). Experience with other major streaming/batch frameworks (e.g., Apache Spark, Akka Streams) is also highly valuable
- Strong proficiency in the GCP ecosystem, including critical services like BigQuery, Pub/Sub, and Cloud Functions
- Solid understanding of data engineering principles, including data modeling, schema design, and data lifecycle management
- Experience building and maintaining data export feeds to external systems (e.g., SFTP, GCS, S3)
- Proven ability to take ownership of complex technical features and deliver them from design to production
- Excellent communication skills, with experience working in polyglot environments (interfacing with Node.js, Python, etc.) and a proactive, inquisitive approach to problem-solving
- Ability to be available for key synchronous meetings and standups between 6:00 PM and 7:00 PM GMT

- Familiarity with CI/CD best practices and infrastructure-as-code tools (e.g., Terraform, Docker, Kubernetes)
- Working knowledge of Node.js or Python for data-related tasks
- Experience with other data stores (e.g., NoSQL, time-series databases) or data orchestration tools (e.g., Airflow)",Beyond,https://uk.linkedin.com/company/beyond-technology-consultancy?trk=public_jobs_topcard-org-name,https://pt.linkedin.com/jobs/view/senior-scala-engineer-data-platforms-at-beyond-4338430890?trk=public_jobs_topcard-title,2025-11-21 00:34:09,,,,"Highly accomplished Data & AI Expert with a strong engineering background, specializing in the design, scaling, and optimization of complex data platforms and distributed systems.

As Co-Founder/CTO, I led the technical vision and architecture for a novel Business Intelligence platform. I have a proven track record of scaling data architectures to support millions of users and designing new data architectures from the ground up for high-throughput data processing.

My expertise includes developing novel ML/optimization algorithms that delivered a 3x increase in efficiency, demonstrating a strong focus on performance and reliability. I excel in data pipeline management, architectural design, and solving complex technical challenges to drive significant business impact.",
4338421354,Principal Scala Engineer - Data Platforms,"- We're looking for a seasoned technical leader and Principal Scala Engineer to drive the modernization and evolution of our core data processing platforms. This role is central to re-architecting high-traffic, mission-critical data pipelines, moving them to a more robust, scalable, and efficient future on the Google Cloud Platform (GCP)
- You will be instrumental in defining the technical strategy for our Scala-based Dataflow processing, ensuring reliability and performance at scale. This is a hands-on leadership role for someone who thrives on solving complex distributed systems problems, confidently leading a group of engineers, and mentoring a team to deliver excellence

- Lead the architectural design and technical roadmap for modernizing and scaling our data ingestion and processing pipelines, primarily using Scala and GCP Dataflow (Apache Beam)
- Drive performance and throughput enhancements, such as migrating services to use Cloud Functions for exporting data from BigQuery to Pub/Sub more efficiently than existing Dataflow jobs
- Partner with Staff Engineers to expand the functionality of our data export systems for external partners. This involves pulling data from BigQuery, creating formatted feed files, and exporting them to various external stores (e.g., FTP, GCS, S3)
- Oversee the support and expansion of existing data integrations, including adding new fields to schemas and ensuring that data is propagated correctly through the entire pipeline
- Drive the refactoring and modernization of legacy Scala codebases, introducing best practices in functional programming, testing, and observability
- Collaborate closely with teams using Node.js APIs (for data ingestion) and Python (for data transformations), defining clear data contracts and robust integration patterns
- Mentor and guide a team of engineers, championing engineering best practices, conducting code reviews, and fostering a culture of high-quality, collaborative development
- Act as a key technical communicator, defining approaches, breaking down complex problems, and engaging in rapid, iterative development cycles by asking questions quickly rather than working in isolation

- Degree in Computer Science or a related technical discipline
- 8+ years of software engineering experience, with a proven track record of designing, building, and operating large-scale, high-traffic distributed systems in production
- Deep expertise in Scala and its functional programming paradigms
- Demonstrable, hands-on experience with GCP Dataflow (Apache Beam). Experience with other major streaming/batch frameworks (e.g., Apache Spark, Akka Streams) is also highly valuable
- Strong proficiency in the GCP ecosystem, including critical services like BigQuery, Pub/Sub, and Cloud Functions
- Solid understanding of data engineering principles, including data modeling, schema design, and data lifecycle management
- Experience building and maintaining data export feeds to external systems (e.g., SFTP, GCS, S3)
- Proven ability to lead technical projects, mentor other engineers, and influence architectural decisions across multiple teams
- Excellent communication skills, with experience working in polyglot environments (interfacing with Node.js, Python, etc.) and a proactive, inquisitive approach to problem-solving
- Ability to be available for key synchronous meetings and standups between 6:00 PM and 7:00 PM GMT

- Familiarity with CI/CD best practices and infrastructure-as-code tools (e.g., Terraform, Docker, Kubernetes)
- Working knowledge of Node.js or Python for data-related tasks
- Experience with other data stores (e.g., NoSQL, time-series databases) or data orchestration tools (e.g., Airflow)",Beyond,https://uk.linkedin.com/company/beyond-technology-consultancy?trk=public_jobs_topcard-org-name,https://pt.linkedin.com/jobs/view/principal-scala-engineer-data-platforms-at-beyond-4338421354?trk=public_jobs_topcard-title,2025-11-21 01:34:13,,,,"Seasoned technical leader and Co-Founder/CTO with a strong background in architecting and scaling high-traffic data processing platforms.
Successfully scaled data architectures to support millions of users and designed new data architectures from the ground up, ensuring high availability and performance.
Proven ability to drive technical vision, lead complex engineering initiatives, and develop novel algorithms that delivered a 3x increase in efficiency.
Adept at modernizing data pipelines, fostering engineering best practices, and mentoring teams to deliver robust, scalable distributed systems.",
4341993371,Specialista IT,"Full Stack Developer & UX/UI Designer (Co-Founders)



CHI SIAMO?



BR3ACH è una startup nel settore della cybersecurity, focalizzata sulla protezione dell’identità digitale di content creator e utenti. Siamo in fase di sviluppo del nostro primo prodotto (SaaS) , con l'uscita nel mercato prevista per inizio 2026. Siamo un team giovane, ambizioso e in crescita.



CHI CERCHIAMO?



Cerchiamo due figure chiave e complementari , entrambe con ruolo di Co-Founder con equity :





COSA FARAI?



Full Stack Developer:

- Progettare e sviluppare le componenti core del SaaS.
- Implementare API e servizi backend modulari, sicuri e scalabili.
- Curare performance, architettura cloud e processi essenziali.
- Collaborare con UX/UI Designer e AI Engineer per integrare le funzionalità.



UX/UI Designer & Visual Content:

- Progettare interfacce mobile-first chiare, fluide e orientate alla fruibilità reale.
- Tradurre funzionalità tecniche in flussi user-friendly in collaborazione con il team tecnico.
- Realizzare contenuti multimediali per social network e comunicazione prodotto, coerenti con brand e design system.
- Definire identità visiva, componenti UI e linee guida del design system.



COMPETENZE RICHIESTE:



Full Stack Developer:

- Ottima conoscenza di JavaScript/TypeScript e React/Next.js o equivalenti.
- Esperienza in frontend e backend.
- Conoscenza di database relazionali e NoSQL.
- Comprensione delle basi di cloud hosting e DevOps.



UX/UI Designer & Visual Content:

- Esperienza in UX/UI mobile-first.
- Ottima padronanza di Figma , componenti e design system.
- Capacità di produrre contenuti multimediali per social network.
- Senso estetico e attenzione alla coerenza del brand.



COSA OFFRIAMO?



- Ruolo da Co-Founder con equity .
- Operatività full remote , modello task-oriented.
- Inserimento in una startup con idea validata , MVP in sviluppo, brand e go-to-market già pianificato.
- Possibilità reale di costruire un prodotto da zero, con margine decisionale e impatto diretto.
- Ambiente collaborativo, giovane e orientato alla crescita personale e professionale.



COME CANDIDARSI?



Invia il tuo CV a: info@br3ach.com.",Br3ach,https://it.linkedin.com/company/br3ach?trk=public_jobs_topcard-org-name,https://it.linkedin.com/jobs/view/specialista-it-at-br3ach-4341993371?trk=public_jobs_topcard-title,2025-11-20 17:27:06,,,,"Entrepreneurial Co-Founder & CTO with a proven track record of leading the technical vision and development of novel, AI-driven platforms. Expert in designing and building robust, scalable data architectures from the ground up, successfully supporting millions of users. Skilled in developing and deploying end-to-end AI-driven products, ensuring high performance and strategic impact. Eager to leverage a proactive mindset, deep engineering expertise, and experience in product strategy to build core SaaS components and scalable backend services as a Co-Founder.",
4337207296,Senior Software Engineer,"Role: .NET Developer (NHS Experience is ESSENTIAL)

Location: Remote with occasional travel to Manchester

Rate: £500 per day Inside IR35

Contract: 6 months

Start: ASAP



Overview

We are supporting a consultancy who are looking for an experienced .NET Developer with strong NHS background and hands-on expertise in FHIR or HL7 integrations. You will contribute to the design and development of clinical and patient facing applications that integrate with core NHS systems. You should be confident building reliable backend services in .NET and delivering modern web front ends using either React or Angular.



Key Responsibilities

- Build and enhance backend services using .NET that support clinical workflows
- Design, develop, and maintain integrations using FHIR or HL7 standards
- Deliver front end components using React or Angular
- Collaborate with technical teams, clinical stakeholders, and integration specialists
- Ensure interoperability, data quality, and safe handling of clinical information
- Contribute to solution design, technical documentation, and sprint planning
- Support testing, troubleshooting, and performance optimisation
- Work within NHS information governance and clinical safety frameworks



Essential Experience

- Proven experience working within NHS environments
- Advanced .NET development skills
- Strong knowledge of FHIR and or HL7 standards
- Experience with React or Angular (either is fine)
- Experience building APIs, microservices, and secure integrations
- Understanding of NHS clinical systems and terminology
- Ability to work autonomously and communicate well with clinical teams



Nice to Have

- Experience with Azure cloud services
- Knowledge of NHS Spine services
- Experience with integration engines like Mirth
- Understanding of DevOps pipelines and CI CD tooling



Apply now or email dom@briodigital.io for more information.",Brio Digital,https://uk.linkedin.com/company/digitalbrio?trk=public_jobs_topcard-org-name,https://uk.linkedin.com/jobs/view/senior-software-engineer-at-brio-digital-4337207296?trk=public_jobs_topcard-title,2025-11-20 15:43:14,Dom Linfield,https://uk.linkedin.com/in/domlinfield,,,"Hi Dom, I noticed your search for a Senior .NET Developer with NHS experience. While my core expertise lies in AI and Data Engineering, I specialize in rapidly building and scaling data architectures for millions of users and deploying end-to-end AI-driven products. If Brio Digital ever needs freelance support in these areas, I'd be keen to discuss how I can deliver immediate impact."
4337246671,Solutions Architect,"Solution Architect

Type: Contract

Must Have Experience: Experience with Power Platform & .NET Architecture



Description:

The Solution Architect will work within a multi-disciplinary team to design and deliver a new digital service. The role includes creating solution designs, assessing existing systems and integrations, and defining scalable architecture aligned with organisational standards. The architect will ensure all documentation meets governance requirements and secure necessary approvals from central architecture teams.



Key Responsibilities:

- Create a new solution design for a new digital service.
- Assess existing technology, integrations and data points and create a new solution building on the existing estate.
- Ensure all documentation is reviewed and approved by the central architecture team.
- Develop Architecture and Governance Plans.
- Get central sign-off and approval for architectural plans.



Mandatory Requirements:

- Experience in the UK public sector or working with government digital standards
- Knowledge of building and designing solutions built upon Power Platform and Microsoft .NET.

",Ceox Services Ltd,https://uk.linkedin.com/company/ceox-services-ltd?trk=public_jobs_topcard-org-name,https://uk.linkedin.com/jobs/view/solutions-architect-at-ceox-services-ltd-4337246671?trk=public_jobs_topcard-title,2025-11-20 14:42:36,Gurinder Mann,https://uk.linkedin.com/in/gurindermannsidhu,,,"Hi Gurinder,

I saw your Solutions Architect role and while my core expertise isn't in Power Platform or .NET, I specialize in designing and scaling robust data and AI architectures.

As a freelance AI & Data Engineer, I help companies build end-to-end AI products and optimize complex data systems. My background includes scaling data architectures for millions of users and leading technical vision as a CTO.

If you ever need an expert to tackle challenging data or AI initiatives, I'd be happy to connect for a quick chat."
4341873135,Data steward/ Data specialist,"La mission principale du Data Steward/Data specialist sera de transformer la vision du responsable du domaine commercial en actions quotidiennes. Votre rôle s’inscrit dans le cadre d'une fusion de deux entités et donc de l’unification des processus de vente soutenu par un CRM commun et un catalogue produit unifié soutenu par le PIM ( SAP/Salesforce ). Vous serez positionné en priorité sur la partie produit.

Cette mission s'articule donc autour des piliers suivants :

Data Gouvernance :

Aider le responsable des processus métier de l'équipe Excellence commerciale à définir les actifs de données.

Comprendre et analyser les points faibles commerciaux en termes de gestion des données (en mettant l'accent sur les matériaux, les clients et les prix)

Mettre en place un plan de remédiation et le communiquer

Avec l'aide des équipes opérationnelle et commerciale, définir les règles et les contrôles de qualité à mettre en place dans les solutions commerciales afin de garantir la fiabilité des données (intégrité, exhaustivité, accessibilité...)

Garantir les données commerciales : documentation adéquate dans le catalogue de données, définir, suivre et partager les indicateurs clés de performance (KPI) concernant l'état et l'évolution de la qualité des données, l'utilisation des données dans le domaine commercial, etc.

Maîtrise/Culture des données :

Participer à la démocratisation des données en formant et en animant tous les utilisateurs commerciaux des données

Communiquer largement sur les applications de reporting « officielles »

Partager les règles de qualité à respecter par l'équipe opérationnelle

Analyse des données :

Aider les équipes commerciales à analyser les données, identifier les tendances, les modèles et les opportunités d'amélioration commerciale.

Le Data Steward/Data specialist sera en étroite collaboration avec :

Business Process Managers : en charge de la gestion du catalogue de produits, services et options ; gestion de l'entonnoir de vente ; gestion des devis, gestion des demandes des clients, gestion des tarifs.

Force commerciale : responsable produit PIM, SALESFORCE et base de données tarifaire

Data steward/ Data specialist possédant 5 à 8 ans d'expérience. Vous disposez de solides compétences sur :

Solution de visualisation des données (solutions Low-Code) : Qlik, Tableau, PowerBI, Knime

Solution de gouvernance des données

Solutions CRM / PIM

Connaissances de SAP et de Salesforce

Anglais oral/écrit obligatoire

Secteur de l'industrie

Localisation : Région Lilloise

TT : 1 à 2 jours/semaine

Durée : 6 mois

Démarrage : 1er décembre",Collective.work,https://fr.linkedin.com/company/usecollective?trk=public_jobs_topcard-org-name,https://fr.linkedin.com/jobs/view/data-steward-data-specialist-at-collective-work-4341873135?trk=public_jobs_topcard-title,2025-11-20 15:23:31,,,,"Entrepreneurial Data & AI Expert with Co-Founder/CTO experience, adept at establishing robust data governance and scaling architectures for millions of users, critical for unifying complex product catalogs.
Proven ability to design and build new data architectures from the ground up, ensuring data reliability and integrity.
Skilled in transforming business vision into data-driven actions, developing AI-driven products, and delivering significant business impact through data analysis and optimization, including a 3x efficiency increase.
Experienced in democratizing data and collaborating with business stakeholders to drive data quality and insights.",
4337174316,Software Dev Engineer,"Software Dev Engineer

4 Months

Hybrid London

Up to £300 a day

Inside IR35

Key Skills: Python, React + Javascript / Typescript



As a Software Development Engineer in the European Technical Operations Solutions team, you will develop software solutions to support Customer Fulfillment programs, driving operational improvements across the global fulfillment network.



Key Responsibilities

• Solution Development: Create applications for workstations and mobile devices used in daily fulfillment operations.

• Optimization Tools: Develop web tools and real-time dashboards to optimize resource utilization and drive operational processes.

• Service Enhancements: Improve services managed by Ops engineering teams, such as Amazon Fulfillment Technologies (AFT).

• Operational Processes: Standardize processes and reduce manual touchpoints to enhance efficiency.

• Automation: Implement automation to improve operational tasks, reduce manual efforts, and speed up response times.

• KPIs: Directly influence scale KPIs (e.g., manual effort, response times) and core customer fulfillment KPIs (e.g., cost, speed, DEA, transportation capacity).

Collaboration and Implementation

• Team Collaboration: Work closely with Product Managers, Operations teams, and peers on projects with clear business solutions and high-level technical strategies.

• Design and Development: Perform in-depth analysis of the business requirements and create comprehensive low-level technical designs for you and your team to implement





Qualifications

• Technical experience: Experience with cloud computing (preferably AWS) and software development including programming in any modern object-oriented language (preferably Java and Python). Some frontend development experience preferable (React + Javascript / Typescript).

• Stakeholder Management: Ability to collaborate with both technical and non-technical stakeholders.

• Autonomy and Drive: Capable of driving software development and resolving issues independently.“



If you are interested please apply or send your CV to luke.sandilands@cpl.com",Cpl Life Sciences,https://uk.linkedin.com/company/cpl-life-sciences?trk=public_jobs_topcard-org-name,https://uk.linkedin.com/jobs/view/software-dev-engineer-at-cpl-life-sciences-4337174316?trk=public_jobs_topcard-title,2025-11-20 10:43:18,Luke Sandilands,https://uk.linkedin.com/in/luke-sandilands-56267299,,,"Hi Luke, I noticed your Software Dev Engineer opening and wanted to connect as a freelance expert, not an applicant for the full-time role. My focus is on delivering immediate operational improvements through software and automation. For example, I developed an ML/optimization algorithm at Arm that created a 3x increase in efficiency, and scaled data architectures for millions of users. If you're seeking to accelerate your team's operational KPIs, I'd be happy to discuss how I can contribute."
4337194063,Applied Data Scientists | $100/hr Remote | Mercor,"At Crossing Hurdles, we work as a referral partner. We refer candidates to Mercor that collaborates with the world’s leading AI research labs to build and train cutting-edge AI models.



Organization: Mercor

Position: Applied Data Scientist

Referral Partner: Crossing Hurdles

Type: Hourly contract

Compensation: $75–$100 per hour

Location: Remote

Commitment: 10–40 hours/week, flexible and asynchronous

Duration: Flexible



Role Responsibilities:

- Translate business questions into data science problems and analytical workflows.
- Conduct data wrangling, exploratory analysis, and hypothesis testing.
- Develop statistical models and predictive tools for decision support.
- Create compelling data visualizations and dashboards for business users.
- Present findings and recommendations to non-technical stakeholders.



Ideal Qualifications:

- Strong applied data science or analytics experience in business settings.
- Proficiency in Python or R (pandas, NumPy, Jupyter) and strong SQL skills.
- Experience with data visualization tools (e.g., Tableau, Power BI).
- Solid understanding of statistical modeling, experimentation, and A/B testing.
- Strong communication skills for translating technical work into strategic insights.



Application Process (Takes 20 min):

- Submit your resume
- AI interview based on your resume (15 min)
- Submit form",Crossing Hurdles,https://www.linkedin.com/company/crossinghurdles?trk=public_jobs_topcard-org-name,https://uk.linkedin.com/jobs/view/applied-data-scientists-%24100-hr-remote-mercor-at-crossing-hurdles-4337194063?trk=public_jobs_topcard-title,2025-11-20 09:41:00,,,,"Outcome-driven Data & AI Expert with a strong engineering background, specializing in applied data science and AI product development. Achieved a 3x increase in efficiency by developing a novel ML/optimization algorithm and scaled data architectures to support millions of users.

Proven ability to translate complex business questions into data science problems, performing in-depth data analysis to derive actionable insights, and building end-to-end AI-driven products for thousands of users.

Adept at developing statistical models, creating data visualizations, and communicating strategic recommendations to non-technical stakeholders, with experience leading technical vision for AI-driven platforms.",
4323532571,Senior Data Scientist (SC Clearance) - Causal Inference and Bayesian Modelling,"Senior Data Scientist (SC Clearance) - Causal Inference and Bayesian Modelling

Location: Remote – Occasional Workshop attendance (London)

Contract: 3 months

Rate: Negotiable

Ref: J13035



A Senior Data Scientist is required with strong experience in causal inference, causal AI, Bayesian modelling and Python, to support highly specialised work involving advanced statistical techniques, graph based methods and experimentation to uncover true cause and effect within complex datasets.



The role requires active SC clearance, the ability to work independently, and confidence contributing to a small, highly technical team.



This is a three month engagement starting mid-December, mostly remote with occasional workshops in London.



If you have strong hands on experience in Python, causal modelling, Bayesian methods, and statistical reasoning, we want be keen to speak with you.



Please contact Datatech on 01256314660 or email adrian.clarke@datatech.org.uk.",Datatech Analytics,https://uk.linkedin.com/company/datatech-analytics?trk=public_jobs_topcard-org-name,https://uk.linkedin.com/jobs/view/senior-data-scientist-sc-clearance-causal-inference-and-bayesian-modelling-at-datatech-analytics-4323532571?trk=public_jobs_topcard-title,2025-11-20 13:41:16,Adrian Clarke,https://uk.linkedin.com/in/adrian-clarke-819a5346,,,"Hi Adrian,

I noticed your Senior Data Scientist role focusing on Causal Inference and Bayesian Modelling, which also requires SC clearance. While my core expertise is in end-to-end AI product development and scaling data architectures, I wanted to connect as a freelance AI & Data Engineer.

I specialize in building impactful AI solutions and optimizing data systems, such as developing novel ML/optimization algorithms that delivered 3x efficiency gains. If you have needs in these areas, I'd be happy to discuss how I could contribute immediately.

Best regards,
Giuseppe Intilla"
4337168357,Full Stack Engineer,"We are looking for a senior fullstack software engineer to join one of our clients. You will be the main developer responsible for the backend service, with a strong focus on performance, reliability, and scalability to support thousands of concurrent users and high-frequency external service integrations. While backend expertise is essential, you should also have solid experience in modern frontend development and be ready to suggest improvements and adopt new technologies across the stack.



Our tech stack includes: Python, FastAPI, ReactJS, Typescript, Tailwind, Vite, Redis, MongoDB, PostgreSQL, Alembic, Azure DevOps, Docker, Kubernetes, and AWS. Experience with infrastructure is a plus, but not a main requirement—our infra team handles deployments and operations.



Responsibilities

- Lead backend architecture and development, ensuring high performance and reliability.
- Make key technical decisions and drive architectural improvements.
- Proactively propose and implement enhancements on both backend and frontend.
- Ensure backend and frontend code are well tested, using Playwright for end-to-end and integration tests.
- Collaborate with other engineers and stakeholders to deliver robust, user-friendly solutions.



Requirements

- 3+ years of professional experience in full stack development.
- Proficiency in React.js , JavaScript (ES6+), HTML5, and CSS3.
- Strong experience in Python and at least one web framework (Django, Flask, or FastAPI).
- Experience with RESTful API design and integration.
- Familiarity with relational and/or NoSQL databases (e.g., PostgreSQL, MySQL, MongoDB).
- Knowledge of Git and version control workflows.
- Understanding of software development best practices, including agile methodologies and test-driven development.
- Fluent in English (B2/C1 level)



What can you expect

- Team of passionate people who love what they do.
- Opportunity to learn and grow.
- Possible training or certification subsidies.

",Engenious,https://pl.linkedin.com/company/engenious?trk=public_jobs_topcard-org-name,https://es.linkedin.com/jobs/view/full-stack-engineer-at-engenious-4337168357?trk=public_jobs_topcard-title,2025-11-20 16:30:36,Konrad Olszówka,https://pl.linkedin.com/in/konrad-olszowka-507607114,,,"Hi Konrad,

I noticed your search for a Full Stack Engineer at Engenious, particularly the focus on backend performance, reliability, and scalability for thousands of concurrent users. While I'm not seeking a full-time position, I'm a freelance expert in these areas. I've successfully scaled data architectures to support millions of users and designed robust backend systems from scratch. I'd be keen to discuss how my immediate expertise could help you achieve your backend goals."
4337204113,"Founder, (Its not a job, its getting your startup\idea supported)","Founder Opportunity | Build & Own Your Company with Expert Backing

Commitment: Full-time



Starting your own business can feel risky, lonely, and overwhelming. But with the right partner, proven strategies, and access to capital, your vision can turn into a thriving company faster than you think.

I’m Eric Frank, a Startup Consultant & Investor Relations Professional with:

- 10+ years of experience guiding founders and ventures globally
- A strong network of 5,000+ investors, VCs, and startup founders
- Experience raising over $35M across 30+ equity and debt deals
- Expertise in strategy, fundraising, branding, and scaling businesses

Now, I’m looking for ambitious Founders ready to take the leap and build their own company or brand—with professional guidance and support every step of the way.



Who This Is For

- Professionals with skills or domain expertise (tech, consulting, design, marketing, finance, operations, etc.) who want to own their own venture
- Ambitious individuals ready to commit resources (time, money, or both) toward building a business
- People who have an idea but no roadmap, or those who don’t yet have an idea but know they want to build
- Anyone seeking a trusted partner with the network, credibility, and experience to make things happen

Potential Venture Areas

- SaaS & Tech (AI, B2B tools, marketplaces)
- Consumer Brands (Lifestyle, D2C, Fashion)
- Social Impact & EdTech ventures
- Investment & Consulting platforms
- Creative Ventures (Design, Media, Arts-driven businesses)



Why Join as a Founder?

Because waiting rarely makes risk disappear—it only delays opportunity. With the right foundation, your risk becomes an investment. This is your chance to own a company, shape its direction, and benefit directly from its growth.

I provide the strategy, capital access, and credibility—you bring passion, skills, and ambition. Together, we turn ideas into profitable ventures.

📩 How to Take the First Step

If you’ve ever thought, “I want to start something, but I don’t know how or with whom” , this is your invitation. Send me a short introduction about your background, skills, and the type of business you’d love to build.

Let’s make your entrepreneurial leap safer, faster, and more rewarding.

",Eric Frank,https://www.linkedin.com/company/eric-frank?trk=public_jobs_topcard-org-name,https://ch.linkedin.com/jobs/view/founder-its-not-a-job-its-getting-your-startup-idea-supported-at-eric-frank-4337204113?trk=public_jobs_topcard-title,2025-11-20 11:19:54,,,,"Entrepreneurial Co-Founder & CTO with a proven track record in launching and scaling AI-driven ventures. I led the technical vision and development of a novel Business Intelligence platform, demonstrating expertise in AI product strategy and robust data architecture design. My experience includes successfully developing and deploying end-to-end AI-driven products for thousands of students, and scaling data architectures to support millions of users. I've driven innovation, developing a novel ML/optimization algorithm that delivered a 3x efficiency increase, and was selected for a competitive Venture Builder. Combining strong technical leadership, product management, and an entrepreneurial mindset, I am poised to build and own a high-impact tech company, leveraging my expertise in Generative AI and system scaling.",
4347023461,Interim Transformation Lead (SaaS Company),"We are supporting a private-equity backed international software group that is entering a major organisational transformation. As the company moves toward a more focused operating model, we are assembling an interim transformation team to work closely with senior leadership.



Role: Interim Senior Transformation Consultant (individual or small team)



Scope

You will help shape and execute a company-wide transformation roadmap, working alongside a senior PMO lead and C-level stakeholders. The focus is on simplifying the organization, sharpening commercial direction, improving cross-functional effectiveness and preparing the business for its next growth phase.



Profile

We are looking for a mid- to senior-level professional with experience in:

• enterprise software or tech-enabled business models

• transformation / PMO work in complex organizations

• hands-on execution, structured problem solving, and, stakeholder management

• working in PE-backed environments (a plus)



This project offers close exposure to the investor, high strategic relevance, and the opportunity to drive a multi-year transformation end-to-end.

- If you are interested in being considered, feel free to reach out or join the vetted network at Fintalent.com — the platform for on-demand M&A, transformation and corporate development professionals.",Fintalent.com,https://uk.linkedin.com/company/fintalentio?trk=public_jobs_topcard-org-name,https://de.linkedin.com/jobs/view/interim-transformation-lead-saas-company-at-fintalent-com-4347023461?trk=public_jobs_topcard-title,2025-11-20 17:16:53,,,,"Highly entrepreneurial Co-Founder & CTO with a strong background in leading technical vision and product strategy for AI-driven SaaS platforms. Proven ability to drive significant organizational impact, including scaling data architectures to support millions of users and developing algorithms that delivered a 3x efficiency increase. Expert in designing and executing strategic initiatives, structured problem-solving, and stakeholder management, preparing tech-enabled businesses for their next growth phase.",
4337098455,Senior Backend Engineer,"Senior Backend Engineer

UK Remote

6 Month Contract





A fantastic contract role has opened up for a highly skilled Senior Backend Engineer with strong expertise in Python or Java. This is an exciting chance to join a leading technology company known for its high engineering standards and innovative approach to distributed systems.



In this position, the Senior Backend Engineer will play a central role in building and scaling mission-critical, data-heavy applications. You'll be involved across the full engineering lifecycle - from system design through to development and delivery - taking ownership of solutions that drive real impact.



Working closely with an Engineering Manager and collaborating with cross-functional teams, the Senior Backend Engineer will help shape and implement microservices-based architectures, while making use of modern technologies such as AWS, Kubernetes, Docker, and Kafka. You'll also focus on improving performance, reliability, and scalability, contributing to design discussions, code reviews, and knowledge sharing across the team.





Senior Backend Engineer - Key Skills & Experience:



- Strong background in backend software engineering, with significant commercial experience
- Advanced proficiency in Python or Java, with hands-on expertise in AWS, Kubernetes, and Docker
- Experience designing and architecting systems end-to-end
- Proven track record of working with complex, large-scale data applications
- Product-driven mindset and experience working in fast-moving, tech-focused organisations (e.g. start-ups or scale-ups)
- Additional skills with Kafka, Cassandra, gRPC, and microservices design are highly advantageous
- Open-source contributions are a plus





This is an excellent opportunity for a Senior Backend Engineer who thrives on tackling technical challenges and wants to make a tangible impact. The client is looking to move quickly, so if this sounds like the role for you, don't hesitate to apply.



We are an equal opportunities employer and welcome applications from all suitably qualified persons regardless of their race, sex, disability, religion/belief, sexual orientation, or age.",Fruition Group,https://uk.linkedin.com/company/fruition-it?trk=public_jobs_topcard-org-name,https://uk.linkedin.com/jobs/view/senior-backend-engineer-at-fruition-group-4337098455?trk=public_jobs_topcard-title,2025-11-20 15:43:13,Caitlin Chapman,https://uk.linkedin.com/in/caitlin-chapman-65461a207,,,"Hi Caitlin, I noticed your Senior Backend Engineer contract role and wanted to connect. While I'm not seeking a full-time position, I help companies like Fruition Group solve immediate backend scaling challenges as a freelance expert. My experience scaling data architectures for millions of users and designing new data systems from the ground up at Arm aligns perfectly with your need for robust, data-heavy applications. I'd be happy to explore how I can contribute quickly."
4337144701,Artificial Intelligence Engineer,"AI Engineer (SC) - Inside IR35 - Remote (UK)

£800 - 850/day



Harvey Nash are working with a UK Government body on an exciting project requiring an experienced AI Engineer. You will take over the AI leadership from a development perspective to work on a new experimental programme of work.

You will be highly experienced in Python, Generative AI & Large Language APIs.



Contract Details:

- 4 Months - extensions likely
- Remote (UK)
- £800 - 850/Day
- Inside IR35
- SC Clearance required
- ASAP Start



If you're interested in this role & meet the above requirements, please don't hesitate to apply.",Harvey Nash,https://uk.linkedin.com/company/harvey-nash?trk=public_jobs_topcard-org-name,https://uk.linkedin.com/jobs/view/artificial-intelligence-engineer-at-harvey-nash-4337144701?trk=public_jobs_topcard-title,2025-11-20 11:41:01,Frazer Allen,https://uk.linkedin.com/in/frazer-allen,,,"Hi Frazer, I saw your opening for an AI Engineer and wanted to reach out. I'm a freelance AI expert specializing in Generative AI and LLMs, keen to solve immediate problems for your experimental program.
My experience leading the technical vision for a novel AI-driven BI platform and developing a novel ML algorithm that increased efficiency 3x at Arm aligns well with your needs.
I'm not seeking a full-time role, but could offer immediate, high-impact support.
Would you be open to a brief chat to explore how I could contribute?"
4337224118,Sap Business Intelligence Consultant,"- Overall, 10-14 Years of experience with minimum 5-7 Years of Experience in SAP Analytic Cloud with at least 3 End to End projects implementations in SAC – Business Intelligence Analytics Application Dashboards
- Strong Technical experience with advanced scripting must develop SAC solutions to meet client expectations.
- Ability to manage the team, recommend best practices and optimized configuration in SAC .
- Hands on experience in SAC with BW/BW on HANA/BW4H.
- Good knowledge on Live and Import data model functionality.
- Experience in creation of complex stories using Linked Analysis, cross calculation, Input control, calculated measures, Aggregation, Threshold.
- Experience in working with hierarchies in dashboards in SAC.
- Experience in designing complex Analytical App using scripts.
- Good experience in SAC Security and administration, exposure to dimension and model level permissions.
- Good knowledge of visualization concept of reporting.
- Great communication client facing skills.

",Infoplus Technologies UK Limited,https://uk.linkedin.com/company/infoplus-technologies-uk-limited?trk=public_jobs_topcard-org-name,https://uk.linkedin.com/jobs/view/sap-business-intelligence-consultant-at-infoplus-technologies-uk-limited-4337224118?trk=public_jobs_topcard-title,2025-11-20 10:44:35,Santhosh L,https://in.linkedin.com/in/santhosh-l-ab6ab4227,,,"Hi Santhosh, I saw your opening for a SAP Business Intelligence Consultant. While my core expertise isn't in SAP Analytic Cloud, I'm a freelance AI & Data Engineer specializing in building and scaling advanced Business Intelligence platforms.
I've led the development of novel AI-driven BI platforms and scaled data architectures for millions of users.
If you have immediate needs for high-impact solutions in AI-driven data or general BI beyond SAP, I'd be happy to connect for a quick chat."
4323631700,"Data Scientist (NLP, LLM)","Job Description:

We are seeking a Data Scientist with expertise in Natural Language Processing (NLP) and Large Language Models (LLM). The ideal candidate should have a solid foundation in machine learning fundamentals and a passion for deriving insights from unstructured text data.



Key Responsibilities:

- Develop and implement NLP models and algorithms.
- Work with Large Language Models to enhance text-based applications.
- Apply machine learning techniques to solve business problems.
- Collaborate with cross-functional teams to integrate data-driven solutions.



Required Skills:

- Proficiency in NLP and working with LLMs.
- Basic understanding of machine learning concepts and techniques.
- Strong programming skills in Python or R.
- Experience with data manipulation and processing.",Insight International (UK) Ltd,https://uk.linkedin.com/company/insight-international-uk-ltd?trk=public_jobs_topcard-org-name,https://nl.linkedin.com/jobs/view/data-scientist-nlp-llm-at-insight-international-uk-ltd-4323631700?trk=public_jobs_topcard-title,2025-11-20 12:37:12,Priyanka Chelluri,https://in.linkedin.com/in/priyanka-chelluri-693778b3,,,"Hi Priyanka,
I noticed your search for a Data Scientist with NLP/LLM expertise. While I'm not seeking a full-time position, my freelance work focuses on immediately solving complex AI challenges. I have extensive experience developing and deploying end-to-end AI-driven products, including leveraging Generative AI, and previously developed novel ML algorithms that delivered significant efficiency gains. If you need rapid support to advance your text-based applications, I'd welcome a brief chat."
4337247827,Data Architect (Contract),"- Proven experience designing analytics data platforms & warehouses
- Strong data modelling (dimensional, semantic layers)
- Pipeline engineering with Airflow, DBT, Python
- Columnar/OLAP database experience
- Postgres performance tuning for analytics
- BI optimisation (Superset or similar)
- DataOps practices (testing, CI/CD, lineage)
- Open-source/on‑prem delivery experience

- Columnar stores (ClickHouse, Iceberg/Delta)
- Event-driven ingestion (Kafka, CDC)
- Superset advanced config
- HashiCorp Nomad/Terraform
- Data governance tools (Great Expectations, OpenLineage)",Instil,https://uk.linkedin.com/company/instilhq?trk=public_jobs_topcard-org-name,https://uk.linkedin.com/jobs/view/data-architect-contract-at-instil-4337247827?trk=public_jobs_topcard-title,2025-11-20 15:41:52,,,,"Highly accomplished Data Architect with a proven track record in designing, building, and scaling robust analytics data platforms and warehouses. Led the technical vision and development of a novel AI-driven Business Intelligence platform, demonstrating expertise in end-to-end data architecture, BI optimization, and data pipeline engineering. Successfully scaled data architectures to support millions of users and engineered new data systems from the ground up. Adept at leveraging modern data stack components and implementing robust data practices to deliver high-impact solutions.",
4347031846,Site Reliability Engineer,"Our client is one of the world’s leading manufacturers of semiconductor chip-making equipment. A majority of the world’s microchips receive their critical lithographic patterning in machines made by this organisation. In addition, they produce metrology tools and advanced applications to analyze and optimize the performance of the customer production process.



Job Mission

Troubleshoot short-term problems and translate, develop into structural improvements on our distributed data and compute platform infrastructure. Be accurate, be precise and help drive up the aggregate availability of the installs of these distributed computing systems in Korea, Taiwan, Israel, China and the US (etc.). Be part of the computing platform that is one of the main pillars under the production of the next-generation microchips of Apple, Samsung and many others.



Responsibilities:

- Create awareness in other teams about methods and procedures we use to help them to prevent repetitive help requests.
- Help application developers to understand the infrastructure / cluster / system
- “We are the team that is in charge of understanding & explaining how the system fits into the customer’s ecosystem”
- Share knowledge / mindset to other teams (dev/infra engineers)
- Cross functional, share knowledge between infra engineers
- Contribute towards building VCP as a Product which meets our standards of quality
- Increase stability and reliability of VCP by automated testing and automation
- Customer satisfaction and product reliability
- Improve the functionality and reliability of VCP
- Translate customer ecosystem needs to engineering deliverables
- Find the broken pieces of the puzzle at system/cluster level
- Combination of individual ‘stories’ in a complete book
- Make the VCP reliable by improving system resilience (bug-fixing and beyond)
- Resolve bugs in a sustaining way (implement regression test, design structural fixes)
- Ambassador of predictable component lifecycle management
- Technical roadmap maintenance (App life cycle management)
- Support feature and service request from the field
- Suggest improvements to our technical solutions and way of working, and implement them in alignment with your team and their stakeholders



Highly valued qualifications & experiences:

- Experience with DC/OS
- Experience with new technology introduction @ zero downtime including data migration
- Fan of automatic testing and qualification, if can be part of CI/CD pipeline.
- Affinity to dig deep into the details of networking issues
- Available to work (remotely) outside regular office hours when it proves that attempt to build a fail-safe system was not yet successful. We really want this to be an exception, not a rule.



Required qualifications & experiences:

- Knowledge of distributed computing systems, practical experience (must!)
- Experienced in build and release infrastructure, Maven, Nexus, Bamboo, Github
- Familiar with at least one scripting language (Python)
- Experience with Ansible
- Linux expert

",InterEx Group,https://uk.linkedin.com/company/interex-group?trk=public_jobs_topcard-org-name,https://de.linkedin.com/jobs/view/site-reliability-engineer-at-interex-group-4347031846?trk=public_jobs_topcard-title,2025-11-20 11:16:43,,,,"Highly accomplished Engineering professional with a strong background in building and scaling robust distributed systems. Proven expertise in designing and implementing data architectures from the ground up, including scaling platforms to support millions of users while ensuring high availability and performance. Delivered significant efficiency gains by developing novel algorithms, such as a 3x increase in bug discovery efficiency for critical engineering simulations. As a Co-Founder/CTO, I have led technical vision and product strategy, deploying end-to-end AI-driven products and translating complex technical challenges into reliable, customer-centric solutions. My experience includes improving system resilience, automating processes, and driving structural improvements in critical infrastructure, aligning perfectly with Site Reliability Engineering principles.",
4347041571,Site Reliability Engineer,"Our client is one of the world’s leading manufacturers of semiconductor chip-making equipment. A majority of the world’s microchips receive their critical lithographic patterning in machines made by this organisation. In addition, they produce metrology tools and advanced applications to analyze and optimize the performance of the customer production process.



Job Mission

Troubleshoot short-term problems and translate, develop into structural improvements on our distributed data and compute platform infrastructure. Be accurate, be precise and help drive up the aggregate availability of the installs of these distributed computing systems in Korea, Taiwan, Israel, China and the US (etc.). Be part of the computing platform that is one of the main pillars under the production of the next-generation microchips of Apple, Samsung and many others.



Responsibilities:

- Create awareness in other teams about methods and procedures we use to help them to prevent repetitive help requests.
- Help application developers to understand the infrastructure / cluster / system
- “We are the team that is in charge of understanding & explaining how the system fits into the customer’s ecosystem”
- Share knowledge / mindset to other teams (dev/infra engineers)
- Cross functional, share knowledge between infra engineers
- Contribute towards building VCP as a Product which meets our standards of quality
- Increase stability and reliability of VCP by automated testing and automation
- Customer satisfaction and product reliability
- Improve the functionality and reliability of VCP
- Translate customer ecosystem needs to engineering deliverables
- Find the broken pieces of the puzzle at system/cluster level
- Combination of individual ‘stories’ in a complete book
- Make the VCP reliable by improving system resilience (bug-fixing and beyond)
- Resolve bugs in a sustaining way (implement regression test, design structural fixes)
- Ambassador of predictable component lifecycle management
- Technical roadmap maintenance (App life cycle management)
- Support feature and service request from the field
- Suggest improvements to our technical solutions and way of working, and implement them in alignment with your team and their stakeholders



Highly valued qualifications & experiences:

- Experience with DC/OS
- Experience with new technology introduction @ zero downtime including data migration
- Fan of automatic testing and qualification, if can be part of CI/CD pipeline.
- Affinity to dig deep into the details of networking issues
- Available to work (remotely) outside regular office hours when it proves that attempt to build a fail-safe system was not yet successful. We really want this to be an exception, not a rule.



Required qualifications & experiences:

- Knowledge of distributed computing systems, practical experience (must!)
- Experienced in build and release infrastructure, Maven, Nexus, Bamboo, Github
- Familiar with at least one scripting language (Python)
- Experience with Ansible
- Linux expert

",InterEx Group,https://uk.linkedin.com/company/interex-group?trk=public_jobs_topcard-org-name,https://de.linkedin.com/jobs/view/site-reliability-engineer-at-interex-group-4347041571?trk=public_jobs_topcard-title,2025-11-20 10:16:45,,,,"Highly accomplished Engineering professional with a strong background in building and scaling robust distributed systems. Proven expertise in designing and implementing data architectures from the ground up, including scaling platforms to support millions of users while ensuring high availability and performance. Delivered significant efficiency gains by developing novel algorithms, such as a 3x increase in bug discovery efficiency for critical engineering simulations. As a Co-Founder/CTO, I have led technical vision and product strategy, deploying end-to-end AI-driven products and translating complex technical challenges into reliable, customer-centric solutions. My experience includes improving system resilience, automating processes, and driving structural improvements in critical infrastructure, aligning perfectly with Site Reliability Engineering principles.",
4341832081,Senior Backend Java Developer,"CONTRACT - Backend developer - Java - Hybrid/Remote - 6 - 12 MONTHS



Our client is currently Java Initiative programme which will be rolled out across their entire business in multiple entities and countries across Europe.



Currently, we are looking for a Senior solution architect with a specialism in sales and marketing.



- ASAP start
- Full Time but can ramp up slowly
- 4+ year project
- Fully remote



Must have great knowledge of Spring and Maven along with other backend tools.



I am looking to speak with professional English-speaking Developers. If you are interested in this position or know someone who would be perfect for this role please contact us.



- Seniority Level
- Mid-Senior level
- Industry
- Staffing and RecruitingInformation Technology and Services
- Employment Type
- Contract
- Job Functions
- Information Technology



We look forward to receiving your application!",InterEx Group,https://uk.linkedin.com/company/interex-group?trk=public_jobs_topcard-org-name,https://ch.linkedin.com/jobs/view/senior-backend-java-developer-at-interex-group-4341832081?trk=public_jobs_topcard-title,2025-11-20 11:20:38,,,,"Senior Software Engineer and Architect with a proven track record in designing, building, and scaling robust backend systems. Successfully led the development and deployment of complex, end-to-end software products, including scaling data architectures to support millions of users. Expertise encompasses architectural design, system optimization, and driving technical vision to deliver significant business impact. Eager to apply extensive experience in scalable solutions and engineering leadership to challenging backend initiatives.",
4341851915,Python Developer,"The role: You will be the team lead in the infrastructure and data engineering team. You will insure the full implementation of the software development life cycle and must look after your team.



Key Skills:

- Senior level of Python development
- Must have experience with data
- SQL, SALT and Linux is important for the role
- Past experience leading a team is required
- English fluency is a hard requirement
- Dutch is a bonus
- Any experience in machine learning or AI is a bonus



Details:

– Location: Almere

– Duration: 12 months

– Start date: ASAP

– Number of positions x1",InterEx Group,https://uk.linkedin.com/company/interex-group?trk=public_jobs_topcard-org-name,https://nl.linkedin.com/jobs/view/python-developer-at-interex-group-4341851915?trk=public_jobs_topcard-title,2025-11-20 10:37:11,,,,"Highly accomplished Data & AI Expert with a strong engineering background, specializing in Python development for robust data and infrastructure engineering.
Proven leader with CTO experience, adept at guiding technical vision and implementing the full software development lifecycle.
Successfully scaled data architectures to support millions of users and designed new data systems from the ground up.
Developed novel ML/optimization algorithms that delivered a 3x increase in efficiency, and deployed end-to-end AI-driven products for thousands of users.
Fluent in English and skilled in product strategy and team management.",
4332964160,Python Coding Specialist - AI Trainer,,Invisible Expert Marketplace,https://www.linkedin.com/company/invisible-expert-marketplace?trk=public_jobs_topcard-org-name,https://es.linkedin.com/jobs/view/python-coding-specialist-ai-trainer-at-invisible-expert-marketplace-4332964160?trk=public_jobs_topcard-title,2025-11-20 14:30:31,,,,"Highly accomplished Data & AI Expert with a strong engineering background, specializing in Python for AI/ML development and deployment. Proven track record of delivering significant business impact, including developing a novel ML/optimization algorithm that increased efficiency by 3x. Expert in designing and deploying end-to-end AI-driven products, enhancing user experiences for thousands of students. As Co-Founder/CTO, led the technical vision and development of an AI-driven Business Intelligence platform. Adept at scaling robust data architectures to support millions of users. Seeking to leverage deep expertise in Machine Learning, Generative AI, and Python to excel as an AI Trainer.",
4333073965,Python Coding Specialist - AI Trainer,,Invisible Expert Marketplace,https://www.linkedin.com/company/invisible-expert-marketplace?trk=public_jobs_topcard-org-name,https://uk.linkedin.com/jobs/view/python-coding-specialist-ai-trainer-at-invisible-expert-marketplace-4333073965?trk=public_jobs_topcard-title,2025-11-20 13:41:14,,,,"Highly accomplished AI Engineer and Python Coding Specialist with a proven track record in developing and deploying impactful AI solutions.
Expert in crafting novel machine learning and optimization algorithms using Python, including one that delivered a 3x efficiency increase.
Successfully designed and deployed end-to-end AI-driven products that enhanced the learning experience for thousands of students.
Adept at translating complex AI concepts into practical applications and building robust, scalable AI systems.
Possesses strong experience in technical vision and product strategy for AI-driven features, ensuring practical and effective solutions.
Seeking to leverage deep expertise in AI and Python to educate and empower others.",
4341912204,Backend Developer (Spring Boot / Node),"Backend Developer (Spring Boot / Node)



- Senior experience in Spring Boot
- Experience in Node
- AWS
- Camunda experience is beneficial
- 100% remote - MUST be based in Spain ONLY



For immediate consideration, please send your latest CV",ITHR Group plc,https://uk.linkedin.com/company/ithr-group-plc?trk=public_jobs_topcard-org-name,https://es.linkedin.com/jobs/view/backend-developer-spring-boot-node-at-ithr-group-plc-4341912204?trk=public_jobs_topcard-title,2025-11-20 12:30:46,Andrew M.,https://uk.linkedin.com/in/am-ithr,,,"Hi Andrew,

I noticed your Backend Developer role. While my core expertise is in AI and Data Engineering, and I'm based in Italy, I wanted to connect as a freelance expert.

I specialize in scaling data architectures for millions of users and developing impactful AI-driven products. If you have immediate needs in these areas, I'd be happy to discuss how I can contribute.

Would you be open to a quick call?"
1014961622,,,,,,2025-11-21 05:54:53,,,,"Proactive and entrepreneurial Data & AI Expert with a strong engineering background. As Co-Founder & CTO, led the technical vision and development of a novel, AI-driven Business Intelligence platform.

Proven ability to deliver significant business impact, including developing a novel ML/optimization algorithm that achieved a 3x efficiency increase.

Expert in scaling robust data architectures to support millions of users and designing new data systems from the ground up.

Skilled in end-to-end AI product development, combining deep technical expertise with strategic product vision.",
4337099131,Node Engineer - Mid Level,"At Lumenalta, we create impactful software solutions that drive innovation and transform businesses. Since 2000, we’ve partnered with visionary leaders to build cutting-edge tech, solve complex challenges, and deliver results faster through our elite teams and tech-driven approach. Join us in shaping the future of technology.



Experience Remote done Right. Over 20 years of remote experience, all 500+ staff are 100% remote and we still grow vibrant relationships, provide exceptional opportunities for career growth while working with stellar clients on ambitious projects



What we're working on:

Enterprise companies turn to us to help them launch innovative digital products that interact with hundreds of millions of customers, transactions and data points. The problems we solve daily are real and require creativity, grit and determination. We are building a culture that challenges norms while fostering experimentation and personal growth. In order to grasp the scale of problems we face, ideally, you have some exposure to Logistics, FinTech, Transportation, Insurance, Media or other complex multifactor industries



Requirements

- 3+ years of professional experience (A technical assessment will be required)
- Experience with Javascript, NodeJS, Express, Mongo
- Ability to create clean, modern, testable, well-documented code
- Serverless experience with AWS lambda or Azure functions
- Advanced English fluency, verbal and written
- Professional, empathic, team player
- Problem solver, proactive, go-getter



Why Lumenalta is an amazing place to work at

At Lumenalta, you can expect that you will:

- Be 100% dedicated to one project at a time so that you can innovate and grow.
- Be a part of a team of talented and friendly senior-level developers.
- Work on projects that allow you to use leading tech.



The result? We produce meaningful outcomes for our clients that break barriers in their industries.



The job is 100% remote, please ensure you have a comfortable office setup at your desired work location.



Lumenalta is committed to hiring exceptional talent from a wide variety of diverse backgrounds. If you share our values and enthusiasm for digital transformation, we encourage you to apply.



Location:

This is a fully remote position open to candidates based in Europe or regions with compatible time zones . To ensure effective collaboration with our client and team, candidates must maintain a 6-hour overlap with Eastern U.S. business hours .



Application Deadline

This is an evergreen opening with no set deadline; we’re always excited to connect with professionals who want to help us build the future",Lumenalta,https://www.linkedin.com/company/lumenalta?trk=public_jobs_topcard-org-name,https://es.linkedin.com/jobs/view/node-engineer-mid-level-at-lumenalta-4337099131?trk=public_jobs_topcard-title,2025-11-20 17:33:00,,,,"Proactive and entrepreneurial engineer with 3+ years of experience in building impactful software solutions and scaling complex data architectures.
Proven ability to design and deploy end-to-end AI-driven products for thousands of users and scale data architectures to support millions, ensuring high availability and performance.
Expert in data architecture design, having built new data architectures from the ground up and led the technical vision for novel Business Intelligence platforms.
Developed and implemented a novel ML/optimization algorithm that delivered a 3x increase in efficiency, demonstrating strong problem-solving and innovation capabilities.
A go-getter with an entrepreneurial mindset, adept at tackling complex challenges and driving digital transformation.",
4337168663,Javascript Fullstack Engineer - Mid-Level,"At Lumenalta, we create impactful software solutions that drive innovation and transform businesses. Since 2000, we’ve partnered with visionary leaders to build cutting-edge tech, solve complex challenges, and deliver results faster through our elite teams and tech-driven approach. Join us in shaping the future of technology.



What we're working on:

We help enterprise clients launch digital products that reach millions of users. Solving our daily challenges requires creativity and grit. Our culture supports experimentation and growth. Experience in complex industries like Logistics, FinTech, or Media is a plus.



Requirements

- 3+ years of professional experience (technical assessment required)
- Frontend (React.js) and backend (Node, Express, Mongo, SQL) expertise
- Clean, testable, well-documented code
- Advanced English fluency
- Team player, proactive problem solver



The job is 100% remote, please make sure you have a comfortable office setup at your desired work location.



Location:

This is a fully remote position open to candidates based in Europe or regions with compatible time zones . To ensure effective collaboration with our client and team, candidates must maintain a 6-hour overlap with Eastern U.S. business hours .



Application Deadline

This is an evergreen opening with no set deadline; we’re always excited to connect with professionals who want to help us build the future",Lumenalta,https://www.linkedin.com/company/lumenalta?trk=public_jobs_topcard-org-name,https://nl.linkedin.com/jobs/view/javascript-fullstack-engineer-mid-level-at-lumenalta-4337168663?trk=public_jobs_topcard-title,2025-11-20 16:37:59,,,,"Entrepreneurial Co-Founder & CTO with a robust engineering background, specializing in building and scaling high-impact digital products and complex software solutions.
Successfully led the technical vision and development of a novel AI-driven Business Intelligence platform, and designed resilient data architectures supporting millions of users.
Proven ability to solve complex challenges and drive innovation, evidenced by developing a novel ML/optimization algorithm that delivered a 3x efficiency increase.
A proactive problem-solver with an entrepreneurial mindset, adept at translating technical vision into cutting-edge software solutions for diverse user bases.",
4337079111,Node Engineer - Mid Level,"At Lumenalta, we create impactful software solutions that drive innovation and transform businesses. Since 2000, we’ve partnered with visionary leaders to build cutting-edge tech, solve complex challenges, and deliver results faster through our elite teams and tech-driven approach. Join us in shaping the future of technology.



Experience Remote done Right. Over 20 years of remote experience, all 500+ staff are 100% remote and we still grow vibrant relationships, provide exceptional opportunities for career growth while working with stellar clients on ambitious projects



What we're working on:

Enterprise companies turn to us to help them launch innovative digital products that interact with hundreds of millions of customers, transactions and data points. The problems we solve daily are real and require creativity, grit and determination. We are building a culture that challenges norms while fostering experimentation and personal growth. In order to grasp the scale of problems we face, ideally, you have some exposure to Logistics, FinTech, Transportation, Insurance, Media or other complex multifactor industries



Requirements

- 3+ years of professional experience (A technical assessment will be required)
- Experience with Javascript, NodeJS, Express, Mongo
- Ability to create clean, modern, testable, well-documented code
- Serverless experience with AWS lambda or Azure functions
- Advanced English fluency, verbal and written
- Professional, empathic, team player
- Problem solver, proactive, go-getter



Why Lumenalta is an amazing place to work at

At Lumenalta, you can expect that you will:

- Be 100% dedicated to one project at a time so that you can innovate and grow.
- Be a part of a team of talented and friendly senior-level developers.
- Work on projects that allow you to use leading tech.



The result? We produce meaningful outcomes for our clients that break barriers in their industries.



The job is 100% remote, please ensure you have a comfortable office setup at your desired work location.



Lumenalta is committed to hiring exceptional talent from a wide variety of diverse backgrounds. If you share our values and enthusiasm for digital transformation, we encourage you to apply.



Location:

This is a fully remote position open to candidates based in Europe or regions with compatible time zones . To ensure effective collaboration with our client and team, candidates must maintain a 6-hour overlap with Eastern U.S. business hours .



Application Deadline

This is an evergreen opening with no set deadline; we’re always excited to connect with professionals who want to help us build the future",Lumenalta,https://www.linkedin.com/company/lumenalta?trk=public_jobs_topcard-org-name,https://nl.linkedin.com/jobs/view/node-engineer-mid-level-at-lumenalta-4337079111?trk=public_jobs_topcard-title,2025-11-20 17:40:32,,,,"Proactive and entrepreneurial Data & AI Expert with a strong engineering background, adept at building impactful software solutions for complex systems. Proven track record scaling data architectures to support millions of users and designing innovative data platforms from the ground up. Developed novel ML/optimization algorithms that delivered a 3x increase in efficiency, demonstrating a commitment to driving significant business outcomes. As a Co-Founder/CTO, I've led technical vision and developed AI-driven products, aligning with Lumenalta's focus on cutting-edge tech and solving challenging problems. Eager to leverage deep problem-solving skills and a results-oriented approach in a dynamic remote environment.",
4337228572,Node Engineer - Mid Level,"At Lumenalta, we create impactful software solutions that drive innovation and transform businesses. Since 2000, we’ve partnered with visionary leaders to build cutting-edge tech, solve complex challenges, and deliver results faster through our elite teams and tech-driven approach. Join us in shaping the future of technology.



Experience Remote done Right. Over 20 years of remote experience, all 500+ staff are 100% remote and we still grow vibrant relationships, provide exceptional opportunities for career growth while working with stellar clients on ambitious projects



What we're working on:

Enterprise companies turn to us to help them launch innovative digital products that interact with hundreds of millions of customers, transactions and data points. The problems we solve daily are real and require creativity, grit and determination. We are building a culture that challenges norms while fostering experimentation and personal growth. In order to grasp the scale of problems we face, ideally, you have some exposure to Logistics, FinTech, Transportation, Insurance, Media or other complex multifactor industries



Requirements

- 3+ years of professional experience (A technical assessment will be required)
- Experience with Javascript, NodeJS, Express, Mongo
- Ability to create clean, modern, testable, well-documented code
- Serverless experience with AWS lambda or Azure functions
- Advanced English fluency, verbal and written
- Professional, empathic, team player
- Problem solver, proactive, go-getter



Why Lumenalta is an amazing place to work at

At Lumenalta, you can expect that you will:

- Be 100% dedicated to one project at a time so that you can innovate and grow.
- Be a part of a team of talented and friendly senior-level developers.
- Work on projects that allow you to use leading tech.



The result? We produce meaningful outcomes for our clients that break barriers in their industries.



The job is 100% remote, please ensure you have a comfortable office setup at your desired work location.



Lumenalta is committed to hiring exceptional talent from a wide variety of diverse backgrounds. If you share our values and enthusiasm for digital transformation, we encourage you to apply.



Location:

This is a fully remote position open to candidates based in Europe or regions with compatible time zones . To ensure effective collaboration with our client and team, candidates must maintain a 6-hour overlap with Eastern U.S. business hours .



Application Deadline

This is an evergreen opening with no set deadline; we’re always excited to connect with professionals who want to help us build the future",Lumenalta,https://www.linkedin.com/company/lumenalta?trk=public_jobs_topcard-org-name,https://nl.linkedin.com/jobs/view/node-engineer-mid-level-at-lumenalta-4337228572?trk=public_jobs_topcard-title,2025-11-20 17:37:57,,,,"Proactive and entrepreneurial Data & AI Expert with a strong engineering background, adept at building impactful software solutions for complex systems. Proven track record scaling data architectures to support millions of users and designing innovative data platforms from the ground up. Developed novel ML/optimization algorithms that delivered a 3x increase in efficiency, demonstrating a commitment to driving significant business outcomes. As a Co-Founder/CTO, I've led technical vision and developed AI-driven products, aligning with Lumenalta's focus on cutting-edge tech and solving challenging problems. Eager to leverage deep problem-solving skills and a results-oriented approach in a dynamic remote environment.",
4337089077,Node Engineer - Mid Level,"At Lumenalta, we create impactful software solutions that drive innovation and transform businesses. Since 2000, we’ve partnered with visionary leaders to build cutting-edge tech, solve complex challenges, and deliver results faster through our elite teams and tech-driven approach. Join us in shaping the future of technology.



Experience Remote done Right. Over 20 years of remote experience, all 500+ staff are 100% remote and we still grow vibrant relationships, provide exceptional opportunities for career growth while working with stellar clients on ambitious projects



What we're working on:

Enterprise companies turn to us to help them launch innovative digital products that interact with hundreds of millions of customers, transactions and data points. The problems we solve daily are real and require creativity, grit and determination. We are building a culture that challenges norms while fostering experimentation and personal growth. In order to grasp the scale of problems we face, ideally, you have some exposure to Logistics, FinTech, Transportation, Insurance, Media or other complex multifactor industries



Requirements

- 3+ years of professional experience (A technical assessment will be required)
- Experience with Javascript, NodeJS, Express, Mongo
- Ability to create clean, modern, testable, well-documented code
- Serverless experience with AWS lambda or Azure functions
- Advanced English fluency, verbal and written
- Professional, empathic, team player
- Problem solver, proactive, go-getter



Why Lumenalta is an amazing place to work at

At Lumenalta, you can expect that you will:

- Be 100% dedicated to one project at a time so that you can innovate and grow.
- Be a part of a team of talented and friendly senior-level developers.
- Work on projects that allow you to use leading tech.



The result? We produce meaningful outcomes for our clients that break barriers in their industries.



The job is 100% remote, please ensure you have a comfortable office setup at your desired work location.



Lumenalta is committed to hiring exceptional talent from a wide variety of diverse backgrounds. If you share our values and enthusiasm for digital transformation, we encourage you to apply.



Location:

This is a fully remote position open to candidates based in Europe or regions with compatible time zones . To ensure effective collaboration with our client and team, candidates must maintain a 6-hour overlap with Eastern U.S. business hours .



Application Deadline

This is an evergreen opening with no set deadline; we’re always excited to connect with professionals who want to help us build the future",Lumenalta,https://www.linkedin.com/company/lumenalta?trk=public_jobs_topcard-org-name,https://pt.linkedin.com/jobs/view/node-engineer-mid-level-at-lumenalta-4337089077?trk=public_jobs_topcard-title,2025-11-20 17:34:21,,,,"Proactive and entrepreneurial engineer with 3+ years of experience in building impactful software solutions and scaling complex data architectures.
Proven ability to design and deploy end-to-end AI-driven products for thousands of users and scale data architectures to support millions, ensuring high availability and performance.
Expert in data architecture design, having built new data architectures from the ground up and led the technical vision for novel Business Intelligence platforms.
Developed and implemented a novel ML/optimization algorithm that delivered a 3x increase in efficiency, demonstrating strong problem-solving and innovation capabilities.
A go-getter with an entrepreneurial mindset, adept at tackling complex challenges and driving digital transformation.",
4337068709,Javascript Fullstack Engineer - Mid-Level,"At Lumenalta, we create impactful software solutions that drive innovation and transform businesses. Since 2000, we’ve partnered with visionary leaders to build cutting-edge tech, solve complex challenges, and deliver results faster through our elite teams and tech-driven approach. Join us in shaping the future of technology.



What we're working on:

We help enterprise clients launch digital products that reach millions of users. Solving our daily challenges requires creativity and grit. Our culture supports experimentation and growth. Experience in complex industries like Logistics, FinTech, or Media is a plus.



Requirements

- 3+ years of professional experience (technical assessment required)
- Frontend (React.js) and backend (Node, Express, Mongo, SQL) expertise
- Clean, testable, well-documented code
- Advanced English fluency
- Team player, proactive problem solver



The job is 100% remote, please make sure you have a comfortable office setup at your desired work location.



Location:

This is a fully remote position open to candidates based in Europe or regions with compatible time zones . To ensure effective collaboration with our client and team, candidates must maintain a 6-hour overlap with Eastern U.S. business hours .



Application Deadline

This is an evergreen opening with no set deadline; we’re always excited to connect with professionals who want to help us build the future",Lumenalta,https://www.linkedin.com/company/lumenalta?trk=public_jobs_topcard-org-name,https://nl.linkedin.com/jobs/view/javascript-fullstack-engineer-mid-level-at-lumenalta-4337068709?trk=public_jobs_topcard-title,2025-11-20 16:38:58,,,,"Entrepreneurial Co-Founder & CTO with a robust engineering background, specializing in building and scaling high-impact digital products and complex software solutions.
Successfully led the technical vision and development of a novel AI-driven Business Intelligence platform, and designed resilient data architectures supporting millions of users.
Proven ability to solve complex challenges and drive innovation, evidenced by developing a novel ML/optimization algorithm that delivered a 3x efficiency increase.
A proactive problem-solver with an entrepreneurial mindset, adept at translating technical vision into cutting-edge software solutions for diverse user bases.",
4337068713,Javascript Fullstack Engineer - Mid-Level,"At Lumenalta, we create impactful software solutions that drive innovation and transform businesses. Since 2000, we’ve partnered with visionary leaders to build cutting-edge tech, solve complex challenges, and deliver results faster through our elite teams and tech-driven approach. Join us in shaping the future of technology.



What we're working on:

We help enterprise clients launch digital products that reach millions of users. Solving our daily challenges requires creativity and grit. Our culture supports experimentation and growth. Experience in complex industries like Logistics, FinTech, or Media is a plus.



Requirements

- 3+ years of professional experience (technical assessment required)
- Frontend (React.js) and backend (Node, Express, Mongo, SQL) expertise
- Clean, testable, well-documented code
- Advanced English fluency
- Team player, proactive problem solver



The job is 100% remote, please make sure you have a comfortable office setup at your desired work location.



Location:

This is a fully remote position open to candidates based in Europe or regions with compatible time zones . To ensure effective collaboration with our client and team, candidates must maintain a 6-hour overlap with Eastern U.S. business hours .



Application Deadline

This is an evergreen opening with no set deadline; we’re always excited to connect with professionals who want to help us build the future",Lumenalta,https://www.linkedin.com/company/lumenalta?trk=public_jobs_topcard-org-name,https://nl.linkedin.com/jobs/view/javascript-fullstack-engineer-mid-level-at-lumenalta-4337068713?trk=public_jobs_topcard-title,2025-11-20 16:39:00,,,,"Entrepreneurial Co-Founder & CTO with a robust engineering background, specializing in building and scaling high-impact digital products and complex software solutions.
Successfully led the technical vision and development of a novel AI-driven Business Intelligence platform, and designed resilient data architectures supporting millions of users.
Proven ability to solve complex challenges and drive innovation, evidenced by developing a novel ML/optimization algorithm that delivered a 3x efficiency increase.
A proactive problem-solver with an entrepreneurial mindset, adept at translating technical vision into cutting-edge software solutions for diverse user bases.",
4337228292,Javascript Fullstack Engineer - Mid-Level,"At Lumenalta, we create impactful software solutions that drive innovation and transform businesses. Since 2000, we’ve partnered with visionary leaders to build cutting-edge tech, solve complex challenges, and deliver results faster through our elite teams and tech-driven approach. Join us in shaping the future of technology.



What we're working on:

We help enterprise clients launch digital products that reach millions of users. Solving our daily challenges requires creativity and grit. Our culture supports experimentation and growth. Experience in complex industries like Logistics, FinTech, or Media is a plus.



Requirements

- 3+ years of professional experience (technical assessment required)
- Frontend (React.js) and backend (Node, Express, Mongo, SQL) expertise
- Clean, testable, well-documented code
- Advanced English fluency
- Team player, proactive problem solver



The job is 100% remote, please make sure you have a comfortable office setup at your desired work location.



Location:

This is a fully remote position open to candidates based in Europe or regions with compatible time zones . To ensure effective collaboration with our client and team, candidates must maintain a 6-hour overlap with Eastern U.S. business hours .



Application Deadline

This is an evergreen opening with no set deadline; we’re always excited to connect with professionals who want to help us build the future",Lumenalta,https://www.linkedin.com/company/lumenalta?trk=public_jobs_topcard-org-name,https://pt.linkedin.com/jobs/view/javascript-fullstack-engineer-mid-level-at-lumenalta-4337228292?trk=public_jobs_topcard-title,2025-11-20 16:34:18,,,,"Entrepreneurial Co-Founder & CTO with a robust engineering background, specializing in building and scaling high-impact digital products and complex software solutions.
Successfully led the technical vision and development of a novel AI-driven Business Intelligence platform, and designed resilient data architectures supporting millions of users.
Proven ability to solve complex challenges and drive innovation, evidenced by developing a novel ML/optimization algorithm that delivered a 3x efficiency increase.
A proactive problem-solver with an entrepreneurial mindset, adept at translating technical vision into cutting-edge software solutions for diverse user bases.",
4337168654,Javascript Fullstack Engineer - Mid-Level,"At Lumenalta, we create impactful software solutions that drive innovation and transform businesses. Since 2000, we’ve partnered with visionary leaders to build cutting-edge tech, solve complex challenges, and deliver results faster through our elite teams and tech-driven approach. Join us in shaping the future of technology.



What we're working on:

We help enterprise clients launch digital products that reach millions of users. Solving our daily challenges requires creativity and grit. Our culture supports experimentation and growth. Experience in complex industries like Logistics, FinTech, or Media is a plus.



Requirements

- 3+ years of professional experience (technical assessment required)
- Frontend (React.js) and backend (Node, Express, Mongo, SQL) expertise
- Clean, testable, well-documented code
- Advanced English fluency
- Team player, proactive problem solver



The job is 100% remote, please make sure you have a comfortable office setup at your desired work location.



Location:

This is a fully remote position open to candidates based in Europe or regions with compatible time zones . To ensure effective collaboration with our client and team, candidates must maintain a 6-hour overlap with Eastern U.S. business hours .



Application Deadline

This is an evergreen opening with no set deadline; we’re always excited to connect with professionals who want to help us build the future",Lumenalta,https://www.linkedin.com/company/lumenalta?trk=public_jobs_topcard-org-name,https://es.linkedin.com/jobs/view/javascript-fullstack-engineer-mid-level-at-lumenalta-4337168654?trk=public_jobs_topcard-title,2025-11-20 16:32:08,,,,"Entrepreneurial Co-Founder & CTO with a robust engineering background, specializing in building and scaling high-impact digital products and complex software solutions.
Successfully led the technical vision and development of a novel AI-driven Business Intelligence platform, and designed resilient data architectures supporting millions of users.
Proven ability to solve complex challenges and drive innovation, evidenced by developing a novel ML/optimization algorithm that delivered a 3x efficiency increase.
A proactive problem-solver with an entrepreneurial mindset, adept at translating technical vision into cutting-edge software solutions for diverse user bases.",
4337188440,Javascript Fullstack Engineer - Mid-Level,"At Lumenalta, we create impactful software solutions that drive innovation and transform businesses. Since 2000, we’ve partnered with visionary leaders to build cutting-edge tech, solve complex challenges, and deliver results faster through our elite teams and tech-driven approach. Join us in shaping the future of technology.



What we're working on:

We help enterprise clients launch digital products that reach millions of users. Solving our daily challenges requires creativity and grit. Our culture supports experimentation and growth. Experience in complex industries like Logistics, FinTech, or Media is a plus.



Requirements

- 3+ years of professional experience (technical assessment required)
- Frontend (React.js) and backend (Node, Express, Mongo, SQL) expertise
- Clean, testable, well-documented code
- Advanced English fluency
- Team player, proactive problem solver



The job is 100% remote, please make sure you have a comfortable office setup at your desired work location.



Location:

This is a fully remote position open to candidates based in Europe or regions with compatible time zones . To ensure effective collaboration with our client and team, candidates must maintain a 6-hour overlap with Eastern U.S. business hours .



Application Deadline

This is an evergreen opening with no set deadline; we’re always excited to connect with professionals who want to help us build the future",Lumenalta,https://www.linkedin.com/company/lumenalta?trk=public_jobs_topcard-org-name,https://ie.linkedin.com/jobs/view/javascript-fullstack-engineer-mid-level-at-lumenalta-4337188440?trk=public_jobs_topcard-title,2025-11-20 16:46:50,,,,"Highly accomplished Software Engineer with a strong background in building and scaling impactful digital products for millions of users. Proven expertise in designing and deploying end-to-end solutions, including robust data architectures and AI-driven features. As a Co-Founder/CTO, I've led technical vision and product strategy, delivering novel solutions that significantly enhance efficiency and user experience. My entrepreneurial mindset and proactive problem-solving skills are geared towards tackling complex challenges and driving innovation in fast-paced environments.",
4337238522,Node Engineer - Mid Level,"At Lumenalta, we create impactful software solutions that drive innovation and transform businesses. Since 2000, we’ve partnered with visionary leaders to build cutting-edge tech, solve complex challenges, and deliver results faster through our elite teams and tech-driven approach. Join us in shaping the future of technology.



Experience Remote done Right. Over 20 years of remote experience, all 500+ staff are 100% remote and we still grow vibrant relationships, provide exceptional opportunities for career growth while working with stellar clients on ambitious projects



What we're working on:

Enterprise companies turn to us to help them launch innovative digital products that interact with hundreds of millions of customers, transactions and data points. The problems we solve daily are real and require creativity, grit and determination. We are building a culture that challenges norms while fostering experimentation and personal growth. In order to grasp the scale of problems we face, ideally, you have some exposure to Logistics, FinTech, Transportation, Insurance, Media or other complex multifactor industries



Requirements

- 3+ years of professional experience (A technical assessment will be required)
- Experience with Javascript, NodeJS, Express, Mongo
- Ability to create clean, modern, testable, well-documented code
- Serverless experience with AWS lambda or Azure functions
- Advanced English fluency, verbal and written
- Professional, empathic, team player
- Problem solver, proactive, go-getter



Why Lumenalta is an amazing place to work at

At Lumenalta, you can expect that you will:

- Be 100% dedicated to one project at a time so that you can innovate and grow.
- Be a part of a team of talented and friendly senior-level developers.
- Work on projects that allow you to use leading tech.



The result? We produce meaningful outcomes for our clients that break barriers in their industries.



The job is 100% remote, please ensure you have a comfortable office setup at your desired work location.



Lumenalta is committed to hiring exceptional talent from a wide variety of diverse backgrounds. If you share our values and enthusiasm for digital transformation, we encourage you to apply.



Location:

This is a fully remote position open to candidates based in Europe or regions with compatible time zones . To ensure effective collaboration with our client and team, candidates must maintain a 6-hour overlap with Eastern U.S. business hours .



Application Deadline

This is an evergreen opening with no set deadline; we’re always excited to connect with professionals who want to help us build the future",Lumenalta,https://www.linkedin.com/company/lumenalta?trk=public_jobs_topcard-org-name,https://ie.linkedin.com/jobs/view/node-engineer-mid-level-at-lumenalta-4337238522?trk=public_jobs_topcard-title,2025-11-20 17:47:38,,,,"Proactive and entrepreneurial Data & AI Expert with a strong engineering background, adept at building impactful software solutions for complex systems. Proven track record scaling data architectures to support millions of users and designing innovative data platforms from the ground up. Developed novel ML/optimization algorithms that delivered a 3x increase in efficiency, demonstrating a commitment to driving significant business outcomes. As a Co-Founder/CTO, I've led technical vision and developed AI-driven products, aligning with Lumenalta's focus on cutting-edge tech and solving challenging problems. Eager to leverage deep problem-solving skills and a results-oriented approach in a dynamic remote environment.",
4341663309,Technical Consultant Freelance,"Technical Consultant Freelance – Full Remote (Italia)



Tipo di impiego: Full Time

Durata contratto: 12 mesi (inizio previsto 11/01/2026)

Seniority richiesta: Senior (>5 anni)

Sede: Full Remote – Italia



Descrizione del ruolo:

Cerchiamo un Technical Consultant esperto in grado di fare da ponte tra stakeholder e team di sviluppo. Il candidato ideale sarà capace di raccogliere, analizzare e trasferire i requisiti in modo chiaro ed efficace, seguendo processi complessi in ambienti cloud e basati su microservizi. Il ruolo richiede solide competenze tecniche, eccellenti capacità comunicative e la gestione completa delle attività, dal requirement gathering alla validazione.

Responsabilità principali:

- Raccogliere e documentare i requisiti dagli stakeholder e tradurli in specifiche tecniche per i team di sviluppo.
- Monitorare le attività di sviluppo tramite Jira e garantire il follow-up dei punti aperti.
- Validare casi di test funzionali e tecnici.
- Supportare gli sviluppatori durante l’implementazione di soluzioni basate su microservizi.
- Produrre documentazione tecnica chiara per team interni e stakeholder.
- Comprendere i processi CI/CD e i deployment pipeline per supportare le attività di delivery.

Competenze tecniche obbligatorie:

- AWS: buona conoscenza dell’ambiente e dei principali servizi (non è richiesta la certificazione di Solution Architect).
- Kubernetes: conoscenza di pod, deployment, job e ingress.
- Git: ottima comprensione di pull request e workflow di versionamento.
- REST API: conoscenza dei principi e delle best practice.
- Esperienza diretta nello sviluppo di soluzioni a microservizi.
- Capacità di scrivere documentazione tecnica.

Competenze non tecniche obbligatorie:

- Jira: capacità di tracciare le attività, monitorare gli aggiornamenti e coordinarsi con i team di sviluppo.
- Validazione dei casi di test tecnici e funzionali.
- Gestione dei punti aperti e follow-up con gli stakeholder fino alla risoluzione.
- Inglese: livello C1 (B2 considerato se il candidato è molto forte nelle altre competenze e disposto a migliorare).

Competenze aggiuntive (Nice-to-Have):

- Esperienza nello sviluppo con Node.js, Typescript, Angular o SQL.
- Conoscenza di altri cloud provider (Azure/GCP) e BigQuery.
- Esperienza con strumenti CI/CD come ArgoCD, Concourse o Kustomize.
- Comprensione dei processi di release management e pipeline automatizzate.

Lingue richieste:

- Inglese (C1) – obbligatorio
- Italiano (B2) – opzionale

Requisiti di seniority:

- Esperienza di almeno 5 anni in ruoli di technical consulting o ambienti di sviluppo.

",MA (Montreal Associates),https://es.linkedin.com/company/montreal-associates?trk=public_jobs_topcard-org-name,https://it.linkedin.com/jobs/view/technical-consultant-freelance-at-ma-montreal-associates-4341663309?trk=public_jobs_topcard-title,2025-11-20 09:27:03,Giorgia Rosati,https://uk.linkedin.com/in/giorgia-rosati,,,"Hi Giorgia,

I noticed your Technical Consultant Freelance role and believe my background as a Co-Founder/CTO, leading technical vision and designing core data architectures, aligns well. I've consistently bridged stakeholder needs with development, translating product strategy into AI-driven features.

My experience scaling data architectures for millions of users and building new ones from scratch demonstrates my ability to navigate complex cloud and microservices environments. As a freelance expert, I can immediately support your team in requirement gathering and technical documentation.

Would you be open to a brief call to explore how I can contribute?"
4323524051,ALTERYX Developer,"ALTERYX Developer

We are seeking an ALTERYX Developer to design, develop, and maintain workflows and data transformation processes.



2 Month Freelance Contract

Remote working – Spain



Main Responsibilities

- Design, develop, and maintain workflows and data transformation processes using Alteryx Designer.
- Collaborate with business stakeholders to gather requirements and deliver data-driven solutions.
- Optimize workflows for performance and scalability, ensuring adherence to best practices.
- Support the Transformation and Delivery lead in client relationship management as needed to support solution delivery and issue resolution.



Required Skills & Experience

- 3 Years+ experience with ALTERYX
- Proven experience with Alteryx Designer and developing complex workflows.
- Strong understanding of data analytics, ETL processes, and data visualisation.
- Proficiency in working with large datasets and performing data transformations.

",MRP-Global,https://uk.linkedin.com/company/mrpglobal?trk=public_jobs_topcard-org-name,https://es.linkedin.com/jobs/view/alteryx-developer-at-mrp-global-4323524051?trk=public_jobs_topcard-title,2025-11-20 17:30:29,Christopher King,https://uk.linkedin.com/in/christopherking15,,,"Hi Christopher,

I noticed your search for an Alteryx Developer. While my primary expertise lies in AI and Data Engineering, I have extensive experience designing and scaling data architectures for millions of users and building robust data transformation pipelines from the ground up.

As a freelance expert, I excel at quickly delivering solutions to complex data challenges. Would you be open to a brief call to discuss how my broader data engineering and system scaling skills could support your project?"
4341873038,TECNICAL PROJECT MANAGER IT,"TECHNICAL PROJECT MANAGER (TPM) a partecipazione , contratto a partecipazione economica per asset internazionale in fase avanzata per il lancio.



⚠️ Important Notice



An advanced level of proficiency in the Italian language is a mandatory requirement for this position.

Applications that do not meet this criterion will be automatically rejected. If you do not possess this requirement, please do not proceed with your application, as it will not be considered.



OFFERTA LAVORATIVA — TECHNICAL PROJECT MANAGER IT (TPM)



Collaborazione a partecipazione



A differenza delle posizioni tradizionali, questa non è una posizione con stipendio fisso o compenso a progetto. La nostra collaborazione prevede una partecipazione diretta agli utili del software e dell’asset tecnologico NewtonThrust, fino al 40% dell’utile complessivo, ripartito equamente tra i membri del team coinvolti nello sviluppo e nella crescita dell’azienda.



L’attività inizia immediatamente, con inserimento diretto nel flusso operativo già attivo del team R&D, collaborando su progetti avanzati e strategie operative in real-time. Si tratta di un’opportunità unica per entrare in un asset innovativo, internazionale e scalabile, con un ruolo strategico nello sviluppo del brand e dei prodotti.



Chi siamo



Mediarketing Technology dispone di una struttura differenziante, che opera nello sviluppo strategico e operativo di modelli di business omnichannel e multicanale, progettando ecosistemi tecnologici attraverso l’integrazione di strategie, comunicazione, design, performance, tecnologia, analisi e dati. Il nostro business si fonda su un’innovazione protetta da brevetti internazionali, capace di rispondere alle sfide più complesse del panorama B2B, in ogni settore e dimensione aziendale.



All’interno di questa visione strategica, abbiamo sviluppato uno degli asset più esclusivi: NewtonThrust, un modello di business innovativo progettato per automatizzare e ottimizzare le operazioni B2B e B2C, risolvendo le inefficienze dei portali esistenti nella filiera automotive e migliorando drasticamente l’esperienza di tutti gli attori del mercato. NewtonThrust gestisce l’intera filiera, incluse le trattative intra-comunitarie e extra-UE, e automatizza tutti i processi, garantendo efficienza, scalabilità e tracciabilità.



NewtonThrust è pronto a gestire grandi volumi di affari grazie a una soluzione end-to-end con processi avanzati che spaziano dalla gestione interna del database alla fiscalità automatizzata, dall’advertising alla configurazione personalizzata dei servizi di assistenza, fino alla gestione amministrativa integrata. La tecnologia, coperta da brevetti internazionali e NDA, è pensata per esigenze di mercato reali ed espansive, e il modello sarà replicabile in futuro in altri settori.



L’obiettivo di NewtonThrust è diventare garante di riferimento nel settore, includendo servizi come escrow e sicurezza delle transazioni, affermandosi come punto di fiducia e autorevolezza nel panorama automotive internazionale.



Posizione: Technical Project Manager IT (TPM)



Cerchiamo un professionista senior, operativo e visionario, capace di supportare direttamente il CTO e di garantire ordine, efficienza e qualità nel team tecnico. La figura sarà responsabile della gestione operativa dei progetti, della traduzione dei requisiti funzionali in attività tecniche, del coordinamento del team e del monitoraggio delle scadenze.



Il TPM sarà ponte operativo tra dev e figure C-level, contribuendo a stabilire priorità, milestone, roadmap e backlog, rimuovendo blocchi operativi e garantendo il successo degli obiettivi strategici. La figura collaborerà anche alle attività di recruiting tecnico, valutando candidati e supportando il CTO nella costruzione di team altamente performanti.



Responsabilità principali



- Tradurre requisiti funzionali e decisioni del CTO in task tecnici chiari e assegnabili
- Pianificare, organizzare e monitorare backlog, sprint e roadmap di sviluppo, con milestone chiare e misurabili
- Suddividere progetti complessi in attività gestibili, assegnandole al team e stabilendo priorità strategiche
- Monitorare quotidianamente avanzamenti, scadenze e rischi di ritardo, segnalando criticità al CTO e al board
- Coordinare il team tecnico, garantendo ritmo operativo costante, con meeting giornalieri, settimanali e review periodiche
- Collaborare con analisti funzionali e sviluppatori per garantire qualità e standard del codice e dei deliverable
- Effettuare code review, test operativi e controllo qualità, senza sostituire le scelte architetturali del CTO
- Organizzare la documentazione tecnica, report e aggiornamenti verso il CTO e il board
- Supportare il CTO nella costruzione di task, backlog e priorità, assicurando che le decisioni strategiche si traducano in attività operative
- Collaborare al recruiting e alla valutazione dei membri del team tecnico
- Garantire rispetto delle scadenze, qualità dei deliverable e aderenza agli standard tecnici e qualitativi
- Mantenere un flusso operativo chiaro e ordinato, anticipando criticità e proponendo soluzioni operative efficaci



Requisiti fondamentali



- Esperienza comprovata come Technical Project Manager o equivalente senior, con team di sviluppo software complessi
- Conoscenza approfondita di codice, architettura software e processi di sviluppo
- Esperienza nella gestione di backlog, sprint, roadmap e milestone
- Conoscenza e utilizzo di strumenti GitHub, GitLab, Notion, e sistemi di project management analoghi
- Ottime capacità di coordinamento del team, comunicazione e problem solving
- Lingua italiana fluente obbligatoria, scritta e parlata
- Autonomia e responsabilità, capacità di lavorare da remoto o ibrido con disponibilità minima di 4 ore al giorno
- Puntualità negli appuntamenti, rispetto delle scadenze e attenzione ai dettagli
- Visione strategica, capacità di anticipare criticità e proporre soluzioni operative
- Attitudine a lavorare in un contesto high-performance, meritocratico e internazionale



Competenze gradite



- Conoscenza di metodologie Agile, Scrum, Kanban
- Esperienza in code review, test operativi, QA e standard di sviluppo
- Capacità di interfacciarsi con figure C-Level, analisti funzionali e sviluppatori full-stack
- Esperienza in sviluppo software in contesti B2B e B2C, preferibilmente in settori automotive o tech avanzati
- Competenze in gestione workflow end-to-end, integrazione di strumenti e processi complessi
- Esperienza nella creazione di metriche di performance e reporting tecnico



Formula di collaborazione



La collaborazione inizierà con un pre-contratto di partecipazione, fase preparatoria di circa un mese e mezzo, utile per valutare compatibilità, stile e metodo. Successivamente si passerà a un contratto definitivo, che prevede:

- Monetizzazione diretta suddivisa tra i membri del team R&D
- Ingresso stabile nella struttura equity-based dell’asset tecnologico
- Coinvolgimento attivo nella valorizzazione economica e strategica dell’asset



NewtonThrust adotta un modello di crescita condivisa: non si tratta di un lavoro a stipendio fisso, ma di una collaborazione professionale a progetto, con partecipazione diretta agli utili aziendali, fino al 40% dell’utile complessivo ripartito tra i membri del team e i collaboratori direttamente coinvolti nello sviluppo dell’azienda.



Nota importante sulla candidatura



Per completare correttamente la candidatura, accedi al portale ufficiale di NewtonThrust R&D e segui il processo dedicato: inserisci i dati richiesti, rispondi alle domande di selezione, allega il tuo CV e visiona l’Intesa Precontrattuale.

Solo al termine, inviando il messaggio preimpostato al contatto ufficiale del CHRO tramite WhatsApp, la tua candidatura sarà considerata valida e presa in esame dal team di selezione.



Le candidature che non completano l’intero processo tramite il portale non verranno prese in considerazione.

In caso di allineamento con i requisiti e la vision del team R&D, verrai ricontattato direttamente per la fase di validazione finale.

",NewtonThrust™,https://www.linkedin.com/company/newtonthrust?trk=public_jobs_topcard-org-name,https://it.linkedin.com/jobs/view/tecnical-project-manager-it-at-newtonthrust%E2%84%A2-4341873038?trk=public_jobs_topcard-title,2025-11-20 14:28:09,Andrea Speranza,https://it.linkedin.com/in/andrea-speranza-732ba217,,,"Ciao Andrea,

Ho letto con interesse la vostra ricerca per un Technical Project Manager IT per NewtonThrust e la formula di collaborazione a partecipazione.

Come Co-Founder/CTO, ho guidato la visione tecnica e la strategia di prodotto per piattaforme AI-driven, e ho esperienza nel progettare e scalare architetture dati per milioni di utenti.

Non sto cercando un ruolo a tempo pieno, ma come freelance potrei supportare immediatamente il vostro CTO nel tradurre la visione strategica in task operativi e garantire l'efficienza del team R&D.

Sarei lieto di approfondire come le mie competenze possano accelerare il successo di NewtonThrust."
4337640774,Head of Engineering - Remote (Portugal Based) - Fixed-Term 12 Months,"- Lead a team of engineering managers: Manage and grow 3-6 Engineering Managers, their teams (20-40 engineers total), and Staff engineers. Coach your managers on team building, technical decisions, and delivery challenges;
- Shape technical direction: Guide architecture and system design decisions across your domain. Set standards for code quality, testing, and observability that align with organizational goals;
- Drive delivery and prioritization: Ensure teams have clear roadmap(s) tied to business strategy. Help balance speed with sustainability, managing technical debt and making smart trade-offs;
- Build engineering capability: Hire great talent and create an environment where people grow. Partner with Product and Design leadership to translate strategy into execution;
- Champion quality and operational excellence: Use metrics to improve. Ensure production-ready deliverables that meet SLOs and organizational KPIs.

- 5+ years managing engineering teams, including experience managing other engineering managers and staff engineers.
- 8+ years as a software engineer with hands-on experience building large-scale distributed systems;
- Strong technical foundation in service-oriented architecture, container orchestration, and modern development practices;
- Track record of developing people and building high-performing teams;
- Excellent communication skills and experience collaborating with Product, Design, and Technology partners;
- Proficient in English (written and verbal).

- Experience in multi-country or distributed engineering organizations;
- Leading platform migrations or large-scale technical transformations;
- Contributing to engineering strategy and organizational standards.

- Flexible benefits plan (Coverflex)
- 3 extra vacation days
- Health Insurance Multicare (extendable to family)
- Life Insurance
- Remote work monthly allowance
- Meal Allowance (10€ net per day in meal card)
- Urban Sports subscription (pack M)
- English & Portuguese Classes
- Welcome pack",OLX,https://nl.linkedin.com/company/olx-group?trk=public_jobs_topcard-org-name,https://pt.linkedin.com/jobs/view/head-of-engineering-remote-portugal-based-fixed-term-12-months-at-olx-4337640774?trk=public_jobs_topcard-title,2025-11-20 22:34:10,,,,"Visionary Co-Founder & CTO with a proven track record in shaping technical direction and driving large-scale engineering initiatives. Successfully scaled data architectures to support millions of users and designed robust data systems from the ground up. Led the technical vision and product strategy for a novel AI-driven Business Intelligence platform, delivering a 3x increase in efficiency through a novel ML/optimization algorithm. Expert in deploying end-to-end AI products, fostering high-performing teams, and partnering with product leadership to translate strategy into execution, ensuring production-ready deliverables and operational excellence.",
4337074295,"Product Engineer, Full Stack/AI, Contract | Python, TypeScript, AWS | Scale up, Creative Tools | £550-675 per day - Outside IR35 | 6 Months Initial | UK remote","Product Engineer, Full Stack/AI, Contract | Python, TypeScript, AWS | Scale up, Creative Tools | £550-675 per day - Outside IR35 | 6 Months Initial | UK remote



Opportunity:

We’re supporting an innovative, fast-moving team. They’re building cutting-edge creative production tools, and are looking for a Full Stack Python Engineer with strong Python, React experience and startup mindset. This is a remote role, giving you autonomy while you design, build and scale applications that power creative workflows in industries like media and digital production.



You’ll be delivering greenfield features end-to-end, working closely with creative teams, and solving unique technical challenges with modern web and cloud technologies.



What You’ll Be Doing as a Product Engineer, Full Stack/AI, Contract | Python, TypeScript, AWS | Scale up, Creative Tools | £550-675 per day - Outside IR35 | 6 Months Initial | UK remote

- Build and maintain dynamic, responsive web interfaces with React , TypeScript , and modern CSS.
- Implement state management solutions (e.g., Redux , Zustand ) for seamless user experiences.
- Design and develop robust backend services and APIs with Python , Django , FastAPI , including both REST and GraphQL.
- Architect and maintain scalable database solutions (SQL/NoSQL).
- Deploy and manage applications using Docker , Kubernetes , and Terraform in AWS environments.
- Maintain CI/CD pipelines, monitor application health, and ensure uptime and performance.
- Collaborate cross-functionally with designers, product managers, and engineers to deliver high-quality products.
- Innovate and drive solutions for unique technical challenges in creative workflows.
- Contribute to tools integrated with creative software (e.g., Houdini, Nuke, DaVinci Resolve).



Core Skills for the Product Engineer, Full Stack/AI, Contract | Python, TypeScript, AWS | Scale up, Creative Tools | £550-675 per day - Outside IR35 | 6 Months Initial | UK remote

- Strong proficiency in React , TypeScript , and modern web development best practices.
- Solid backend experience with Python , Django , FastAPI , and database design.
- Knowledge of state management libraries like Redux or Zustand .
- Familiarity with DevOps practices, CI/CD pipelines, and cloud deployment on AWS .
- Experience with containerisation and orchestration ( Docker , Kubernetes ).
- Understanding of scalable architecture patterns and data integrity principles.
- Ability to work autonomously, with a proven track record of delivering end-to-end products.
- Excellent problem-solving and communication skills.



Nice to Have:

- Experience working in startups or high-growth environments.
- Familiarity with creative production tools such as Houdini , Nuke , DaVinci Resolve .
- Knowledge of ReactFlow or similar frameworks for node-graph-driven applications .
- Passion for creative automation and solving unique technical challenges.



Details for the Product Engineer, Full Stack/AI, Contract | Python, TypeScript, AWS | Scale up, Creative Tools | £550-675 per day - Outside IR35 | 6 Months Initial | UK remote

- Location: Remote (Work from anywhere in the UK)
- Type: Contract, full-time
- Rate: GBP525-675 per day Outside IR35
- Start: ASAP",Owen Thomas | Pending B Corp™,https://uk.linkedin.com/company/owen-thomas-talent?trk=public_jobs_topcard-org-name,https://uk.linkedin.com/jobs/view/product-engineer-full-stack-ai-contract-python-typescript-aws-scale-up-creative-tools-%C2%A3550-675-per-day-outside-ir35-6-months-initial-uk-remote-at-owen-thomas-pending-b-corp%E2%84%A2-4337074295?trk=public_jobs_topcard-title,2025-11-20 09:41:09,Harry Ellis,https://uk.linkedin.com/in/harry-ellis-049b53122,,,"Hi Harry, I saw your opening for a Product Engineer, Full Stack/AI and wanted to reach out. I'm a freelance AI & Data Engineer focused on delivering immediate impact, not a full-time applicant. My background includes leading AI-driven product development as a Co-Founder/CTO and designing novel ML algorithms that delivered 3x efficiency gains. I believe my expertise in building and scaling AI solutions can quickly accelerate your creative production tools. Would you be open to a brief chat?"
4337223771,"JavaScript Developer, Contractor, Full-stack | NodeJS, TypeScript, React, AWS | Disruptive Start-up, B2C | Rate c/ £500/day (Outside) | 6-months | UK remote or London Hybrid","JavaScript Developer, Contractor, Full-stack | NodeJS, TypeScript, React, AWS | Disruptive Start-up, B2C | Rate c/ £500/day (Outside) | 6-months | UK remote or London Hybrid



Opportunity:



We’re supporting an innovative, fast-moving founding team. They’re building an innovative B2C platform with lots of partnerships already signed up! Very exciting opportunity to take a lot of responsibility and work in a small team with proven founders and engineers - on a disruptive and data-heavy B2C application.



You’ll work closely with the founding team to build scalable, secure, and high-performance systems that deliver an exceptional user experience.



What You’ll Be Doing as a JavaScript Developer, Contractor, Backend Engineering | NodeJS, TypeScript, AWS | Disruptive Start-up, B2C | Rate £500/day (Outside) | 6-months | London, Hybrid



- Develop, maintain, and optimize robust backend services and APIs that power our mobile and web platforms
- Design and implement low-latency event processing pipelines
- Ensure backend infrastructure is reliable, scalable, and secure
- Enhance database efficiency and refine data storage strategies
- Maintain comprehensive multi-layered test coverage
- Collaborate closely with frontend and mobile teams to define and deliver API contracts
- Set up and manage effective monitoring, logging, and alerting systems
- Influence architectural decisions and help establish engineering best practices
- Conduct code reviews and provide mentorship to junior developers
- Explore and integrate new technologies to expand platform capabilities
- Work with product and design teams to convert requirements into scalable technical solutions
- Continuously refine development workflows and improve system performance





What You’ll Need as a JavaScript Developer, Contractor, Backend Engineering | NodeJS, TypeScript, AWS | Disruptive Start-up, B2C | Rate £500/day (Outside) | 6-months | London, Hybrid



- 6+ years commercial experience in Backend technologies, with majority focused on NodeJS.
- Proven track record of start-up experience, working for cool innovative consumer b2c brands where you've taken ownership.
- Confidence working on huge datasets and complex API work
- Great communication skills and attitude to get your hands dirty across the stack and business challenges.
- Nice to have: Full stack experience, with TypeScript



JavaScript Developer, Contractor, Backend Engineering | NodeJS, TypeScript, AWS | Disruptive Start-up, B2C | Rate £500/day (Outside) | 6-months | London, Hybrid

- Location: Remote
- Type: Contract, full-time
- Rate: circa £500/day
- Start: ASAP",Owen Thomas | Pending B Corp™,https://uk.linkedin.com/company/owen-thomas-talent?trk=public_jobs_topcard-org-name,https://uk.linkedin.com/jobs/view/javascript-developer-contractor-full-stack-nodejs-typescript-react-aws-disruptive-start-up-b2c-rate-c-%C2%A3500-day-outside-6-months-uk-remote-or-london-hybrid-at-owen-thomas-pending-b-corp%E2%84%A2-4337223771?trk=public_jobs_topcard-title,2025-11-20 09:43:09,Harry Ellis,https://uk.linkedin.com/in/harry-ellis-049b53122,,,"Hi Harry,

I noticed your search for a JavaScript Developer, Backend Contractor. While my primary stack is Python/Scala, my expertise lies in architecting and scaling robust backend systems for high-growth, data-heavy startups.

As a freelance AI & Data Engineer, I've scaled data architectures for millions of users and led the technical vision for AI-driven platforms as a Co-Founder/CTO. I can immediately contribute to your disruptive B2C platform.

Would you be open to a brief call to discuss accelerating your project?"
4336721686,Data Analyst (0 Experience Required),"For thousands of years, maps have provided humans with the knowledge they need to make decisions. As a Maps Evaluator, you will have the opportunity to provide ground truth for your town, city or country.



At Peroptyx, we are looking for Data Analysts who will review mapping data for digital mapping applications. Your research capabilities will validate and ensure that the navigation of certain routes are accurate and safe.



As part of this role you will verify that business names and opening hours are correct. You will check that the distance from a starting point to an end destination is listed accurately resulting in better user experiences.



With this job you can plan your days around this highly flexible working schedule, work weekends or late evenings, all from the comfort of your own office. The flexibility of our roles minimizes the impact on your daily routine.



So, whether you are a student looking to earn as you learn, a retiree looking for a new challenge a part-time/full time professional or a work from home parent, Peroptyx has the right role for you!



Benefits

- Work up to 20 hours per week.
- Earn a competitive rate of pay.
- Develop your research skills.
- Avoid the long commute.
- Work from the comfort of your home office.
- Enjoy the flexibility of setting your own working hours!



Ideal Candidate

- Fluent in English and Italian.
- Excellent research skills.
- Excellent local knowledge of your home country.
- Good understanding and general knowledge of the geography and culture of Italy.
- Analytical mindset.



Job Requirements

- Must be living in Italy for a minimum of 5 consecutive years.
- Must pass an online open-book exam that can verify your full understanding of the material and concepts.
- Must be willing to work a minimum of 10 hours and up to 20 hours per week depending on task availability.
- Good working knowledge of search engines, map applications and familiarity with social media platforms.
- Strong ability to learn, understand and apply multiple sets of different instructions.
- All work must be of an independent nature.





Apply Online Today!



Work From Home - WFH - Remote - Freelance - Telecommuting - Flexible",Peroptyx,https://ie.linkedin.com/company/peroptyx?trk=public_jobs_topcard-org-name,https://it.linkedin.com/jobs/view/data-analyst-0-experience-required-at-peroptyx-4336721686?trk=public_jobs_topcard-title,2025-11-20 10:26:50,,,,"Highly analytical professional with a strong background in data analysis and problem-solving, fluent in both Italian (native) and English. My experience includes performing in-depth data analysis to derive actionable insights and developing solutions that enhance user experiences.

With a deep understanding of Italian geography and culture, I am adept at meticulously reviewing information, ensuring data accuracy, and applying detailed instructions independently to validate digital mapping data.",
4336632030,Data Analyst (0 Experience Required),"For thousands of years, maps have provided humans with the knowledge they need to make decisions. As a Maps Evaluator, you will have the opportunity to provide ground truth for your town, city or country.



At Peroptyx, we are looking for Data Analysts who will review mapping data for digital mapping applications. Your research capabilities will validate and ensure that the navigation of certain routes are accurate and safe.



As part of this role you will verify that business names and opening hours are correct. You will check that the distance from a starting point to an end destination is listed accurately resulting in better user experiences.



With this job you can plan your days around this highly flexible working schedule, work weekends or late evenings, all from the comfort of your own office. The flexibility of our roles minimizes the impact on your daily routine.



So, whether you are a student looking to earn as you learn, a retiree looking for a new challenge a part-time/full time professional or a work from home parent, Peroptyx has the right role for you!



Benefits

- Work up to 20 hours per week.
- Earn a competitive rate of pay.
- Develop your research skills.
- Avoid the long commute.
- Work from the comfort of your home office.
- Enjoy the flexibility of setting your own working hours!



Ideal Candidate

- Fluent in English
- Excellent research skills.
- Excellent local knowledge of your home country.
- Good understanding and general knowledge of the geography and culture of Ireland.
- Analytical mindset.



Job Requirements

- Must be living in Ireland for a minimum of 5 consecutive years.
- Must pass an online open-book exam that can verify your full understanding of the material and concepts.
- Must be willing to work a minimum of 10 hours and up to 20 hours per week depending on task availability.
- Good working knowledge of search engines, map applications and familiarity with social media platforms.
- Strong ability to learn, understand and apply multiple sets of different instructions.
- All work must be of an independent nature.





Apply Online Today!



Research - Work From Home (WFH) - Remote Work - Data Analysis - Freelance - Telecommuting",Peroptyx,https://ie.linkedin.com/company/peroptyx?trk=public_jobs_topcard-org-name,https://ie.linkedin.com/jobs/view/data-analyst-0-experience-required-at-peroptyx-4336632030?trk=public_jobs_topcard-title,2025-11-20 10:45:57,,,,"Highly analytical and detail-oriented professional with a Master's in Mathematical Engineering, adept at ensuring data accuracy and enhancing user experiences. Proven ability to conduct in-depth data analysis, having developed AI-driven products for thousands of students and scaled data architectures for millions of users, demonstrating meticulous attention to detail.

My background includes designing and building data architectures from the ground up and developing algorithms that delivered a 3x increase in efficiency, underscoring strong problem-solving and validation skills. With an entrepreneurial mindset, I excel in independent work and applying complex instructions to ensure precise data evaluation for digital mapping applications.",
4336741476,AI Content Analyst (0 Experience Required),"Help Shape the Future of AI — From Anywhere



AI is revolutionising how we interact with technology. From news feeds to navigation, machine learning can tailor our digital experiences to meet our needs — anytime, anywhere.

With Peroptyx , you’ll have an opportunity to help make those experiences even smarter. We're looking for AI Content Analysts to assess the accuracy and relevance of human and AI-generated content. You’ll evaluate everything from search results to news stories, images, music and transit data — ensuring it all makes sense in the real world.



What’s in it for you?



✅ Total flexibility — set your own hours (weekends, evenings, whenever suits you)

✅ Fully remote — work from home, skip the commute

✅ Earn a competitive hourly rate

✅ Boost your research and analytical skills



Whether you're a student, a parent, a professional seeking part-time hours, or just someone who loves a flexible role — this is an opportunity to make a real impact from your home location.



_____________________________________________________________________



You’ll Succeed If You Are:

- Fluent in English
- A sharp researcher with great local knowledge (news, culture, media)
- Familiar with search engines, maps, and social platforms
- Analytical, self-motivated, and comfortable working independently
- Living in Ireland for 5+ consecutive years



_____________________________________________________________________



Requirements:

- Minimum 10–20 hours/week availability
- Must pass an online open-book assessment
- Laptop/PC with unique user account & up-to-date antivirus
- Only one applicant per household
- All tools/equipment at your own expense



______________________________________________________________________



Help train the next generation of AI — on your time, your terms

Join the Peroptyx Team — Apply Online Today!



Note: This is a freelance, independent contractor position.



Work From Home ~ WFH ~ Research ~ Telecommuting ~ Remote",Peroptyx,https://ie.linkedin.com/company/peroptyx?trk=public_jobs_topcard-org-name,https://ie.linkedin.com/jobs/view/ai-content-analyst-0-experience-required-at-peroptyx-4336741476?trk=public_jobs_topcard-title,2025-11-20 10:46:00,,,,"Highly analytical and self-motivated Data & AI Expert with a strong engineering background, adept at meticulously assessing AI-generated content for accuracy and real-world relevance. My experience as Co-Founder/CTO, leading the development of a novel AI-driven Business Intelligence platform, provides a deep understanding of complex AI systems and their outputs. I have a proven track record in designing and deploying end-to-end AI products for thousands of students, ensuring practical applicability. My problem-solving skills, demonstrated by developing an ML/optimization algorithm that delivered a 3x efficiency increase, ensure rigorous evaluation. Eager to apply my entrepreneurial mindset and analytical acumen to contribute to AI quality in a flexible, remote capacity.",
4341932070,Full Stack Developer con experiencia en Scraping de Redes Sociales,"Trabajamos en proyectos complejos de automatización, IA, scraping, dashboards, desarrollo web y crecimiento digital.

Estamos ampliando nuestro equipo técnico y buscamos un/a Full Stack Developer con experiencia real en scraping y automatización de datos , especialmente en plataformas como Instagram, TikTok, LinkedIn, Google Maps, Facebook, X, etc.

Si disfrutás programando, resolviendo problemas técnicos complejos y construyendo sistemas que procesan datos a escala, esta posición es para vos.

- Desarrollo y mantenimiento de scrapers personalizados para redes sociales, perfiles públicos, posts, comentarios, interacciones, métricas y otros endpoints.
- Implementación de sistemas robustos contra bloqueos, rate limits, captchas y detección anti-bot.
- Creación de pipelines de datos , limpieza, normalización y almacenamiento (PostgreSQL, Supabase, MySQL o similar).
- Desarrollo full stack de paneles internos, dashboards, herramientas de gestión y automatizaciones.
- Integración con APIs oficiales y no oficiales, proxys, rotating IPs y headless browsers.
- Optimización de rendimiento y escalabilidad.
- Colaboración directa con equipos de producto, IA y automatización (n8n, Activepieces, custom microservicios).
- Participación en la arquitectura técnica de nuevos proyectos.

- Experiencia comprobable desarrollando scrapers reales: Playwright, Puppeteer, Selenium, Requests, BeautifulSoup, Cheerio, etc.
- Conocimiento profundo de JavaScript/TypeScript y Python (uno de los dos obligatorio, ambos ideal).
- Experiencia consumiendo e integrando APIs (REST, websockets, tokens, OAuth).
- Conocimiento sólido de bases de datos SQL y NoSQL.
- Experiencia con frameworks backend como Node.js, Express, FastAPI, NestJS, Django o Flask .
- Experiencia en front (React, Next.js o similar) para paneles internos.
- Experiencia gestionando proxys, resoluciones de captcha, fingerprints y técnicas anti-detección.
- Trabajo previo con contenedores ( Docker ) y despliegues en VPS/Cloud.

Plus valorados:

- Experiencia con n8n , Activepieces, Supabase, Pinecone o sistemas de IA.
- Experiencia scrapings masivos de Instagram / Google Maps / TikTok.
- Conocimientos de DevOps (Traefik, PM2, CI/CD).

- Independiente, resolutivo y orientado a resultados.
- Capaz de trabajar bajo objetivos claros, sin microgestión.
- Creativo para evitar bloqueos de scraping y diseñar soluciones escalables.
- Proactivo, con mentalidad de “lo saco sí o sí”.
- Detallista y responsable con los tiempos de entrega.

- Modalidad 100% remota .
- Proyectos retadores y técnicamente exigentes.
- Trabajo directo con fundadores y equipo core.
- Estabilidad y continuidad a largo plazo.
- Cultura dinámica, transparente y de alto rendimiento.
- Oportunidad de liderar desarrollos y tomar decisiones técnicas reales.",ProZeus | Agencia Digital,https://es.linkedin.com/company/prozeus?trk=public_jobs_topcard-org-name,https://es.linkedin.com/jobs/view/full-stack-developer-con-experiencia-en-scraping-de-redes-sociales-at-prozeus-agencia-digital-4341932070?trk=public_jobs_topcard-title,2025-11-20 11:33:52,,,,"Proactive Data & AI Expert with a proven track record in scaling data architectures to support millions of users and designing robust data pipelines from the ground up. As Co-Founder/CTO, I led the technical vision and development of a novel AI-driven Business Intelligence platform, demonstrating expertise in building complex, end-to-end AI products and driving product strategy. My entrepreneurial mindset and strong problem-solving skills are ideal for developing scalable scraping solutions, implementing anti-detection systems, and optimizing data automation for high performance and complex data challenges.",
4337164739,Business Consultant - OT Data / UNS Architecture,"Business Consultant - OT Data / UNS Architecture



Industry 4.0



12 month engagement



B22 Freelancing role



- Drive sales by scoping and positioning consulting offers (innovation workshops, strategy, data/AI programs, migrations).
- Lead factory and business assessments; map value cases; build roadmaps, PoCs/pilots.
- Advise on IT/OT architecture (edge, connectivity, data integration) across design → build → run, including governance.
- Run innovation workshops with business and technical stakeholders; discover use cases and value propositions.
- Build commercially viable business cases and decision logic (cost, productivity, quality, safety).
- Provide digital-manufacturing thought leadership and customer inspiration.
- Act as front-of-house consultant with client executives and plant leadership; coordinate multi-disciplinary delivery teams.
- Produce customer deliverables: requirements analyses, presentations, reports; run on-site and virtual engagements.
- Grow the ecosystem with internal teams and external partners (startups, labs, research centers).



Qualifications / Experience Required:



- 5+ years in Industry 4.0 / smart-manufacturing roles (consulting or in-house) with measurable optimisation outcomes.
- Deep knowledge of IIoT architectures and players and hands-on experience implementing UNS in production environments.
- Proven experience crafting and executing Data/Digital strategy for manufacturing/logistics organisations.
- Strong background in technical architecture and data operations or data-service management across OT/IT (e.g., SCADA/MES/ERP integration, data pipelines, historians/cloud landing zones).
- Track record designing, improving and scaling digital-transformation solutions.
- Strong grasp of technology and data trends relevant to smart industry.
- Facilitation experience running innovation workshops with business and technical stakeholders.
- Ability to combine business and engineering viewpoints; trusted-advisor presence with C-level and plant leadership.
- Excellent communication and presentation skills; fluent English and German (written and spoken).
- Ways of working: self-driven, transparent, pragmatic, bold and energetic.

",Saunders Scott,https://uk.linkedin.com/company/saunders-scott?trk=public_jobs_topcard-org-name,https://de.linkedin.com/jobs/view/business-consultant-ot-data-uns-architecture-at-saunders-scott-4337164739?trk=public_jobs_topcard-title,2025-11-20 12:16:51,Oliver Minehane,https://uk.linkedin.com/in/oliver-minehane-82089b39,,,"Hi Oliver, I noticed your search for a Business Consultant focused on OT Data / UNS Architecture. As a freelance AI & Data Engineer, I specialize in delivering immediate impact for strategic data initiatives.

My experience includes leading the technical vision for novel AI-driven BI platforms and designing scalable data architectures from scratch, which directly translates to building robust IT/OT integration and driving measurable optimization outcomes.

I'd appreciate a brief 15-minute call to discuss how my expertise could accelerate your Industry 4.0 projects."
4337044523,Senior Data Engineer,"Principal Data Engineer – Outside IR35 – Fully Remote (UK ONLY) – Databricks Expertise

A leading consultancy is partnering with a major transport operator on a high-impact rail infrastructure programme. We’re seeking a Principal Data Engineer with deep expertise in Databricks, particularly around streaming data sources and real-time telemetry.



Project Overview

This role is part of a strategic initiative to modernise data infrastructure across the rail network. You’ll architect and optimise streaming data solutions that deliver operational insights and enable real-time decision-making.



Key Skills Required

- Extensive experience with Databricks, especially in streaming data pipelines
- Strong understanding of real-time telemetry data
- Solid background in Azure cloud services
- Proven ability to work with large-scale, fast-moving datasets in production environments
- Consultancy background with experience delivering complex data solutions for enterprise clients



Principal-Level Responsibilities

As a Principal Data Engineer, you will:

- Define and lead data architecture for real-time streaming solutions
- Shape and implement data strategy aligned with business objectives
- Influence and engage senior stakeholders, providing thought leadership on data-driven decision-making
- Mentor and guide engineering teams, ensuring best practices and technical excellence
- Drive innovation in data engineering frameworks and processes



Why Apply?

- Work on a high-visibility transport project with real-world impact
- Lead cutting-edge data engineering practices at scale
- Collaborate with a forward-thinking consultancy and a major transport group
- Opportunity to shape the future of rail data systems



Apply now online for more details.

",ScaleOps Search Ltd,https://nl.linkedin.com/company/scaleops-search-ltd?trk=public_jobs_topcard-org-name,https://uk.linkedin.com/jobs/view/senior-data-engineer-at-scaleops-search-ltd-4337044523?trk=public_jobs_topcard-title,2025-11-20 08:41:50,Amie Capron,https://uk.linkedin.com/in/amiecapron,,,"Hi Amie,

I saw your opening for a Principal Data Engineer and wanted to reach out as a freelance expert. My background includes scaling data architectures for millions of users and designing new data architectures from the ground up, which aligns with the need for robust, high-impact solutions.

While I'm not seeking a full-time role, I specialize in solving complex data challenges immediately. I'd be keen to discuss how my experience could accelerate your rail infrastructure program.

Best regards,
Giuseppe Intilla"
4337238043,Database Administrator,"Database Administrator (PostgreSQL DBA GIS) – £500/day via Umbrella – 3-month contract – Remote - SCC Flex Contract



We are seeking a PostgreSQL DBA (GIS) to provide specialist support and assurance for critical business processes reliant on PostgreSQL within an Azure PaaS environment. This is a remote role focused on performance tuning, upgrades, and advanced GIS capabilities.



Your responsibilities as the PostgreSQL DBA:

- Deliver expert consultation for incident resolution and performance optimisation.
- Support PostgreSQL version upgrades and resolve related issues.
- Provide advanced guidance on PostGIS functionality and enhancements.
- Analyse and recommend improvements for database performance and reliability.
- Collaborate with internal DBA teams to bridge knowledge gaps and ensure best practices.
- Maintain compliance with SLA commitments and support critical business processes.



As a successful PostgreSQL DBA, you will have:

- Certification in PostgreSQL DBA and support.
- Proven experience in performance profiling and tuning PostgreSQL.
- Advanced expertise with PostGIS.
- Availability for out of working hours support.
- Strong track record in managing PostgreSQL upgrades.
- Familiarity with Azure PostgreSQL Flexible Server.
- Contribution to the open-source PostgreSQL project (desirable).



If you’re ready to provide specialist PostgreSQL expertise and ensure robust database performance, apply now with your CV. Professional references required.



NOTE: At SCC, we take the privacy and security of your information very seriously, any information we hold will be by current data protection legislation. Upon submitting your application SCC will process your information in line with our privacy policy which can be found on our website under the Legal section -> Privacy Notice -> Flexible Resourcing",SCC,https://uk.linkedin.com/company/scc?trk=public_jobs_topcard-org-name,https://uk.linkedin.com/jobs/view/database-administrator-at-scc-4337238043?trk=public_jobs_topcard-title,2025-11-20 16:41:59,Alexandra Luchian,https://ro.linkedin.com/in/alexandra-luchian-034971206,,,"Hi Alexandra,

I saw your opening for a PostgreSQL DBA (GIS) and while my core expertise lies in designing and scaling complex data architectures and building AI-driven platforms, I wanted to reach out.

As a freelance AI & Data Engineer, I specialize in solving challenging data problems and rapidly delivering solutions. My experience includes scaling data architectures for millions of users and leading the development of novel BI platforms.

If you ever need an expert to tackle broader data engineering or AI initiatives, I'd be happy to discuss how I can help immediately."
4323466714,Data Engineer,"Senovo IT is actively looking for Data Engineers with DBT and Databricks experience to join one of our client on freelance contract.



Contract role: 6-12 months + extension

Languages: only English



Main requirements:

- 3-5 years with data engineering
- PySpark
- Databricks
- SQL
- Python libraries
- Azure Cloud
- Kafka
- Docker/Kubernetes
- Elasticsearch



If you are interested to discuss more details, please forward your CV as well as contact details to ina@senovo-it.com",Senovo IT Ltd,https://uk.linkedin.com/company/senovo-it-ltd?trk=public_jobs_topcard-org-name,https://es.linkedin.com/jobs/view/data-engineer-at-senovo-it-ltd-4323466714?trk=public_jobs_topcard-title,2025-11-20 15:30:27,Ina Zelisco,https://uk.linkedin.com/in/ina-zelisco-08a4a9130,,,"Hi Ina,

I saw your post for a freelance Data Engineer and wanted to reach out. I specialize in solving complex data challenges immediately as a freelance expert, rather than applying for full-time roles.

My background includes scaling data architectures for millions of users and designing new data architectures from the ground up. I'd be keen to discuss how my expertise could quickly contribute to your client's project.

Would you be open to a brief call next week?"
4341867137,"Full Stack Software Engineer (Remote, Contractual) EU [WN-11]","About Smart Working



At Smart Working, we believe your job should not only look right on paper but also feel right every day. This isn’t just another remote opportunity - it’s about finding where you truly belong, no matter where you are. From day one, you’re welcomed into a genuine community that values your growth and well-being.



Our mission is simple: to break down geographic barriers and connect skilled professionals with outstanding global teams and products for full-time, long-term roles. We help you discover meaningful work with teams that invest in your success, where you’re empowered to grow personally and professionally.

Join one of the highest-rated workplaces on Glassdoor and experience what it means to thrive in a truly remote-first world.



About the role



As a Full Stack Software Engineer , you’ll play a vital role in building digital solutions that power our partners’ products. You’ll work across front-end and back-end to ensure usability, scalability, and performance, tackling technical challenges with modern tools and frameworks.



This opportunity begins as a 6-month, high-impact project where you’ll deliver real value from day one. For strong performers, it’s also a pathway to a long-term contract of up to 2 years — giving you the best of both worlds: the excitement of an immediate challenge and the stability of extended career growth.



You’ll thrive here if you’re passionate about high-quality applications, eager to work with cutting-edge technologies, and proactive about driving innovation in an agile, international environment.





- Design and implement scalable, performant UIs and app architectures, balancing user experience with resource constraints
- Develop across the stack with React.js, Node.js, TypeScript, and modern frameworks (Next.js, Vite)
- Work with SQL databases including PostgreSQL, MySQL, MSSQL, and indexing/search tools like Elastic, OpenSearch, or Solr
- Build and consume APIs (REST or GraphQL), handling caching and offline support with React Query or Apollo
- Manage application state using patterns/tools such as Redux, Context API, or Zustand
- Ensure quality with unit, integration, and E2E testing frameworks (Jest, Cypress, Puppeteer, Mocha)
- Apply microservices architecture principles and containerization with Docker
- Build responsive UIs that adapt to varied devices and screen sizes
- Collaborate in an agile team, communicating effectively with peers and stakeholders to deliver business value



- 5+ years of professional experience with TypeScript/JavaScript
- 3+ years of experience with React.js, using latest features
- 3+ years of experience with Node.js, using latest features
- Strong experience with state management (Redux, Context API, Zustand)
- Proficiency with SQL databases (PostgreSQL, MySQL, MSSQL)
- Experience with indexing/search tools (Elastic, OpenSearch, Solr)
- Strong knowledge of RESTful APIs and/or GraphQL, including caching/offline via React Query or Apollo
- Hands-on experience with Docker and microservices architecture
- Proficiency with unit, integration, and E2E testing frameworks (Jest, Cypress, Puppeteer, Mocha)
- Proven ability to deliver responsive UI development
- Experience with at least one modern framework (Next.js or Vite)



- Experience with Azure services (Service Bus, Blob Storage, Table Storage, Secrets, Managed Identity)
- Exposure to Kubernetes & Helm
- Familiarity with MongoDB
- Systemic framework knowledge
- A strong client-oriented mindset and the ability to translate business models into technical solutions
- Proactive, continuous improvement approach and a passion for quality



At Smart Working, you’ll never be just another remote hire.



Be a Smart Worker — valued, empowered, and part of a culture that celebrates integrity, excellence, and ambition.



If that sounds like your kind of place, we’d love to hear your story.

We may use artificial intelligence (AI) tools to support parts of the hiring process, such as reviewing applications, analyzing resumes, or assessing responses. These tools assist our recruitment team but do not replace human judgment. Final hiring decisions are ultimately made by humans. If you would like more information about how your data is processed, please contact us.",Smart Working,https://uk.linkedin.com/company/smartworkingsolutions?trk=public_jobs_topcard-org-name,https://pt.linkedin.com/jobs/view/full-stack-software-engineer-remote-contractual-eu-wn-11-at-smart-working-4341867137?trk=public_jobs_topcard-title,2025-11-21 04:34:06,,,,"Highly accomplished and entrepreneurial Software Engineer with a strong background in building scalable, high-performance digital solutions. Proven track record of designing and scaling robust data architectures to support millions of users, ensuring high availability and performance.

Expert in developing and deploying end-to-end AI-driven products that enhanced user experience for thousands of students and delivered significant business impact. As Co-Founder/CTO, led the technical vision and product strategy for a novel Business Intelligence platform, encompassing core data architecture and AI-driven features. A proactive problem-solver with an agile mindset, adept at translating complex requirements into high-quality, performant applications across the full stack.",
4337184265,AI Language Model Reviewer (Remote),"- Role: AI Language Model Reviewer
- Location: Remote (Flexible)
- Compensation: Earn up to $10,000 Per Month



About the Role

Join a worldwide community of skilled professionals outsmarting AI with human creativity and analytical brilliance. As a Data Contributor, you will directly influence the quality and safety of cutting-edge language models, including collaborations with industry-standard partners.



Responsibilities

- Evaluate and rank outputs from large language models by reviewing reasoning, problem-solving, and response quality.
- Develop professional-level prompts and critique AI-generated content with user-centric thinking.
- Contribute to a variety of AI projects determined by your skill sets and expertise.



Requirements

- Bachelor’s degree or higher (or currently enrolled).
- Demonstrated analytical, problem-solving, and critical thinking skills.
- Clear and engaging writing style with attention to detail and technical precision.



Community & Growth

- Join an international team of coding and data experts.
- Influence enterprise adoption of advanced models like Llama in partnership with Scale AI and Meta.



Apply Now!",Taskify AI,https://www.linkedin.com/company/taskifyai?trk=public_jobs_topcard-org-name,https://uk.linkedin.com/jobs/view/ai-language-model-reviewer-remote-at-taskify-ai-4337184265?trk=public_jobs_topcard-title,2025-11-20 10:44:05,,,,"Highly analytical and entrepreneurial AI Expert with a Master's in Mathematical Engineering, proven in developing and deploying impactful AI-driven products.

Successfully enhanced the learning experience for thousands of students through AI solutions and developed novel ML/optimization algorithms that delivered a 3x efficiency increase.

Skilled in evaluating complex AI outputs, crafting user-centric prompts, and applying critical thinking to refine AI models.

Combines technical precision with a keen eye for detail to ensure high-quality, reliable AI performance.",
4337074564,AI Content Evaluator (Remote),"- Role: AI Content Evaluator
- Location: Remote (Flexible)
- Compensation: Earn up to $10,000 Per Month



About the Role

Join a worldwide community of skilled professionals outsmarting AI with human creativity and analytical brilliance. As a Data Contributor, you will directly influence the quality and safety of cutting-edge language models, including collaborations with industry-standard partners.



Responsibilities

- Evaluate and rank outputs from large language models by reviewing reasoning, problem-solving, and response quality.
- Develop professional-level prompts and critique AI-generated content with user-centric thinking.
- Contribute to a variety of AI projects determined by your skill sets and expertise.



Requirements

- Bachelor’s degree or higher (or currently enrolled).
- Demonstrated analytical, problem-solving, and critical thinking skills.
- Clear and engaging writing style with attention to detail and technical precision.



Community & Growth

- Join an international team of coding and data experts.
- Influence enterprise adoption of advanced models like Llama in partnership with Scale AI and Meta.



Apply Now!",Taskify AI,https://www.linkedin.com/company/taskifyai?trk=public_jobs_topcard-org-name,https://uk.linkedin.com/jobs/view/ai-content-evaluator-remote-at-taskify-ai-4337074564?trk=public_jobs_topcard-title,2025-11-20 10:44:03,,,,"Highly analytical and entrepreneurial AI Expert with a proven track record in developing and optimizing AI solutions.
Successfully developed a novel ML/optimization algorithm that delivered a 3x increase in efficiency, demonstrating strong problem-solving and critical thinking.
Experienced in designing and deploying end-to-end AI-driven products, enhancing user experience for thousands of students.
Led technical vision for AI-driven features and product strategy, aligning with user-centric evaluation.
Possesses deep understanding of Generative AI and a meticulous approach to evaluating and refining AI outputs, ensuring quality and impact.",
4337183898,AI Evaluation Expert (Remote),"- Role: AI Evaluation Expert
- Location: Ireland
- Compensation: Earn up to $10,000 Per Month



About the Role

Join a worldwide community of skilled professionals outsmarting AI with human creativity and analytical brilliance. As a Data Contributor, you will directly influence the quality and safety of cutting-edge language models, including collaborations with industry-standard partners.



Responsibilities

- Evaluate and rank outputs from large language models by reviewing reasoning, problem-solving, and response quality.
- Develop professional-level prompts and critique AI-generated content with user-centric thinking.
- Contribute to a variety of AI projects determined by your skill sets and expertise.



Requirements

- Bachelor’s degree or higher (or currently enrolled).
- Demonstrated analytical, problem-solving, and critical thinking skills.
- Clear and engaging writing style with attention to detail and technical precision.



Community & Growth

- Join an international team of coding and data experts.
- Influence enterprise adoption of advanced models like Llama in partnership with Scale AI and Meta.



Apply Now!",Taskify AI,https://www.linkedin.com/company/taskifyai?trk=public_jobs_topcard-org-name,https://ie.linkedin.com/jobs/view/ai-evaluation-expert-remote-at-taskify-ai-4337183898?trk=public_jobs_topcard-title,2025-11-20 08:46:05,,,,"Highly analytical and entrepreneurial AI Expert with a Master's in Mathematical Engineering, specializing in the development and evaluation of advanced AI systems. Proven success in deploying AI-driven products that enhanced the learning experience for thousands of students and designing novel ML/optimization algorithms that delivered a 3x increase in efficiency. Adept at leveraging Generative AI and critical thinking to assess and refine AI outputs, ensuring high quality, safety, and user-centric performance. Eager to apply deep expertise in AI product development and problem-solving to influence cutting-edge language models.",
4337213825,AI Language Model Reviewer (Remote),"- Role: AI Language Model Reviewer
- Location: Ireland
- Compensation: Earn up to $10,000 Per Month



About the Role

Join a worldwide community of skilled professionals outsmarting AI with human creativity and analytical brilliance. As a Data Contributor, you will directly influence the quality and safety of cutting-edge language models, including collaborations with industry-standard partners.



Responsibilities

- Evaluate and rank outputs from large language models by reviewing reasoning, problem-solving, and response quality.
- Develop professional-level prompts and critique AI-generated content with user-centric thinking.
- Contribute to a variety of AI projects determined by your skill sets and expertise.



Requirements

- Bachelor’s degree or higher (or currently enrolled).
- Demonstrated analytical, problem-solving, and critical thinking skills.
- Clear and engaging writing style with attention to detail and technical precision.



Community & Growth

- Join an international team of coding and data experts.
- Influence enterprise adoption of advanced models like Llama in partnership with Scale AI and Meta.



Apply Now!",Taskify AI,https://www.linkedin.com/company/taskifyai?trk=public_jobs_topcard-org-name,https://ie.linkedin.com/jobs/view/ai-language-model-reviewer-remote-at-taskify-ai-4337213825?trk=public_jobs_topcard-title,2025-11-20 08:46:04,,,,"Proactive and entrepreneurial Data & AI Expert with a strong background in Generative AI and AI Product Development. Proven ability to critically evaluate and enhance AI outputs, having developed and deployed AI-driven products that significantly improved user experience for thousands. Expert in problem-solving and critical thinking, demonstrated by a novel ML/optimization algorithm that delivered a 3x efficiency increase. Adept at developing professional-level prompts and influencing AI quality with a user-centric approach and technical precision.",
4337154049,AI Content Evaluator (Remote),"- Role: AI Content Evaluator
- Location: Ireland
- Compensation: Earn up to $10,000 Per Month



About the Role

Join a worldwide community of skilled professionals outsmarting AI with human creativity and analytical brilliance. As a Data Contributor, you will directly influence the quality and safety of cutting-edge language models, including collaborations with industry-standard partners.



Responsibilities

- Evaluate and rank outputs from large language models by reviewing reasoning, problem-solving, and response quality.
- Develop professional-level prompts and critique AI-generated content with user-centric thinking.
- Contribute to a variety of AI projects determined by your skill sets and expertise.



Requirements

- Bachelor’s degree or higher (or currently enrolled).
- Demonstrated analytical, problem-solving, and critical thinking skills.
- Clear and engaging writing style with attention to detail and technical precision.



Community & Growth

- Join an international team of coding and data experts.
- Influence enterprise adoption of advanced models like Llama in partnership with Scale AI and Meta.



Apply Now!",Taskify AI,https://www.linkedin.com/company/taskifyai?trk=public_jobs_topcard-org-name,https://ie.linkedin.com/jobs/view/ai-content-evaluator-remote-at-taskify-ai-4337154049?trk=public_jobs_topcard-title,2025-11-20 08:46:02,,,,"Highly analytical Data & AI Expert with a Master's in Mathematical Engineering, specializing in AI product development and optimization. Proven for delivering significant impact, including developing a novel ML/optimization algorithm that achieved a 3x efficiency increase and designing and deploying AI-driven products for thousands of students. As Co-Founder/CTO, I shaped technical vision and product strategy for AI-driven features, demonstrating a strong user-centric approach and critical thinking essential for evaluating cutting-edge language models. Eager to leverage expertise in Generative AI and problem-solving to enhance AI quality and safety.",
4337034625,AI Model Quality Evaluator (Remote),"- Role: AI Model Quality Evaluator
- Location: Ireland
- Compensation: Earn up to $10,000 Per Month



About the Role

Join a worldwide community of skilled professionals outsmarting AI with human creativity and analytical brilliance. As a Data Contributor, you will directly influence the quality and safety of cutting-edge language models, including collaborations with industry-standard partners.



Responsibilities

- Evaluate and rank outputs from large language models by reviewing reasoning, problem-solving, and response quality.
- Develop professional-level prompts and critique AI-generated content with user-centric thinking.
- Contribute to a variety of AI projects determined by your skill sets and expertise.



Requirements

- Bachelor’s degree or higher (or currently enrolled).
- Demonstrated analytical, problem-solving, and critical thinking skills.
- Clear and engaging writing style with attention to detail and technical precision.



Community & Growth

- Join an international team of coding and data experts.
- Influence enterprise adoption of advanced models like Llama in partnership with Scale AI and Meta.



Apply Now!",Taskify AI,https://www.linkedin.com/company/taskifyai?trk=public_jobs_topcard-org-name,https://ie.linkedin.com/jobs/view/ai-model-quality-evaluator-remote-at-taskify-ai-4337034625?trk=public_jobs_topcard-title,2025-11-20 08:46:08,,,,"Highly analytical and entrepreneurial AI Expert with a Master's in Mathematical Engineering, adept at evaluating and refining complex AI systems.

Proven success in developing and deploying AI-driven products that enhanced the learning experience for thousands of students, demonstrating a strong user-centric approach.

Expert in machine learning and optimization, having developed a novel algorithm that delivered a 3x increase in efficiency by automating bug discovery.

Skilled in critical thinking, problem-solving, and data analysis, with direct experience in designing AI-driven features and influencing product strategy.

Eager to apply a keen eye for detail and technical precision to evaluate and enhance cutting-edge language models.",
4337183891,Data Labeling Associate (Remote),"- Role: Data Labeling Associate
- Location: Ireland
- Compensation: Earn up to $10,000 Per Month



About the Role

Join a worldwide community of skilled professionals outsmarting AI with human creativity and analytical brilliance. As a Data Contributor, you will directly influence the quality and safety of cutting-edge language models, including collaborations with industry-standard partners.



Responsibilities

- Evaluate and rank outputs from large language models by reviewing reasoning, problem-solving, and response quality.
- Develop professional-level prompts and critique AI-generated content with user-centric thinking.
- Contribute to a variety of AI projects determined by your skill sets and expertise.



Requirements

- Bachelor’s degree or higher (or currently enrolled).
- Demonstrated analytical, problem-solving, and critical thinking skills.
- Clear and engaging writing style with attention to detail and technical precision.



Community & Growth

- Join an international team of coding and data experts.
- Influence enterprise adoption of advanced models like Llama in partnership with Scale AI and Meta.



Apply Now!",Taskify AI,https://www.linkedin.com/company/taskifyai?trk=public_jobs_topcard-org-name,https://ie.linkedin.com/jobs/view/data-labeling-associate-remote-at-taskify-ai-4337183891?trk=public_jobs_topcard-title,2025-11-20 08:46:12,,,,"Proactive Data & AI Expert with a strong engineering background, adept at enhancing AI system quality and performance. As Co-Founder/CTO, led the development of an AI-driven Business Intelligence platform and designed/deployed end-to-end AI products for thousands of users, demonstrating a keen understanding of AI outputs and user experience. Developed a novel ML/optimization algorithm that delivered a 3x increase in efficiency, showcasing strong analytical and problem-solving skills crucial for evaluating and critiquing advanced language models. Proven ability to develop professional-level prompts and contribute to cutting-edge AI projects, leveraging expertise in Generative AI and Machine Learning.",
4337214189,Data Labeling Associate (Remote),"- Role: Data Labeling Associate
- Location: Remote (Flexible)
- Compensation: Earn up to $10,000 Per Month



About the Role

Join a worldwide community of skilled professionals outsmarting AI with human creativity and analytical brilliance. As a Data Contributor, you will directly influence the quality and safety of cutting-edge language models, including collaborations with industry-standard partners.



Responsibilities

- Evaluate and rank outputs from large language models by reviewing reasoning, problem-solving, and response quality.
- Develop professional-level prompts and critique AI-generated content with user-centric thinking.
- Contribute to a variety of AI projects determined by your skill sets and expertise.



Requirements

- Bachelor’s degree or higher (or currently enrolled).
- Demonstrated analytical, problem-solving, and critical thinking skills.
- Clear and engaging writing style with attention to detail and technical precision.



Community & Growth

- Join an international team of coding and data experts.
- Influence enterprise adoption of advanced models like Llama in partnership with Scale AI and Meta.



Apply Now!",Taskify AI,https://www.linkedin.com/company/taskifyai?trk=public_jobs_topcard-org-name,https://uk.linkedin.com/jobs/view/data-labeling-associate-remote-at-taskify-ai-4337214189?trk=public_jobs_topcard-title,2025-11-20 10:44:32,,,,"Proactive Data & AI Expert with a strong engineering background, adept at enhancing AI system performance and quality.
Proven in developing novel ML/optimization algorithms that delivered a 3x increase in efficiency.
I have also successfully deployed end-to-end AI-driven products for thousands of users.
Skilled in Generative AI, data analysis, and critical evaluation, I bring a meticulous approach to assessing complex AI outputs.
My expertise includes developing precise prompts and refining cutting-edge language models.
As Co-Founder/CTO, I align technical solutions with strategic objectives and user-centric thinking, directly applicable to evaluating and improving AI models.",
4347033460,Full Stack Developer - Next-Gen Development,"Tinkso is a forward-thinking digital agency of 10 talented individuals pushing the boundaries of modern web development. We partner with SMBs and growing companies to drive digital transformation through internal tools, ERP systems, and custom web applications. We don't just build products—we're reimagining how they're built. By combining cutting-edge technologies with AI-assisted development methodologies, we're creating faster, smarter ways to deliver exceptional digital experiences for our clients.



The Role



We're looking for a mid-level to senior Full Stack Developer who's excited about the future of software development. You'll be working primarily on client projects—building internal tools, implementing integrations, and creating digital solutions that transform how businesses operate. What makes this role unique is your opportunity to help shape and contribute to our proprietary AI-assisted development framework.

This isn't just about writing code—it's about revolutionizing how code gets written.



What You'll Do



- Build client projects using modern React frameworks and PostgreSQL, delivering high-quality, scalable web applications
- Design and implement integrations with third-party services and APIs, connecting various business systems
- Develop internal tools or ERP solutions that streamline client operations and drive digital transformation
- Contribute to our AI development framework , helping refine our methodology, orchestration tools, and automation systems
- Leverage AI-assisted coding tools (Claude Code, Codex, etc.) as part of your daily workflow
- Collaborate with clients and team members , translating business requirements into technical solutions
- Think product-first , balancing technical excellence with user needs and business goals
- Experiment and innovate with emerging AI tools and development practices



What We're Looking For



Must-Haves



- 3-5+ years of full stack development experience
- Strong proficiency with React and modern JavaScript/TypeScript
- Solid experience with PostgreSQL and database design
- Proven track record of building and consuming APIs (REST, GraphQL, webhooks)
- Experience integrating third-party services (payment processors, CRMs, ERPs, SaaS platforms, etc.)
- Hands-on experience with AI-assisted coding toolbox like Claude Code, Codex, Cursor, or similar..
- Product-oriented mindset —you understand that code serves users and business objectives
- Excellent communication skills —you can explain technical concepts to non-technical stakeholders and work directly with clients
- Self-directed and collaborative —comfortable working autonomously while staying aligned with the team



Nice-to-Haves



- Experience with Next.js, Supabase, or similar modern React frameworks/BaaS platforms
- Background in building internal tools, ERP systems, or B2B software
- Experience building or contributing to developer tools/frameworks
- Familiarity with authentication, authorization, and security best practices
- Background in AI/ML or automation systems
- Experience with TypeScript, Tailwind CSS, and modern React patterns
- Understanding of CI/CD, testing strategies, and performance optimization
- Previous agency or consultancy experience
- Interest in the evolving landscape of AI in software development



Work Setup



- Fully remote position
- CET timezone preferred (±2 hours)
- Collaborative team culture with regular syncs
- Flexible working hours with core overlap times



Why Tinkso?



- Be at the forefront of AI-assisted development—not just using tools, but building them
- Work on diverse projects across different industries and challenges
- Real business impact —help SMBs transform their operations through technology
- Small team impact —your contributions directly shape our direction
- Learn and grow alongside a talented, innovation-focused team
- Remote-first culture that values autonomy and trust



Our Stack



- Frontend: React (primarily Next.js), TypeScript, Tailwind CSS
- Backend: PostgreSQL, Node.js, Supabase
- Integrations: REST APIs, GraphQL, webhooks, various third-party services
- AI Tools: Claude Code, GitHub Copilot, custom orchestration systems
- Infrastructure: Vercel, GitHub Actions
- Collaboration: Modern tools for async and real-time communication



How to Apply



Send your application with:



- Your experience with AI-assisted coding tools
- An example of a complex integration you've built
- A project you're particularly proud of and why
- What excites you about this role



- We're excited to hear from developers who are as enthusiastic about the future of development as we are.",Tinkso,https://fr.linkedin.com/company/tinkso?trk=public_jobs_topcard-org-name,https://fr.linkedin.com/jobs/view/full-stack-developer-next-gen-development-at-tinkso-4347033460?trk=public_jobs_topcard-title,2025-11-20 17:23:23,,,,"Proactive and entrepreneurial Data & AI Expert with a strong engineering background, specializing in AI-driven product development and technical leadership. As Co-Founder/CTO, I led the technical vision and implementation of a novel AI-driven Business Intelligence platform, defining product strategy and integrating advanced AI features. I have a proven track record of designing and deploying end-to-end AI-driven products for thousands of users and developing novel ML/optimization algorithms that delivered a 3x increase in efficiency. My expertise in AI, product management, and system design positions me to significantly contribute to Tinkso's AI-assisted development framework, driving innovation in how digital solutions are built and delivered.",
4341991743,Freelance Software Engineer,"- Design and implement system-level functionality using Rust
- Write efficient, maintainable, and robust code with a focus on performance and reliability
- Collaborate directly with the project owner to define architecture and technical direction
- Apply best practices in async Rust, memory management, and performance optimization
- Participate in code reviews and provide constructive feedback
- Mentor and support the project owner in Rust development concepts and problem-solving
- Communicate progress, challenges, and solutions clearly and proactively

- Proven hands-on experience with Rust in production or advanced personal projects
- Strong background in systems programming and low-level software design
- Expertise in async Rust, memory management, and performance tuning
- Ability to architect scalable and maintainable solutions
- Excellent communication skills and a collaborative approach
- Experience with remote, flexible, and self-directed work environments
- Availability for consistent, part-time engagement over the long term",Twine,https://uk.linkedin.com/company/twine-net?trk=public_jobs_topcard-org-name,https://uk.linkedin.com/jobs/view/freelance-software-engineer-at-twine-4341991743?trk=public_jobs_topcard-title,2025-11-20 11:43:28,,,,"Proactive Software Engineer with a robust background in system-level design and performance optimization, adept at building scalable and reliable architectures.
Proven track record of architecting and implementing new data architectures from the ground up, including scaling systems to support millions of users.
Expert in developing novel algorithms that delivered a 3x increase in efficiency, demonstrating a keen focus on performance and problem-solving.
Skilled in defining technical direction, collaborating with project owners, and mentoring, with an entrepreneurial mindset ideal for self-directed, remote engagements.
Eager to leverage deep expertise in efficient, maintainable, and robust software development.",
4341991742,Freelance Software Engineer,"- Design and implement system-level functionality using Rust
- Write efficient, maintainable, and robust code with a focus on performance and reliability
- Collaborate directly with the project owner to define architecture and technical direction
- Apply best practices in async Rust, memory management, and performance optimization
- Participate in code reviews and provide constructive feedback
- Mentor and support the project owner in Rust development concepts and problem-solving
- Communicate progress, challenges, and solutions clearly and proactively

- Proven hands-on experience with Rust in production or advanced personal projects
- Strong background in systems programming and low-level software design
- Expertise in async Rust, memory management, and performance tuning
- Ability to architect scalable and maintainable solutions
- Excellent communication skills and a collaborative approach
- Experience with remote, flexible, and self-directed work environments
- Availability for consistent, part-time engagement over the long term",Twine,https://uk.linkedin.com/company/twine-net?trk=public_jobs_topcard-org-name,https://ch.linkedin.com/jobs/view/freelance-software-engineer-at-twine-4341991742?trk=public_jobs_topcard-title,2025-11-20 11:20:09,,,,"Proactive Software Engineer with a robust background in system-level design and performance optimization, adept at building scalable and reliable architectures.
Proven track record of architecting and implementing new data architectures from the ground up, including scaling systems to support millions of users.
Expert in developing novel algorithms that delivered a 3x increase in efficiency, demonstrating a keen focus on performance and problem-solving.
Skilled in defining technical direction, collaborating with project owners, and mentoring, with an entrepreneurial mindset ideal for self-directed, remote engagements.
Eager to leverage deep expertise in efficient, maintainable, and robust software development.",
4347011843,Web Developer,"- Develop, test, and deploy a robust web application according to project specifications
- Collaborate with internal stakeholders to gather requirements and provide technical input
- Ensure code quality, maintainability, and scalability throughout the development lifecycle
- Troubleshoot and resolve technical issues as they arise
- Provide documentation and support for the delivered solution

- Proven experience as a web developer, with a strong portfolio of completed projects
- Proficiency in modern web development technologies (such as HTML5, CSS3, JavaScript, and relevant frameworks)
- Experience with backend development and database integration
- Ability to work independently and communicate effectively with remote teams
- Strong problem-solving skills and attention to detail
- Must be based in Italy and available for ongoing collaboration
- Fluency in Italian is highly preferred",Twine,https://uk.linkedin.com/company/twine-net?trk=public_jobs_topcard-org-name,https://it.linkedin.com/jobs/view/web-developer-at-twine-4347011843?trk=public_jobs_topcard-title,2025-11-20 11:26:59,,,,"Proactive and entrepreneurial engineer based in Italy, fluent in Italian, with a strong background in developing robust, scalable applications. Proven experience in designing and scaling data architectures to support millions of users, including building new systems from the ground up for complex data integration. As Co-Founder/CTO, led the technical vision and development of a novel Business Intelligence platform, deploying end-to-end AI-driven products. Skilled in backend development, system scalability, and leveraging advanced problem-solving to deliver significant efficiency gains (e.g., 3x increase in efficiency through novel ML/optimization algorithms). Adept at stakeholder collaboration, ensuring code quality, maintainability, and providing technical input for complex solutions.",
4347043609,Quality Assurance Automation Engineer,"Telford – (2 days per month)



🕒 6-month Contract







We are seeking an experienced Quality Engineer / QA Automation Engineer (SC CLEARED) to lead the design and implementation of a new automation testing framework across UI, API, and data pipelines. This role is highly hands-on and requires someone confident in owning the automation approach end-to-end.

You’ll be working within a SAS Viya–based data and analytics environment , so strong experience testing complex data platforms is essential.



Key Responsibilities

- Design, build, and maintain a scalable automation framework from the ground up.
- Develop automated tests across UI, API, data workflows, and integrations .
- Integrate automated tests into CI/CD pipelines (Git-based).
- Support regression, integration, and performance testing coverage.
- Troubleshoot issues across containerised environments (Docker, Kubernetes, OpenShift).
- Collaborate closely with developers, DevOps, BAs, and stakeholders in an Agile environment .
- Lead and promote automation best practices , ensuring robust quality and reliable delivery.



Automation & Scripting

- Proven experience building automation frameworks (not only using existing ones).
- Strong hands-on experience with Selenium, PyTest, JUnit , or similar tools.
- Python scripting proficiency (Shell scripting beneficial).



Data & Analytics Platform Testing

- Experience testing data/analytics platforms — experience with SAS Viya 4 is essential (Visual Analytics, Intelligent Decisioning, data pipelines).
- Ability to design and execute tests across data workflows and integrated systems .



API & Integration Testing

- Strong understanding of REST APIs and automated API testing techniques.



CI/CD & Version Control

- Hands-on experience with Git workflows and integrating tests into Jenkins, GitLab CI , or similar.



Containers & Environments

- Understanding of Docker, Kubernetes, OpenShift , and troubleshooting within containerised test environments.

",TXP,https://uk.linkedin.com/company/txp-technology-x-people?trk=public_jobs_topcard-org-name,https://uk.linkedin.com/jobs/view/quality-assurance-automation-engineer-at-txp-4347043609?trk=public_jobs_topcard-title,2025-11-20 18:41:06,Sandra Piginaite,https://uk.linkedin.com/in/sandra-piginaite-8061941a5,,,"Hi Sandra, I saw your opening for a Quality Assurance Automation Engineer. While my core expertise lies in designing and building robust data architectures and AI-driven products, I noticed your need for someone to own complex data solutions.

As a freelance AI & Data Engineer, I specialize in scaling data architectures for millions of users and developing end-to-end AI products. If you ever need an expert to build or optimize your data infrastructure or AI capabilities, I'd be happy to discuss how I can deliver immediate impact."
4341951616,Cloud Engineer,"Job Title: Cloud Native Developer

Location: Frankfurt, Germany

Duration: 6 Months

Employment Type: Contract B2B



Roles & Responsibilities:

We’re looking for a Cloud-Native Developer with strong Golang experience and hands-on Kubernetes skills to build and maintain platform services, operators, automation, and cloud-native tooling.

Responsibilities:

- Develop backend components and tooling using Golang .
- Work with Kubernetes , including CRDs, Operators, Helm/Kustomize, and debugging workloads.
- Build observability features using Prometheus , metrics, logs, and health checks.
- Create CI/CD pipelines and GitOps workflows using GitHub Actions and automation scripts.
- Work with REST APIs , distributed systems, and microservice patterns.
- Support deployments using Helm , Kustomize , and Terraform .
- Contribute to documentation, code reviews, and Agile ceremonies.

Required Skills:

- 3+ years Go development.
- Strong Kubernetes experience (deployments, debugging, kubectl).
- Knowledge of microservices, distributed systems, and cloud-native patterns.
- Experience with Prometheus , OpenSearch, and observability tooling.
- CI/CD & GitOps using GitHub Actions and Git.
- Strong API integration skills and English communication.

Nice to Have:

- Kubernetes Operator development (client-go).
- Knowledge of control plane internals or bare-metal clusters.
- CKA/CKAD certification.
- Cloud experience (AWS/GCP/Azure/OpenStack).
- SQL/MariaDB familiarity.",Ubique Systems,https://uk.linkedin.com/company/ubique-systems?trk=public_jobs_topcard-org-name,https://de.linkedin.com/jobs/view/cloud-engineer-at-ubique-systems-4341951616?trk=public_jobs_topcard-title,2025-11-20 10:16:42,Shshank Sourabh,https://uk.linkedin.com/in/shshank-sourabh-70552758,,,"Hi Shshank,

I saw your opening for a Cloud Native Developer. While my core expertise isn't in Golang and Kubernetes, I specialize in AI and Data Engineering, with a proven track record of scaling data architectures for millions of users and developing end-to-end AI products.

If you're facing challenges in these areas, I offer immediate freelance support to accelerate your projects. Would you be open to a brief chat?"
4337188510,"Consultant (12 months, home-based, remotely) Website, Platforms and UX/UI, Individual Giving, PFP, Geneva","- Lead the end-to-end UX/UI process for GGP 2 fundraising platform and Virtual Hub.
- Design and optimize user paths to conversion from landing page to donation confirmation using user-centered methodologies.
- Ensure platform-wide design consistency and alignment with UNICEF’s branding and accessibility standards, as well as adhering to industry-accepted SEO, GEO, and AEO best practices (AI enabled organic discovery engines).

- Plan, execute, and evaluate A/B and multivariate tests on donation flows, CTAs, and content.
- Use tools such as Google Analytics, Hotjar, and Optimizely to generate insights and validate design hypotheses.
- Identify and remove friction points to improve revenue per session, donor engagement, and maximize conversion rates.

- Support the onboarding and roll-out of ecommerce site known as the Global Giving Platform (GGP) 2.0 for UNICEF’s digital fundraising, including UX refinements, testing, and feedback collection.
- Collaborate with cross-functional teams (Product, SES, ICTD, Analytics, Content) to ensure market readiness and smooth transitions.
- Lead the transition from GGP 1.0 to GGP 2.0 for UNICEF’s digital fundraising operation (aka Virtual Hub), covering content migration, data continuity, and process alignment.

- Oversee the front-end performance of existing GGP 1.0 fundraising sites for markets to ensure speed, responsiveness, and reliability.
- Manage website updates and donation form functionality via CMS (e.g., Drupal or other platforms), ensuring integration with payment systems (Stripe) and CRM (Salesforce).
- Monitor platform uptime, performance, and support reporting through tools such as Google Analytics and Power BI.

- Document UX/UI learnings, A/B test results, and platform insights for broader organizational learning.
- Promote a culture of evidence-based design and continuous testing across markets.
- Serve as a UX/UI and experimentation advisor to product, fundraising, and market teams.
- Support the governance process of new feature roll-out, including communicating to UNICEF offices regarding performance analysis and UX and usability testing.

- UX/UI Design for GGP 2.0: Lead UX/UI design for the GGP 2.0 platform across MVP, Core, and Virtual Hub roll-outs. Conduct UX audits, design and refine donor paths to conversion, and ensure consistency with UNICEF’s brand, SEO, and accessibility standards.
- Platform Transition & Business Continuity: Support the phase-out of GGP 1.0 and onboarding of GGP 2.0 in Virtual Hub markets. Ensure continuity of donation flows, website operations, and integrations (CMS, Stripe, Salesforce), while introducing new PSPs such as Checkout etc.
- Experimentation and A/B Testing: Develop and execute a strategic A/B testing roadmap focused on improving conversion rates. Analyze user behavior and continuously optimize key digital elements such as donation forms, CTAs, and layouts.
- Performance Monitoring & Optimization: Ensure high-performing, mobile-responsive websites through regular audits and front-end optimization. Maintain platform uptime, monitor load speeds, and support performance reporting through tools like Power BI.
- Collaboration & Data-Driven Insights: Work closely with Product, Activation (Journeys + Paid media ads), CRM, Analytics, and Content teams to align UX with data insights. Build dashboards, track key KPIs, and personalize donor experience and journeys based on segmentation, test results, and behavioral data.

- Project discovery with key stakeholders (Product, Virtual Hub, ICTD, SES, Data, CRM).
- Conduct a UX/UI audit of existing Virtual Hub user journeys and donation flows.
- Review Virtual Hub tech stack readiness for GGP 2.0, including CMS, PSP, and Salesforce CRM integration.

- Finalize 12-month UX, experimentation, and optimization roadmap aligned with GGP 2.0 milestones.
- Define KPIs and data tracking approach in collaboration with the Data and CRM teams.
- Review and prioritize experimentation backlog for MVP and Core phases of GGP 2.0.
- Support governance process with internal clients (i.e. UNICEF offices using the GGP 2).

- Implement initial UX/UI improvements for GGP 2.0 MVP (e.g., donation flow, SEO/GEO/AEO compatibility, mobile responsiveness).
- Design and align on GGP 2.0 Core user journey templates, wireframes, and conversion elements.
- Develop first version of the performance and business continuity dashboard with Data/CRM teams.

- Support UAT of MVP builds in close coordination with ICTD and Product teams for Virtual Hub.
- Launch A/B testing framework for GGP 2.0 MVP pages and donation forms.
- Integrate user tracking tools (e.g., GA4, Hotjar, Optimizely) and define test measurement approach.

- Implement UX improvements based on early test results and feedback from MVP markets.
- Finalize Core design components and cross-market reusable blocks for Virtual Hub use.
- Expand dashboard to include segmented user behavior, engagement, and CRO tracking.

- Support Core roll-out preparations for Virtual Hub markets, focusing on UX quality and performance.
- Validate integrations (CRM, PSPs) for Core markets and flag issues.
- Prepare usability testing sessions and design validations with selected markets.

- Collaborate with PFP, IT, ICTD, and FinHub teams on integration of new PSPs (e.g., Checkout, Nuvei).
- Support design and optimization of the payment experience across devices.
- Report on PSP UX performance and test conversion impact.

- Analyze UX, A/B testing, and CRO data across MVP and Core releases.
- Refine user journeys and interaction flows based on donor behavior insights.
- Deliver mid-year performance review and adjust UX/testing roadmap accordingly.

- Support the Virtual Hub in phasing out GGP 1.0 websites, ensuring no disruption in fundraising activities.
- Coordinate content migration, URL redirects, and technical decommissioning with ICTD and Product teams.
- Validate that all critical journeys, donation forms, and data flows have been successfully transitioned to GGP 2.0.

- Implement advanced UX techniques (micro-interactions, progress indicators, error recovery, etc.).
- Collaborate with markets to localize and test culturally adapted UX patterns.
- Continue iterative testing based on roadmap and user feedback loops.

- Conduct final rounds of A/B testing on mobile, donation flow, and call-to-action components.
- Run final UX and functionality tests on GGP 2.0 platform across Virtual Hub markets.
- Validate full PSP integrations from donor experience to CRM handoff.

- Deliver final report covering UX/UI optimization efforts, test outcomes, and CRO insights.
- Present final review of the performance dashboard and its use for market reporting.
- Provide recommendations for post-launch UX governance, experimentation, and tech roadmap (GGP 2.0 scaling, PSP performance, CRM insights).

- A first-level university degree (Bachelor's degree or equivalent) in web-design, UX/UI, marketing, computer science, engineering, technology, digital media, or any other relevant areas is required.

- A minimum of two (2) years of progressive experience in web design and development, Strong knowledge of UX/UI design principles, with experience in optimizing websites for conversions or online customer acquisition, and income is required.
- Experience in large scale digital ecommerce non-profit fundraising operations (+5million USD annual revenue) for individuals is an asset.
- Expertise in A/B testing, user behavior analysis, and data-driven experimentation is required.
- Familiarity with CMS platforms (e.g., Optimizely, Drupal) and CRM systems (e.g., Salesforce) is required.
- Extensive data-crunching experience in Excel and SQL is an asset.
- Proficiency with tools like Google Analytics, Optimizely, Power BI, Hotjar, or similar is an asset.
- Strong communication and collaboration skills to work effectively with internal teams, cross-divisions (ICTD, Communication), multiple cultures, and vendors are required.
- Experience with UN/UNICEF project management is an asset.
- Experience partnering with analytics teams to integrate user research findings and product usage data to better understand the full picture of a user’s experience is an asset.
- A strong working knowledge of user research methods, including when and how to apply different methods in various scenarios, is an asset.
- Experience in managing long-term and multiple projects simultaneously across multiple geographies (please do include the list of geographies you managed in your CV or cover letter) is an asset.
- Experience working under Agile methodology and processes is an asset.

- Fluency in English is required. Knowledge of another official UN language is considered as an asset.",UNICEF,https://www.linkedin.com/company/unicef?trk=public_jobs_topcard-org-name,https://ch.linkedin.com/jobs/view/consultant-12-months-home-based-remotely-website-platforms-and-ux-ui-individual-giving-pfp-geneva-at-unicef-4337188510?trk=public_jobs_topcard-title,2025-11-20 17:19:58,,,,"Highly analytical and entrepreneurial Data & AI Expert with Co-Founder/CTO experience, specializing in optimizing digital platforms for conversion and user engagement.
Successfully developed novel ML/optimization algorithms that delivered a 3x increase in efficiency and scaled data architectures to support millions of users, ensuring high performance and reliability.
Led the end-to-end design and deployment of AI-driven products, applying a data-driven approach to enhance user experience and drive significant business impact.
Proven ability to lead technical vision, product strategy, and collaborate with cross-functional teams on A/B testing, platform transitions, and data-driven UX/UI improvements, aligning with UNICEF's goals for GGP 2.0 and AI-enabled organic discovery.",
4323563144,"Consultant (12 months, home-based, remotely) Website, Platforms and UX/UI, Individual Giving, PFP, Geneva","- Lead the end-to-end UX/UI process for GGP 2 fundraising platform and Virtual Hub.
- Design and optimize user paths to conversion from landing page to donation confirmation using user-centered methodologies.
- Ensure platform-wide design consistency and alignment with UNICEF’s branding and accessibility standards, as well as adhering to industry-accepted SEO, GEO, and AEO best practices (AI enabled organic discovery engines).

- Plan, execute, and evaluate A/B and multivariate tests on donation flows, CTAs, and content.
- Use tools such as Google Analytics, Hotjar, and Optimizely to generate insights and validate design hypotheses.
- Identify and remove friction points to improve revenue per session, donor engagement, and maximize conversion rates.

- Support the onboarding and roll-out of ecommerce site known as the Global Giving Platform (GGP) 2.0 for UNICEF’s digital fundraising, including UX refinements, testing, and feedback collection.
- Collaborate with cross-functional teams (Product, SES, ICTD, Analytics, Content) to ensure market readiness and smooth transitions.
- Lead the transition from GGP 1.0 to GGP 2.0 for UNICEF’s digital fundraising operation (aka Virtual Hub), covering content migration, data continuity, and process alignment.

- Oversee the front-end performance of existing GGP 1.0 fundraising sites for markets to ensure speed, responsiveness, and reliability.
- Manage website updates and donation form functionality via CMS (e.g., Drupal or other platforms), ensuring integration with payment systems (Stripe) and CRM (Salesforce).
- Monitor platform uptime, performance, and support reporting through tools such as Google Analytics and Power BI.

- Document UX/UI learnings, A/B test results, and platform insights for broader organizational learning.
- Promote a culture of evidence-based design and continuous testing across markets.
- Serve as a UX/UI and experimentation advisor to product, fundraising, and market teams.
- Support the governance process of new feature roll-out, including communicating to UNICEF offices regarding performance analysis and UX and usability testing.

- UX/UI Design for GGP 2.0: Lead UX/UI design for the GGP 2.0 platform across MVP, Core, and Virtual Hub roll-outs. Conduct UX audits, design and refine donor paths to conversion, and ensure consistency with UNICEF’s brand, SEO, and accessibility standards.
- Platform Transition & Business Continuity: Support the phase-out of GGP 1.0 and onboarding of GGP 2.0 in Virtual Hub markets. Ensure continuity of donation flows, website operations, and integrations (CMS, Stripe, Salesforce), while introducing new PSPs such as Checkout etc.
- Experimentation and A/B Testing: Develop and execute a strategic A/B testing roadmap focused on improving conversion rates. Analyze user behavior and continuously optimize key digital elements such as donation forms, CTAs, and layouts.
- Performance Monitoring & Optimization: Ensure high-performing, mobile-responsive websites through regular audits and front-end optimization. Maintain platform uptime, monitor load speeds, and support performance reporting through tools like Power BI.
- Collaboration & Data-Driven Insights: Work closely with Product, Activation (Journeys + Paid media ads), CRM, Analytics, and Content teams to align UX with data insights. Build dashboards, track key KPIs, and personalize donor experience and journeys based on segmentation, test results, and behavioral data.

- Project discovery with key stakeholders (Product, Virtual Hub, ICTD, SES, Data, CRM).
- Conduct a UX/UI audit of existing Virtual Hub user journeys and donation flows.
- Review Virtual Hub tech stack readiness for GGP 2.0, including CMS, PSP, and Salesforce CRM integration.

- Finalize 12-month UX, experimentation, and optimization roadmap aligned with GGP 2.0 milestones.
- Define KPIs and data tracking approach in collaboration with the Data and CRM teams.
- Review and prioritize experimentation backlog for MVP and Core phases of GGP 2.0.
- Support governance process with internal clients (i.e. UNICEF offices using the GGP 2).

- Implement initial UX/UI improvements for GGP 2.0 MVP (e.g., donation flow, SEO/GEO/AEO compatibility, mobile responsiveness).
- Design and align on GGP 2.0 Core user journey templates, wireframes, and conversion elements.
- Develop first version of the performance and business continuity dashboard with Data/CRM teams.

- Support UAT of MVP builds in close coordination with ICTD and Product teams for Virtual Hub.
- Launch A/B testing framework for GGP 2.0 MVP pages and donation forms.
- Integrate user tracking tools (e.g., GA4, Hotjar, Optimizely) and define test measurement approach.

- Implement UX improvements based on early test results and feedback from MVP markets.
- Finalize Core design components and cross-market reusable blocks for Virtual Hub use.
- Expand dashboard to include segmented user behavior, engagement, and CRO tracking.

- Support Core roll-out preparations for Virtual Hub markets, focusing on UX quality and performance.
- Validate integrations (CRM, PSPs) for Core markets and flag issues.
- Prepare usability testing sessions and design validations with selected markets.

- Collaborate with PFP, IT, ICTD, and FinHub teams on integration of new PSPs (e.g., Checkout, Nuvei).
- Support design and optimization of the payment experience across devices.
- Report on PSP UX performance and test conversion impact.

- Analyze UX, A/B testing, and CRO data across MVP and Core releases.
- Refine user journeys and interaction flows based on donor behavior insights.
- Deliver mid-year performance review and adjust UX/testing roadmap accordingly.

- Support the Virtual Hub in phasing out GGP 1.0 websites, ensuring no disruption in fundraising activities.
- Coordinate content migration, URL redirects, and technical decommissioning with ICTD and Product teams.
- Validate that all critical journeys, donation forms, and data flows have been successfully transitioned to GGP 2.0.

- Implement advanced UX techniques (micro-interactions, progress indicators, error recovery, etc.).
- Collaborate with markets to localize and test culturally adapted UX patterns.
- Continue iterative testing based on roadmap and user feedback loops.

- Conduct final rounds of A/B testing on mobile, donation flow, and call-to-action components.
- Run final UX and functionality tests on GGP 2.0 platform across Virtual Hub markets.
- Validate full PSP integrations from donor experience to CRM handoff.

- Deliver final report covering UX/UI optimization efforts, test outcomes, and CRO insights.
- Present final review of the performance dashboard and its use for market reporting.
- Provide recommendations for post-launch UX governance, experimentation, and tech roadmap (GGP 2.0 scaling, PSP performance, CRM insights).

- A first-level university degree (Bachelor's degree or equivalent) in web-design, UX/UI, marketing, computer science, engineering, technology, digital media, or any other relevant areas is required.

- A minimum of two (2) years of progressive experience in web design and development, Strong knowledge of UX/UI design principles, with experience in optimizing websites for conversions or online customer acquisition, and income is required.
- Experience in large scale digital ecommerce non-profit fundraising operations (+5million USD annual revenue) for individuals is an asset.
- Expertise in A/B testing, user behavior analysis, and data-driven experimentation is required.
- Familiarity with CMS platforms (e.g., Optimizely, Drupal) and CRM systems (e.g., Salesforce) is required.
- Extensive data-crunching experience in Excel and SQL is an asset.
- Proficiency with tools like Google Analytics, Optimizely, Power BI, Hotjar, or similar is an asset.
- Strong communication and collaboration skills to work effectively with internal teams, cross-divisions (ICTD, Communication), multiple cultures, and vendors are required.
- Experience with UN/UNICEF project management is an asset.
- Experience partnering with analytics teams to integrate user research findings and product usage data to better understand the full picture of a user’s experience is an asset.
- A strong working knowledge of user research methods, including when and how to apply different methods in various scenarios, is an asset.
- Experience in managing long-term and multiple projects simultaneously across multiple geographies (please do include the list of geographies you managed in your CV or cover letter) is an asset.
- Experience working under Agile methodology and processes is an asset.

- Fluency in English is required. Knowledge of another official UN language is considered as an asset.",UNICEF Bangladesh,https://bd.linkedin.com/company/unicefbangladesh?trk=public_jobs_topcard-org-name,https://ch.linkedin.com/jobs/view/consultant-12-months-home-based-remotely-website-platforms-and-ux-ui-individual-giving-pfp-geneva-at-unicef-bangladesh-4323563144?trk=public_jobs_topcard-title,2025-11-20 15:19:53,,,,"Proactive and entrepreneurial Data & AI Expert with a strong engineering background, specializing in optimizing digital platforms for conversion and user engagement.

Successfully scaled data architectures to support millions of users and designed/deployed AI-driven products that enhanced the learning experience for thousands, directly influencing product strategy.

Proven expertise in leveraging data analytics, machine learning, and optimization algorithms to drive significant business impact, including a 3x increase in efficiency for bug discovery.

Adept at leading technical vision, designing robust data architectures, and implementing data-driven strategies for platform performance, A/B testing, and conversion rate optimization.

Skilled in collaborating with cross-functional teams to ensure seamless platform transitions and continuous improvement, aligning with UNICEF's GGP 2.0 objectives.",
4341903906,"Consultant (12 months, home-based, remotely) Website, Platforms and UX/UI, Individual Giving, PFP, Geneva","- Lead the end-to-end UX/UI process for GGP 2 fundraising platform and Virtual Hub.
- Design and optimize user paths to conversion from landing page to donation confirmation using user-centered methodologies.
- Ensure platform-wide design consistency and alignment with UNICEF’s branding and accessibility standards, as well as adhering to industry-accepted SEO, GEO, and AEO best practices (AI enabled organic discovery engines).

- Plan, execute, and evaluate A/B and multivariate tests on donation flows, CTAs, and content.
- Use tools such as Google Analytics, Hotjar, and Optimizely to generate insights and validate design hypotheses.
- Identify and remove friction points to improve revenue per session, donor engagement, and maximize conversion rates.

- Support the onboarding and roll-out of ecommerce site known as the Global Giving Platform (GGP) 2.0 for UNICEF’s digital fundraising, including UX refinements, testing, and feedback collection.
- Collaborate with cross-functional teams (Product, SES, ICTD, Analytics, Content) to ensure market readiness and smooth transitions.
- Lead the transition from GGP 1.0 to GGP 2.0 for UNICEF’s digital fundraising operation (aka Virtual Hub), covering content migration, data continuity, and process alignment.

- Oversee the front-end performance of existing GGP 1.0 fundraising sites for markets to ensure speed, responsiveness, and reliability.
- Manage website updates and donation form functionality via CMS (e.g., Drupal or other platforms), ensuring integration with payment systems (Stripe) and CRM (Salesforce).
- Monitor platform uptime, performance, and support reporting through tools such as Google Analytics and Power BI.

- Document UX/UI learnings, A/B test results, and platform insights for broader organizational learning.
- Promote a culture of evidence-based design and continuous testing across markets.
- Serve as a UX/UI and experimentation advisor to product, fundraising, and market teams.
- Support the governance process of new feature roll-out, including communicating to UNICEF offices regarding performance analysis and UX and usability testing.

- UX/UI Design for GGP 2.0: Lead UX/UI design for the GGP 2.0 platform across MVP, Core, and Virtual Hub roll-outs. Conduct UX audits, design and refine donor paths to conversion, and ensure consistency with UNICEF’s brand, SEO, and accessibility standards.
- Platform Transition & Business Continuity: Support the phase-out of GGP 1.0 and onboarding of GGP 2.0 in Virtual Hub markets. Ensure continuity of donation flows, website operations, and integrations (CMS, Stripe, Salesforce), while introducing new PSPs such as Checkout etc.
- Experimentation and A/B Testing: Develop and execute a strategic A/B testing roadmap focused on improving conversion rates. Analyze user behavior and continuously optimize key digital elements such as donation forms, CTAs, and layouts.
- Performance Monitoring & Optimization: Ensure high-performing, mobile-responsive websites through regular audits and front-end optimization. Maintain platform uptime, monitor load speeds, and support performance reporting through tools like Power BI.
- Collaboration & Data-Driven Insights: Work closely with Product, Activation (Journeys + Paid media ads), CRM, Analytics, and Content teams to align UX with data insights. Build dashboards, track key KPIs, and personalize donor experience and journeys based on segmentation, test results, and behavioral data.

- Project discovery with key stakeholders (Product, Virtual Hub, ICTD, SES, Data, CRM).
- Conduct a UX/UI audit of existing Virtual Hub user journeys and donation flows.
- Review Virtual Hub tech stack readiness for GGP 2.0, including CMS, PSP, and Salesforce CRM integration.

- Finalize 12-month UX, experimentation, and optimization roadmap aligned with GGP 2.0 milestones.
- Define KPIs and data tracking approach in collaboration with the Data and CRM teams.
- Review and prioritize experimentation backlog for MVP and Core phases of GGP 2.0.
- Support governance process with internal clients (i.e. UNICEF offices using the GGP 2).

- Implement initial UX/UI improvements for GGP 2.0 MVP (e.g., donation flow, SEO/GEO/AEO compatibility, mobile responsiveness).
- Design and align on GGP 2.0 Core user journey templates, wireframes, and conversion elements.
- Develop first version of the performance and business continuity dashboard with Data/CRM teams.

- Support UAT of MVP builds in close coordination with ICTD and Product teams for Virtual Hub.
- Launch A/B testing framework for GGP 2.0 MVP pages and donation forms.
- Integrate user tracking tools (e.g., GA4, Hotjar, Optimizely) and define test measurement approach.

- Implement UX improvements based on early test results and feedback from MVP markets.
- Finalize Core design components and cross-market reusable blocks for Virtual Hub use.
- Expand dashboard to include segmented user behavior, engagement, and CRO tracking.

- Support Core roll-out preparations for Virtual Hub markets, focusing on UX quality and performance.
- Validate integrations (CRM, PSPs) for Core markets and flag issues.
- Prepare usability testing sessions and design validations with selected markets.

- Collaborate with PFP, IT, ICTD, and FinHub teams on integration of new PSPs (e.g., Checkout, Nuvei).
- Support design and optimization of the payment experience across devices.
- Report on PSP UX performance and test conversion impact.

- Analyze UX, A/B testing, and CRO data across MVP and Core releases.
- Refine user journeys and interaction flows based on donor behavior insights.
- Deliver mid-year performance review and adjust UX/testing roadmap accordingly.

- Support the Virtual Hub in phasing out GGP 1.0 websites, ensuring no disruption in fundraising activities.
- Coordinate content migration, URL redirects, and technical decommissioning with ICTD and Product teams.
- Validate that all critical journeys, donation forms, and data flows have been successfully transitioned to GGP 2.0.

- Implement advanced UX techniques (micro-interactions, progress indicators, error recovery, etc.).
- Collaborate with markets to localize and test culturally adapted UX patterns.
- Continue iterative testing based on roadmap and user feedback loops.

- Conduct final rounds of A/B testing on mobile, donation flow, and call-to-action components.
- Run final UX and functionality tests on GGP 2.0 platform across Virtual Hub markets.
- Validate full PSP integrations from donor experience to CRM handoff.

- Deliver final report covering UX/UI optimization efforts, test outcomes, and CRO insights.
- Present final review of the performance dashboard and its use for market reporting.
- Provide recommendations for post-launch UX governance, experimentation, and tech roadmap (GGP 2.0 scaling, PSP performance, CRM insights).

- A first-level university degree (Bachelor's degree or equivalent) in web-design, UX/UI, marketing, computer science, engineering, technology, digital media, or any other relevant areas is required.

- A minimum of two (2) years of progressive experience in web design and development, Strong knowledge of UX/UI design principles, with experience in optimizing websites for conversions or online customer acquisition, and income is required.
- Experience in large scale digital ecommerce non-profit fundraising operations (+5million USD annual revenue) for individuals is an asset.
- Expertise in A/B testing, user behavior analysis, and data-driven experimentation is required.
- Familiarity with CMS platforms (e.g., Optimizely, Drupal) and CRM systems (e.g., Salesforce) is required.
- Extensive data-crunching experience in Excel and SQL is an asset.
- Proficiency with tools like Google Analytics, Optimizely, Power BI, Hotjar, or similar is an asset.
- Strong communication and collaboration skills to work effectively with internal teams, cross-divisions (ICTD, Communication), multiple cultures, and vendors are required.
- Experience with UN/UNICEF project management is an asset.
- Experience partnering with analytics teams to integrate user research findings and product usage data to better understand the full picture of a user’s experience is an asset.
- A strong working knowledge of user research methods, including when and how to apply different methods in various scenarios, is an asset.
- Experience in managing long-term and multiple projects simultaneously across multiple geographies (please do include the list of geographies you managed in your CV or cover letter) is an asset.
- Experience working under Agile methodology and processes is an asset.

- Fluency in English is required. Knowledge of another official UN language is considered as an asset.",Unicef CHAD,https://td.linkedin.com/company/unicef-tchad?trk=public_jobs_topcard-org-name,https://ch.linkedin.com/jobs/view/consultant-12-months-home-based-remotely-website-platforms-and-ux-ui-individual-giving-pfp-geneva-at-unicef-chad-4341903906?trk=public_jobs_topcard-title,2025-11-20 18:19:56,,,,"Highly analytical and entrepreneurial Data & AI Expert with a strong engineering background, specializing in optimizing digital platforms for conversion and user engagement. I developed a novel ML/optimization algorithm that delivered a 3x increase in efficiency, directly applicable to enhancing donation flows and maximizing conversion rates. My experience includes leading the design and deployment of AI-driven products for thousands of users, scaling data architectures for millions, and leveraging data analytics to derive actionable insights. As a Co-Founder/CTO, I defined technical vision and product strategy, ensuring platform-wide design consistency and data-driven user experience improvements.",
4337079671,"Consultant (12 months, home-based, remotely) Website, Platforms and UX/UI, Individual Giving, PFP, Geneva","- Lead the end-to-end UX/UI process for GGP 2 fundraising platform and Virtual Hub.
- Design and optimize user paths to conversion from landing page to donation confirmation using user-centered methodologies.
- Ensure platform-wide design consistency and alignment with UNICEF’s branding and accessibility standards, as well as adhering to industry-accepted SEO, GEO, and AEO best practices (AI enabled organic discovery engines).

- Plan, execute, and evaluate A/B and multivariate tests on donation flows, CTAs, and content.
- Use tools such as Google Analytics, Hotjar, and Optimizely to generate insights and validate design hypotheses.
- Identify and remove friction points to improve revenue per session, donor engagement, and maximize conversion rates.

- Support the onboarding and roll-out of ecommerce site known as the Global Giving Platform (GGP) 2.0 for UNICEF’s digital fundraising, including UX refinements, testing, and feedback collection.
- Collaborate with cross-functional teams (Product, SES, ICTD, Analytics, Content) to ensure market readiness and smooth transitions.
- Lead the transition from GGP 1.0 to GGP 2.0 for UNICEF’s digital fundraising operation (aka Virtual Hub), covering content migration, data continuity, and process alignment.

- Oversee the front-end performance of existing GGP 1.0 fundraising sites for markets to ensure speed, responsiveness, and reliability.
- Manage website updates and donation form functionality via CMS (e.g., Drupal or other platforms), ensuring integration with payment systems (Stripe) and CRM (Salesforce).
- Monitor platform uptime, performance, and support reporting through tools such as Google Analytics and Power BI.

- Document UX/UI learnings, A/B test results, and platform insights for broader organizational learning.
- Promote a culture of evidence-based design and continuous testing across markets.
- Serve as a UX/UI and experimentation advisor to product, fundraising, and market teams.
- Support the governance process of new feature roll-out, including communicating to UNICEF offices regarding performance analysis and UX and usability testing.

- UX/UI Design for GGP 2.0: Lead UX/UI design for the GGP 2.0 platform across MVP, Core, and Virtual Hub roll-outs. Conduct UX audits, design and refine donor paths to conversion, and ensure consistency with UNICEF’s brand, SEO, and accessibility standards.
- Platform Transition & Business Continuity: Support the phase-out of GGP 1.0 and onboarding of GGP 2.0 in Virtual Hub markets. Ensure continuity of donation flows, website operations, and integrations (CMS, Stripe, Salesforce), while introducing new PSPs such as Checkout etc.
- Experimentation and A/B Testing: Develop and execute a strategic A/B testing roadmap focused on improving conversion rates. Analyze user behavior and continuously optimize key digital elements such as donation forms, CTAs, and layouts.
- Performance Monitoring & Optimization: Ensure high-performing, mobile-responsive websites through regular audits and front-end optimization. Maintain platform uptime, monitor load speeds, and support performance reporting through tools like Power BI.
- Collaboration & Data-Driven Insights: Work closely with Product, Activation (Journeys + Paid media ads), CRM, Analytics, and Content teams to align UX with data insights. Build dashboards, track key KPIs, and personalize donor experience and journeys based on segmentation, test results, and behavioral data.

- Project discovery with key stakeholders (Product, Virtual Hub, ICTD, SES, Data, CRM).
- Conduct a UX/UI audit of existing Virtual Hub user journeys and donation flows.
- Review Virtual Hub tech stack readiness for GGP 2.0, including CMS, PSP, and Salesforce CRM integration.

- Finalize 12-month UX, experimentation, and optimization roadmap aligned with GGP 2.0 milestones.
- Define KPIs and data tracking approach in collaboration with the Data and CRM teams.
- Review and prioritize experimentation backlog for MVP and Core phases of GGP 2.0.
- Support governance process with internal clients (i.e. UNICEF offices using the GGP 2).

- Implement initial UX/UI improvements for GGP 2.0 MVP (e.g., donation flow, SEO/GEO/AEO compatibility, mobile responsiveness).
- Design and align on GGP 2.0 Core user journey templates, wireframes, and conversion elements.
- Develop first version of the performance and business continuity dashboard with Data/CRM teams.

- Support UAT of MVP builds in close coordination with ICTD and Product teams for Virtual Hub.
- Launch A/B testing framework for GGP 2.0 MVP pages and donation forms.
- Integrate user tracking tools (e.g., GA4, Hotjar, Optimizely) and define test measurement approach.

- Implement UX improvements based on early test results and feedback from MVP markets.
- Finalize Core design components and cross-market reusable blocks for Virtual Hub use.
- Expand dashboard to include segmented user behavior, engagement, and CRO tracking.

- Support Core roll-out preparations for Virtual Hub markets, focusing on UX quality and performance.
- Validate integrations (CRM, PSPs) for Core markets and flag issues.
- Prepare usability testing sessions and design validations with selected markets.

- Collaborate with PFP, IT, ICTD, and FinHub teams on integration of new PSPs (e.g., Checkout, Nuvei).
- Support design and optimization of the payment experience across devices.
- Report on PSP UX performance and test conversion impact.

- Analyze UX, A/B testing, and CRO data across MVP and Core releases.
- Refine user journeys and interaction flows based on donor behavior insights.
- Deliver mid-year performance review and adjust UX/testing roadmap accordingly.

- Support the Virtual Hub in phasing out GGP 1.0 websites, ensuring no disruption in fundraising activities.
- Coordinate content migration, URL redirects, and technical decommissioning with ICTD and Product teams.
- Validate that all critical journeys, donation forms, and data flows have been successfully transitioned to GGP 2.0.

- Implement advanced UX techniques (micro-interactions, progress indicators, error recovery, etc.).
- Collaborate with markets to localize and test culturally adapted UX patterns.
- Continue iterative testing based on roadmap and user feedback loops.

- Conduct final rounds of A/B testing on mobile, donation flow, and call-to-action components.
- Run final UX and functionality tests on GGP 2.0 platform across Virtual Hub markets.
- Validate full PSP integrations from donor experience to CRM handoff.

- Deliver final report covering UX/UI optimization efforts, test outcomes, and CRO insights.
- Present final review of the performance dashboard and its use for market reporting.
- Provide recommendations for post-launch UX governance, experimentation, and tech roadmap (GGP 2.0 scaling, PSP performance, CRM insights).

- A first-level university degree (Bachelor's degree or equivalent) in web-design, UX/UI, marketing, computer science, engineering, technology, digital media, or any other relevant areas is required.

- A minimum of two (2) years of progressive experience in web design and development, Strong knowledge of UX/UI design principles, with experience in optimizing websites for conversions or online customer acquisition, and income is required.
- Experience in large scale digital ecommerce non-profit fundraising operations (+5million USD annual revenue) for individuals is an asset.
- Expertise in A/B testing, user behavior analysis, and data-driven experimentation is required.
- Familiarity with CMS platforms (e.g., Optimizely, Drupal) and CRM systems (e.g., Salesforce) is required.
- Extensive data-crunching experience in Excel and SQL is an asset.
- Proficiency with tools like Google Analytics, Optimizely, Power BI, Hotjar, or similar is an asset.
- Strong communication and collaboration skills to work effectively with internal teams, cross-divisions (ICTD, Communication), multiple cultures, and vendors are required.
- Experience with UN/UNICEF project management is an asset.
- Experience partnering with analytics teams to integrate user research findings and product usage data to better understand the full picture of a user’s experience is an asset.
- A strong working knowledge of user research methods, including when and how to apply different methods in various scenarios, is an asset.
- Experience in managing long-term and multiple projects simultaneously across multiple geographies (please do include the list of geographies you managed in your CV or cover letter) is an asset.
- Experience working under Agile methodology and processes is an asset.

- Fluency in English is required. Knowledge of another official UN language is considered as an asset.",UNICEF MK,https://mk.linkedin.com/company/unicefmk?trk=public_jobs_topcard-org-name,https://ch.linkedin.com/jobs/view/consultant-12-months-home-based-remotely-website-platforms-and-ux-ui-individual-giving-pfp-geneva-at-unicef-mk-4337079671?trk=public_jobs_topcard-title,2025-11-20 19:20:00,,,,"Proactive Co-Founder & CTO with a strong engineering background, specializing in leading end-to-end AI product development and optimizing digital platforms for conversion.

Successfully scaled data architectures to support millions of users, ensuring high performance and reliability crucial for large-scale fundraising operations.

Expert in leveraging AI and data analytics, having developed novel ML/optimization algorithms that delivered a 3x increase in efficiency, directly applicable to A/B testing and conversion rate optimization.

Proven ability to drive technical vision, product strategy, and stakeholder collaboration to enhance user engagement and maximize conversion rates, aligning with UNICEF's focus on AI-enabled discovery and UX/UI excellence.",
4337168996,Data Engineer,"Data Engineer

SC Cleared

£550-600 per day, Outside IR35

Initial 3 Month engagement (likely to extend)

3 days per week

Fully Remote!

Start ASAP!



Our exclusive Consulting partner urgently requires the services of an experience SC Cleared Data Engineer to join a project team, delivering a high profile Government program.



You MUST hold Active Security Clearance!



You MUST have experience working within Government departments and the Public Sector.



Task

- Review the current processes & put together a proposal on what the team would need to do to improve priority areas within the tech stack (probably focussing on light-touch processes using Python and/or R).
- Implement pipelines for 1-2 datasets or problematic processes, which they can then use as template to cover any other datasets / areas. Most data are stored as CSV files in a network drive of the businesses Data Analytics Platform (AWS workspace) with most data engineering & modelling work being carried out in Python or R in the businesses Data Analytics Platform (AWS workspace) or in MacBooks, while the front-end development is predominantly happening on MacBooks with deployment handled by central Data Science infrastructure.
- The team are looking to scope out options to make the whole process more sustainable going forward, including the businesses Consolidated Data Store (using SQL server database) in the short term and Common Data Platforms (using Azure DataBricks) or Azure (again using DataBricks) team’s infrastructure platform in the medium/ longer term.



Experience Needed

- CSV
- Data Analytics Platform (AWS workspace)
- Python and R
- SQL
- Azure DataBricks
- Geospatial



The Data Engineer needs a strong consulting mentality and a self-starting approach; they will be required to work with data experts from other government departments and public bodies that provide data for the tool.



Project Team: User Researcher, Interaction Designer, Data Scientist



This is an Urgent Contract – Please apply by submitting your latest CV for immediate review by our Talent Team.



Thank you!","Unify Talent - IT, Digital & Tech Recruitment",https://uk.linkedin.com/company/unify-talent-solutions?trk=public_jobs_topcard-org-name,https://uk.linkedin.com/jobs/view/data-engineer-at-unify-talent-it-digital-tech-recruitment-4337168996?trk=public_jobs_topcard-title,2025-11-20 17:41:04,Mark Brereton,https://uk.linkedin.com/in/mark-brereton-5372265,,,"Hi Mark,

I saw your urgent Data Engineer contract. While I don't hold SC Clearance or direct government experience, my freelance expertise in designing and scaling robust data architectures for millions of users, and building new data platforms from the ground up, could be valuable.

I specialize in solving complex data challenges and developing AI-driven products. If you have needs for a proactive AI/Data Engineer without the specific clearance, I'd be happy to discuss how I can deliver immediate impact.

Best regards,
Giuseppe Intilla"
4337155293,Software Engineer,"

Location: Remote – UK/EU/US timezone overlap preferred

Contract Type: Full-time or long-term contract (6 months+)

Company: Vidium



About Vidium

Vidium is a video intelligence company transforming how brands and agencies plan, execute, and measure online video campaigns.



We combine video intelligence data, attention data, carbon data, and performance metrics from the world’s leading SSPs and DSPs to give advertisers a deeper understanding of media quality, efficiency, and impact.





We’re hiring a Software Engineer to design, automate, and maintain data pipelines that unify and standardise datasets from multiple ad-tech sources.



You’ll build a scalable foundation that powers automated reporting, optimisation dashboards, and Vidium’s internal Video Intelligence Platform, enabling smarter media decisions and deeper contextual insights.







- Build and manage automated data ingestion pipelines in Google Cloud Platform (GCP) .
- Integrate and normalise data from SSPs (Index Exchange, PubMatic, Equativ, Magnite, etc.) and DSPs (Amazon DSP, The Trade Desk, DV360).
- Handle diverse data schemas and standardise outputs for analytics and dashboard use.
- Implement ETL/ELT automation using BigQuery, Dataflow, Cloud Functions, or Apache Airflow .



Data Warehousing & Modelling

- Design efficient, scalable schemas in BigQuery to support both client-facing dashboards and internal analytics.
- 
- Optimise for speed, query cost, and reliability across growing data volumes.



- Automate the delivery of structured data into Looker Studio, Power BI , or equivalent dashboard tools.
- Ensure consistent metric definitions across performance, attention, and carbon reporting.
- Develop validation and error-handling processes to ensure clean data refreshes.





- Collaborate with internal engineers to enhance Vidium’s video intelligence technology infrastructure used to collect video player, context, and metadata signals from publisher environments.
- Enhance data accuracy, crawl efficiency, and classification logic to ensure the reliable capture of key contextual attributes.
- Implement automated QA scripts and logging systems to detect errors, duplicates, or schema drift
- Design data pipelines to merge crawler output into BigQuery for integration with broader performance and contextual datasets.
- Work toward a scalable architecture for content discovery and video segment generation within Vidium’s Video Intelligence Data Platform.





- Connect intelligence and performance data into Vidium’s Video Intelligence Data Platform .
- Enable future use cases for segment creation, content discovery, and activation through platform partners.
- Support API and data feed integrations for automated activation pipelines.



Governance & Quality

- Maintain data accuracy and completeness across all inputs and outputs to ensure consistency and reliability.
- Implement monitoring, schema mapping, and issue alerts for pipeline health.





- Proven experience as a Software Engineer or Data Pipeline Developer , within ad-tech or mar-tech is a potential plus but not a requirement .
- Deep knowledge of GCP services : BigQuery, Dataflow, Pub/Sub, Cloud Functions, Composer (Airflow).
- Expertise in Python , SQL , and automation.
- Strong understanding of ETL/ELT pipelines and data normalisation across varied ad-tech schemas.
- Experience with API integrations (REST, JSON, OAuth) and data connector creation .
- Familiarity with programmatic data taxonomies (OpenRTB, bidstream, campaign-level metrics).
- Experience in web crawling, scraping, or structured data collection at scale (e.g., Scrapy, Playwright, Selenium, or custom GCP-based crawlers).
- Bonus: experience integrating Scope3 , Adelaide , or similar measurement frameworks.





- Opportunity to build the backbone of Vidium’s data and reporting infrastructure.
- Collaborative, high-performance environment working alongside product, engineering, and analytics leads.
- Competitive salary or day rate based on experience.
- Fully remote flexibility with regular team meetups. European location preferred for timezone and communication ease.",Vidium,https://uk.linkedin.com/company/vidium-ads?trk=public_jobs_topcard-org-name,https://pt.linkedin.com/jobs/view/software-engineer-at-vidium-4337155293?trk=public_jobs_topcard-title,2025-11-20 13:34:04,🐢  Elliot MacNay,https://www.linkedin.com/in/elliotmacnay,,,"Hi Elliot, I noticed your search for a Software Engineer at Vidium to build scalable data pipelines. While I'm not seeking a full-time role, as a freelance AI & Data Engineer, I excel at designing and scaling robust data architectures from the ground up. My experience building data foundations for millions of users and leading the technical vision for AI-driven platforms directly addresses your need to unify and standardize diverse ad-tech datasets. I could help establish that critical infrastructure immediately. Would you be open to a brief call to explore this?"
4323621049,Infrastructure Engineer,"World Wide Technology (WWT), a global technology integrator and IT solutions provider. World Wide Technology, established in 1990 in St. Louis, Missouri, collaborates with OEMs like Cisco and Dell EMC to offer infrastructure security and custom app development services to Fortune 500 companies in various sectors. With over 10,000 employees globally, we generate $17 billion in annual revenue and operate in regions including the US, UK, Canada, Europe, Costa Rica, APAC, and Middle East. We're proud to be consistently recognized as a top employer by Fortune and Glassdoor for over 13 years.



World Wide Technology Holding Co, LLC (WWT) has an opportunity for a Infrastructure Engineer. Below is the JD for the role. Please help me with the information needed to process your application, and I will contact you to discuss the role.



This is a contract Role & Outside IR35



Infrastructure Engineer



Contract Duration : 6 months!



Location: Remote/ London, United Kingdom



Responsibilities

- Work to deploy infrastructure required to support target applications which will be migrated to the new Cloud platform.
- Develop High- and Low-level designs for the solution.
- Cocreate test plans for customer acceptance aligned to the agreed requirements.
- Collaborate, manage, and respect the needs of a wide range of stakeholders.
- Ensure any infrastructure requirements demanded by the workloads are catered for by the infrastructure.
- Cocreate methods of procedure to build out clusters following OEM builds.
- Enable day two resource to support clusters in early life support.
- Provide knowledge transfer and documentation to customer operations teams.
- Ensure alignment with automation framework for integration and zero touch provisioning at scale.

What we are looking for

- Experience designing and building on-prem Kubernetes environments, preferably on Red Hat OpenShift.
- Experience working in a Telco environment with knowledge of regulatory considerations and TSA awareness (Telecoms Security Act) and operate within the boundaries.
- Experience building High- and Low-level design documents.
- Work with Red Hat Virtualization (RHV) and container platforms (OpenShift/Kubernetes) team for cloud-native deployments.
- Experience in bare metal deployments leveraging automation and ZTP (zero touch provisioning)
- Detailed knowledge of the physical installation considerations of such deployments.
- Have a flexible and ‘can do’ attitude with a strong sense of initiative with the ability to learn fast and deal calmly with situations under pressure.
- Have strong organization and planning skills to manage multiple tasks.
- Experience with VMware (Vsphere / VSAN / NSX-T) and migrations / replatforming from VMWare into Redhat
- For OpenShift, experience with their TNC reference architecture is a big plus.
- From a networking perspective, MetalLB and service mesh (Istio).
- For Storage, experience with Pure and Portworx would be good.
- For the IaaS component OpenStack is being used, Redhat
- Excellent written and verbal communication skills, and the ability to discuss technical topics with a range of technical and non-technical stakeholders.
- Foundational knowledge of building these clusters onto Arista or Cisco networks would also be beneficial, understanding the connectivity and requirements of the underlying network fabric.
- Awareness of CICD pipelines, gitlab and general Devops principles would also be beneficial as you will be working with Architects responsible for automation.



All candidates will need to go through a background check.



Must be eligible to live and work in the UK. Only successful candidates will be contacted.



EQUAL OPPORTUNITIES

World Wide Technology is committed to equal opportunities and actively seeks applications from all sectors of the community irrespective of sex, race, color, nationality, ethnic or national origin, disability, marital status, sexual orientation, having responsibility for dependents, age, religion/beliefs, or any other reason which cannot be shown to be justified.



Equal Opportunity Employer Minorities/Women/Veterans/Disabled",World Wide Technology,https://www.linkedin.com/company/world-wide-technology?trk=public_jobs_topcard-org-name,https://uk.linkedin.com/jobs/view/infrastructure-engineer-at-world-wide-technology-4323621049?trk=public_jobs_topcard-title,2025-11-20 11:42:06,Ranjeet Khemundu,https://in.linkedin.com/in/ranjeet-khemundu-0b63711bb,,,"Dear Ranjeet,

I saw your opening for an Infrastructure Engineer at WWT. While my core expertise lies in Data & AI Engineering, I wanted to reach out as a freelance expert.

My background includes scaling data architectures for millions of users and designing new data architectures from the ground up, which might offer a different perspective on system challenges.

If you ever need support with data architecture, system scaling, or AI product development, I'd be happy to discuss how my freelance expertise could provide immediate value.

Best regards,
Giuseppe Intilla"
4337600795,Technical Delivery Manager (Outside IR35),"Join Xolvio, a boutique software consultancy partnering with tier-1 clients such as T-Mobile and Volkswagen. We specialise in high-quality, event-sourced, AI-driven applications for organisations that expect exceptional engineering. As deeply technical software architects, we prioritise creativity, curiosity, and rigorous engineering while keeping space for innovation to thrive.

We’re looking for a UK-based Technical Delivery Manager (Outside IR35, B2B) to help guide and coordinate complex consulting projects across distributed teams. In this role, you’ll collaborate with both European and US clients, bringing together delivery leadership, client partnership, and technical understanding to ensure projects stay aligned, predictable, and successful.

This is a remote-first role within a highly collaborative international team. Because we operate across Europe and the US, we keep a small daily overlap window for joint collaboration, typically until 2 PM US Eastern Time, with occasional flexibility when needed for key milestones.



Services to Be Provided

- Delivery Leadership: Provide delivery oversight and support across multiple teams, helping keep work aligned with agreed scope and timelines.
- Client Collaboration: Act as a technical point of contact between clients and delivery teams to maintain alignment on scope, timelines, and quality expectations.
- Planning & Prioritization: Contribute to defining objectives, milestones, and delivery timelines in partnership with technical and product leads.
- Risk & Quality Management: Identify risks early, recommend mitigation approaches, and support adherence to Xolvio’s quality standards.
- Process Enablement: Support delivery processes, contribute to ceremonies when required, and help teams maintain efficient workflows
- Technical Insight: Translate technical concepts into clear plans and communicate progress to both technical and non-technical stakeholders.
- Agency-Style Delivery: Must be comfortable with context switching and managing multiple client engagements.



Required Experience

- Proven experience providing delivery support in roles such as Delivery Manager, Technical Project Manager, or Program Lead within the software industry.
- Solid technical understanding of modern web and cloud stacks (e.g., TypeScript, GraphQL, AWS, CI/CD pipelines).
- Experience working with distributed systems.
- Strong communication, coordination, and stakeholder engagement skills.
- Experience working with distributed engineering teams and contributing to cross-functional initiatives.
- Excellent English language skills, including the ability to understand and communicate complex topics in the software domain.



Valuable Experience

- A background as a software system architect or software developer.
- Experience working in environments with high levels of software quality and delivery automation.
- Direct experience working with event-sourced systems.
- Experience building software with TypeScript, Apollo GraphQL, KurrentDB, and CDK.
- Domain knowledge in the US healthcare system, software developer tools, and/or quantum computation.
- German language skills.



Apply

If this sounds like the kind of work you thrive in, we’d love to meet you. Apply by sending your CV and a brief introduction.",Xolvio,https://www.linkedin.com/company/xolvio?trk=public_jobs_topcard-org-name,https://uk.linkedin.com/jobs/view/technical-delivery-manager-outside-ir35-at-xolvio-4337600795?trk=public_jobs_topcard-title,2025-11-20 22:45:08,,,,"Highly entrepreneurial Co-Founder/CTO and Data & AI Expert with a strong engineering background, adept at leading complex technical projects and delivering high-quality, AI-driven solutions. Proven experience in defining technical vision, designing robust data architectures scaled for millions of users, and deploying end-to-end AI products that significantly enhance efficiency and user experience, including a novel ML algorithm that delivered a 3x increase in team efficiency. Skilled in client collaboration, stakeholder management, and translating intricate technical concepts into actionable delivery plans for distributed engineering teams. My background in building innovative, high-impact software aligns perfectly with Xolvio's commitment to exceptional engineering and AI-driven applications.",
