id,job title,description,company name,company linkedin url,job url,upload date,hiring manager name,hiring manager linkedin url,fit
4289634786,Agente commerciale,"Adventura Srl è un'agenzia di Marketing che affianca PMI e startup nella gestione di sito web, social, servizi di lead generation e branding.



Stiamo cercando venditori outbound da remoto, anche alla prima esperienza, da inserire in un progetto commerciale in forte crescita.



Attività:



Contattare aziende da liste fornite (cold e warm)

Fissare appuntamenti per il team

Chiudere vendite su progetti selezionati (se senior)



Offriamo:



Collaborazione con partita IVA o procacciatore d'affari

Provvigioni alte + bonus al raggiungimento degli obiettivi

Formazione, script e affiancamento iniziale

Flessibilità completa (orari autonomi, lavoro da casa)



Requisiti:



Attitudine commerciale e determinazione

Buone capacità comunicative e organizzative

Disponibilità a lavorare almeno 3–4 ore al giorno



Invia il tuo CV a matteo.nardella@adventura.biz – valuteremo i profili nelle prossime settimane.



Ai sensi del GDPR (Reg. UE 2016/679), i dati inviati saranno trattati da Adventura solo per finalità di selezione del personale. I dati saranno conservati per max 12 mesi e non saranno condivisi con terzi. Inviando il CV, autorizzi il trattamento dei dati per la candidatura. Per info o richieste: hello@adventura.biz",Adventura srl,https://it.linkedin.com/company/adventurabiz?trk=public_jobs_topcard-org-name,https://it.linkedin.com/jobs/view/agente-commerciale-at-adventura-srl-4289634786?trk=public_jobs_topcard-title,2025-11-15 10:24:23,Matteo Nardella,https://it.linkedin.com/in/matteo-nardella-a5240a112,1
4299352274,"Manager, Software Engineering (Servicing Engineering)","- You will take ownership of your team's process, set aspirational goals, and hold everyone, including yourself, accountable for their delivery.
- You will support your cross-functional partners in trade-off discussions and ensure that any misalignment within your peers or across the broader organization is managed.
- You will be a calming presence for your team, supporting them through difficult, high-pressure situations without compromising psychological safety.
- You will be a champion of operational excellence for your team by developing priorities, goals, expectations, and metrics that center your team on the definition of success.
- You will help your team network and build relationships across Affirm, ensuring that everyone has access to the information they need to perform.
- You will champion the career growth of your team by putting everyone in the right role, providing individual feedback and guidance, and leading by example.
- You will ensure that your team develops simple, maintainable solutions and ensure that you are managing technical risks & protecting the business.
- On-Call Rotation - There would be an on-call rotation for this role as a requirement

- You have over 8 years of engineering experience, including at least 2 in a people management role.
- You have managed all aspects of the talent lifecycle for your team — recruiting, growth, and performance management.
- You can point to specific examples of business impact that you were able to deliver through your team.
- You have experience developing strategy and influencing stakeholders beyond your team’s scope.
- You have developed major new features or systems, or overseen a significant technical change with significant contribution from your team.
- You have strong verbal and written communication skills that support effective collaboration with our global engineering team.

- Type of employment: Contract of Employment
- Flexible Spending Wallets for tech, food and lifestyle
- Away Days - wellness days to take off work and recharge
- Learning & Development programs
- Parental leave
- Employee Resource & Community Groups
- This role is eligible for creative tax benefits, subject to applicable law and company policy

- This job description is not a contractual document, and is not intended to have binding force.**

- Health care coverage - Affirm covers all premiums for all levels of coverage for you and your dependents
- Flexible Spending Wallets - generous stipends for spending on Technology, Food, various Lifestyle needs, and family forming expenses
- Time off - competitive vacation and holiday schedules allowing you to take time off to rest and recharge
- ESPP - An employee stock purchase plan enabling you to buy shares of Affirm at a discount",Affirm,https://www.linkedin.com/company/affirm?trk=public_jobs_topcard-org-name,https://es.linkedin.com/jobs/view/manager-software-engineering-servicing-engineering-at-affirm-4299352274?trk=public_jobs_topcard-title,2025-11-15 11:28:06,,,4
4340685625,Telefonakquise für Webdesign-Aufträge auf Provisionsbasis,"Bei Ahrens Marketing Solutions in Hannover suchen wir jemanden für die Telefonakquise von Webdesign-Aufträgen auf Provisionsbasis.

Wir sind ein kleines, engagiertes Team, das Unternehmen hilft, eine moderne und effektive Online-Präsenz aufzubauen.

Unsere Werte wie Gemeinschaft, Kreativität und Fairness stehen im Mittelpunkt unserer Arbeit. Wenn du ein Kommunikationstalent mit einer Leidenschaft für Kundenkontakte bist, dann bist du bei uns genau richtig.

Du wirst die Chance haben, in einer offenen und respektvollen Umgebung zu arbeiten, in der deine Ideen geschätzt werden und du wirklich einen Unterschied machen kannst. Bei uns zählt harte Arbeit und Entschlossenheit, aber auch Spaß bei der Arbeit und kontinuierliches Lernen. Klingt das spannend für dich? Dann freuen wir uns darauf, von dir zu hören!

Du suchst selbständig Webdesign-Aufträge in unserem Auftrag und bekommst eine Provisionsvergütung von 10-15%, je nach Abschlussvolumen.

1000€ - 2500€ = 10% Provision

2500€ - 5000€ = 15% Provision

Wenn deine Leistung stimmt, ist eine Übernahme in ein festes Beschäftigungsverhältnis möglich, wenn das dein Wunsch ist.

Ich freue mich auf deinen Anruf und eine Zusammenarbeit mit dir.

ACHTUNG! Wir haben keine Anruflisten die du abarbeiten sollst, du solltest in der Lage sein selbst Kunden zu finden.",Ahrens Marketing Solutions,https://www.linkedin.com/company/ahrens-marketing-solutions?trk=public_jobs_topcard-org-name,https://de.linkedin.com/jobs/view/telefonakquise-f%C3%BCr-webdesign-auftr%C3%A4ge-auf-provisionsbasis-at-ahrens-marketing-solutions-4340685625?trk=public_jobs_topcard-title,2025-11-15 06:14:58,,,1
4336128869,Clinical Physiotherapist (Remote),"- Role: Clinical Physiotherapist
- Pay: Earn up to $5,000 to $7,000 Per Month
- Location: Remote (US, UK, AU, CA)



We are hiring skilled physical therapy professionals to help shape the future of AI. In this role, you’ll use your clinical expertise to review, refine, and improve AI-generated responses related to physical therapy, diagnostics, and reasoning.



What You’ll Do

- Create and evaluate clinical questions for AI learning
- Review AI-generated outputs for accuracy, clarity, and clinical soundness
- Rank and assess responses to identify improvements
- Provide expert feedback to enhance model reasoning
- Work across various PT-related projects based on your expertise



What You’ll Bring

- PT qualification based on your country (NPTE, HCPC, CAPR, etc.)
- Strong clinical background in physiotherapy
- Ability to analyze and critique medical reasoning
- Excellent written English and attention to detail



Why Join

- Flexible remote work
- Choose your own schedule (5–10 hrs/week or more)
- Work on cutting-edge AI development projects
- Meaningful impact using your PT expertise



Apply Now!",AI Jobs,https://www.linkedin.com/company/ai-jobss?trk=public_jobs_topcard-org-name,https://uk.linkedin.com/jobs/view/clinical-physiotherapist-remote-at-ai-jobs-4336128869?trk=public_jobs_topcard-title,2025-11-15 21:32:37,,,1
4336098908,Physiotherapist (Remote),"- Role: Physiotherapist
- Pay: Earn up to $5,000 to $7,000 Per Month
- Location: Remote (US, UK, AU, CA)



We are hiring skilled physical therapy professionals to help shape the future of AI. In this role, you’ll use your clinical expertise to review, refine, and improve AI-generated responses related to physical therapy, diagnostics, and reasoning.



What You’ll Do

- Create and evaluate clinical questions for AI learning
- Review AI-generated outputs for accuracy, clarity, and clinical soundness
- Rank and assess responses to identify improvements
- Provide expert feedback to enhance model reasoning
- Work across various PT-related projects based on your expertise



What You’ll Bring

- PT qualification based on your country (NPTE, HCPC, CAPR, etc.)
- Strong clinical background in physiotherapy
- Ability to analyze and critique medical reasoning
- Excellent written English and attention to detail



Why Join

- Flexible remote work
- Choose your own schedule (5–10 hrs/week or more)
- Work on cutting-edge AI development projects
- Meaningful impact using your PT expertise



Apply Now!",AI Jobs,https://www.linkedin.com/company/ai-jobss?trk=public_jobs_topcard-org-name,https://uk.linkedin.com/jobs/view/physiotherapist-remote-at-ai-jobs-4336098908?trk=public_jobs_topcard-title,2025-11-15 21:32:39,,,1
4336128871,Medical Content Specialist (Remote),"- Role: Medical Content Specialist
- Pay: Earn up to $5,000 to $7,000 Per Month
- Location: Remote (US, UK, AU, CA)



We are hiring skilled physical therapy professionals to help shape the future of AI. In this role, you’ll use your clinical expertise to review, refine, and improve AI-generated responses related to physical therapy, diagnostics, and reasoning.



What You’ll Do

- Create and evaluate clinical questions for AI learning
- Review AI-generated outputs for accuracy, clarity, and clinical soundness
- Rank and assess responses to identify improvements
- Provide expert feedback to enhance model reasoning
- Work across various PT-related projects based on your expertise



What You’ll Bring

- PT qualification based on your country (NPTE, HCPC, CAPR, etc.)
- Strong clinical background in physiotherapy
- Ability to analyze and critique medical reasoning
- Excellent written English and attention to detail



Why Join

- Flexible remote work
- Choose your own schedule (5–10 hrs/week or more)
- Work on cutting-edge AI development projects
- Meaningful impact using your PT expertise



Apply Now!",AI Jobs,https://www.linkedin.com/company/ai-jobss?trk=public_jobs_topcard-org-name,https://uk.linkedin.com/jobs/view/medical-content-specialist-remote-at-ai-jobs-4336128871?trk=public_jobs_topcard-title,2025-11-15 21:32:48,,,1
4340890319,Director of Investor Relations,"About armor:

Co-founded by one of India's largest gamers with a following of 15M+, armor is a consumer electronics brand that aims to build stylish, high-performing products that deliver exactly what they promise.



We are funded by investors like Ritesh Agarwal (OYO), Jaynti Kanani (Polygon), Vedang Patel & Rohin Samnatey (Souled Store) and other creators with a combined following of 30 million+.



Job Description:

Looking for an Investor Relations Consultant to help us navigate the fundraising landscape in UK.",armor,https://www.linkedin.com/company/armor-co?trk=public_jobs_topcard-org-name,https://uk.linkedin.com/jobs/view/director-of-investor-relations-at-armor-4340890319?trk=public_jobs_topcard-title,2025-11-15 15:32:44,,,1
4336238121,Executive Partner,"Ascend Mentorship Group: Partner with Experts, Shape Your Future



At Ascend Mentorship Group, we are a premier platform dedicated to empowering ambitious individuals to achieve lasting financial independence through strategic asset development and expert mentorship. We connect you with seasoned entrepreneurs in the asset development industry, providing invaluable guidance and a supportive network to cultivate the mindset and skills necessary to achieve your desired lifestyle. Recognising the profound impact of your inner circle, we believe in the power of positive connections to pave the way for your future success – ""Show me your friends, and I'll show you your future.""



Your Opportunity: Become a Partner and Build Your Assets

As a Business Partner at Ascend Mentorship Group, your primary focus will be establishing and nurturing meaningful relationships with fellow partners through various online platforms and networking opportunities. This is a unique opportunity to learn directly from experienced mentors and develop your own ""Online Cash Flow Asset"" under their guidance. To ensure a solid and sustainable foundation for your asset development journey, we advise maintaining your current full-time employment for the initial 12-24 months.



What We Value in a Partner:

- A proactive and self-motivated individual with a strong drive to achieve their dreams and a commitment to personal and professional growth.
- Someone who is coachable and willing to learn and implement proven strategies.
- Exceptional communication and interpersonal abilities to effectively build and nurture a strong network.
- The ability to work independently, manage your time effectively, and contribute to a collaborative environment.



Good to Know:

- While prior experience in business development or the asset cash flow industry can be beneficial, it is not a prerequisite. Our comprehensive mentorship program is designed to guide you through every step of the process.
- Marketing expertise is not essential, as our in-house coaching team provides dedicated support in this area.



About Ascend Mentorship Group:

Ascend Mentorship Group is a dynamic and rapidly expanding organisation committed to developing the next generation of financially astute entrepreneurs. We provide the essential tools, knowledge, and mindset necessary to thrive in today's competitive landscape. Joining us as a Business Partner offers tremendous potential, including access to a positive and collaborative team culture, a focus on work-life balance, and the flexibility to shape your professional future within an innovative and forward-thinking group with a proven business model dating back to 1964.



Your Role and Growth:

As a Business Partner, you will play a vital role in expanding our network and your own potential by:

- Establishing and maintaining strong relationships with fellow Business Partners.
- Actively participating in networking events and online platforms to build connections.
- Developing your own ""Online Cash Flow Asset"" with expert mentorship and support.
- Collaborating with leadership to contribute to the strategic objectives of Ascend Mentorship Group.



Our Commitment to You:

Our comprehensive selection process involves five 30-minute meetings, designed to ensure a mutual fit. This allows us to thoroughly discuss the opportunity, understand your aspirations, and for you to experience our commitment to your success. We are excited to connect with individuals who are eager to learn, grow, and build their financial future within a supportive and expert-led environment.

Ascend Mentorship Group



Important Information – Please Read Carefully:

- This is a contract partnership position requiring a commitment of approximately 6-10 hours per week. This is not a full-time employment role.
- Please note that this is not a Human Resources position.
- For international candidates residing in Ireland, a valid Stamp 1 or Stamp 4 visa is mandatory. UK residents must hold the equivalent visa.
- We strongly encourage all applicants to visit the Ascend Mentorship Group page to gain a deeper understanding of our mission, values, and proven business model before applying.
- This opportunity is exclusively open to individuals currently located in Ireland and the UK. Please be aware that a Stamp 1G visa is not eligible for international candidates in Ireland.",Ascend Mentorship Group,https://ie.linkedin.com/company/ascend-mentorship-group?trk=public_jobs_topcard-org-name,https://ie.linkedin.com/jobs/view/executive-partner-at-ascend-mentorship-group-4336238121?trk=public_jobs_topcard-title,2025-11-15 17:34:32,Ciarán Clancy,https://ie.linkedin.com/in/ciar%C3%A1n-clancy-agri,1
4336148832,Game Producer (revenue-share opportunity),"🚨 Game Producer (Founding Team) — Mawforged | Axiosys Studio



About Axiosys

Axiosys is a passionate and dedicated indie game development team driven by innovation, creativity and collaborative storytelling. The team behind Mawforged combines technical skill, artistic vision and narrative depth to craft a rich and immersive gaming experience. Axiosys is committed to pushing the boundaries of game design to deliver unique and engaging titles for players worldwide.



⚠️ Important note

This is currently a revenue-share/equity-based position as we finalize our initial funding rounds over the coming months. We are assembling a founding team of passionate professionals who believe in the long-term potential of Mawforged.



🛠️ What you’ll do

- Own production: roadmap, milestones, sprint planning, release trains
- Run the cadence: standups, reviews, retros, risk and issue tracking, RACI clarity
- Translate goals into actionable tickets and maintain a clean, prioritized backlog
- Coordinate cross-discipline delivery across design, code, art, tech art, audio and QA
- Track velocity and burndown, unblock teams, manage scope versus quality versus timeline
- Drive build readiness through branch strategy, integration windows, playtests and release notes
- Manage vendors and contractors: briefs, deliverables, acceptance criteria
- Conduct light QA and production checks including test plans, regression coordination and bug triage
- Maintain clear documentation such as the production wiki, SOPs and change logs



🧰 Our stack

OpenProject (Nextcloud), GitLab (CI/CD and runners), Unreal Engine 5, Discord/Slack and Notion/Confluence-style documentation.



🎯 You should have

- Proven production experience on a shipped or late-stage game (indie or AA/AAA)
- Strong Agile fluency (Scrum or Kanban) and hands-on backlog management
- Excellent cross-discipline communication and stakeholder alignment
- Comfort with build pipelines, source control and milestone gating
- Ability to forecast, de-risk and negotiate scope without losing the vision



🚀 Bonus points

- Multiplayer, PvP or live-ops production experience
- Familiarity with UE5 workflows including build sizes, cooking, packaging and crash/log analysis
- Experience organizing external playtests and integrating KPI or telemetry feedback
- Grant or publisher reporting cadence for deliverables and milestones



🤝 How we work

Remote-first, async-friendly and built around a small senior team.

Pragmatic change control: ticket → PR → review → staged rollout.

We value reliability, clarity and then speed.



---



⚠️ Important - please read carefully: This is currently a revenue-share/equity role as we finalize funding. It’s a founding-team track with high ownership and long-term upside.



---",Axiosys,https://ch.linkedin.com/company/axiosys?trk=public_jobs_topcard-org-name,https://ch.linkedin.com/jobs/view/game-producer-revenue-share-opportunity-at-axiosys-4336148832?trk=public_jobs_topcard-title,2025-11-15 22:18:15,Melissa R.,https://ch.linkedin.com/in/melissaribaira,2
4340636907,Entrepreneur dans le Programme Startup Microsoft,"Be Cloud , en tant que grossiste Microsoft, vous offre une chance unique de vous lancer dans l' entrepreneuriat au sein d'un modèle économique structuré autour de Microsoft. Cette opportunité vous permettra de bénéficier d'un réseau franchisé solide, servant de tremplin idéal pour votre parcours entrepreneurial.

☀ Pourquoi Choisir Be Cloud ?

Accès au Modèle de Franchise Microsoft : Bénéficiez d'un modèle éprouvé qui a permis à des milliers d'entrepreneurs d'atteindre des chiffres d'affaires supérieurs à dix millions d'euros.

Aucun Investissement Initial : Lancer votre activité sans contraintes financières.

Accompagnement Complet : De l'étude du plan d'action à la création de votre société, en passant par votre formation sur nos méthodes de vente et le démarrage de votre activité.

Ce qu’on vous propose

Étude du Plan d'Action : Analyse des opportunités et mise en place d'une stratégie adaptée.

Collaboration avec un Expert Comptable : Optimiser la gestion financière de votre nouvelle entreprise.

Création de la Société : Assistance dans le processus de création légale et administrative.

Démarrage de l'Activité : Mise en place de campagnes de prospection pour acquérir vos premiers clients.

Profil Recherché

- Une forte envie de réussir dans le monde entrepreneurial.
- Capacité à gérer plusieurs tâches et à suivre un plan d'action structuré.
- Expérience dans la vente ou le développement commercial souhaitée, mais pas obligatoire.

Ne manquez pas cette occasion de faire partie d'un réseau franchisé innovant et dynamique. Engagez-vous dans une aventure entrepreneuriale avec Be Cloud et construisez votre avenir avec le soutien de Microsoft.

Venez découvrir le modèle de franchise Microsoft et saisissez cette opportunité dès aujourd'hui !",Be-Cloud,https://fr.linkedin.com/company/be-cloud?trk=public_jobs_topcard-org-name,https://fr.linkedin.com/jobs/view/entrepreneur-dans-le-programme-startup-microsoft-at-be-cloud-4340636907?trk=public_jobs_topcard-title,2025-11-15 15:21:11,,,1
4340805558,Kooperationspartner*in aus dem Gesundheitsbereich für BetterLifeBalance gesucht,"Bieten Sie Ihren Kund*innen mehr als je zuvor – und profitieren Sie gleichzeitig von stabilen Umsätzen und passivem Einkommen!

Möchten Sie Ihr Angebot erweitern und gleichzeitig eine wertvolle Einkommensquelle aufbauen? BetterLifeBalance sucht engagierte Partner_innen, die bereit sind, ihren Kund_innen echten Mehrwert zu bieten und langfristig von einem stabilen und passiven Einkommensstrom zu profitieren.

Was wir Ihnen bieten:

- Zusätzliche Einnahmequellen : Nutzen Sie unser ganzheitliches Gesundheitskonzept, um Ihre Kund*innen noch umfassender zu unterstützen.
- Passives Einkommen : Erstellen Sie sich durch unser System eine Einkommensbasis, die sich langfristig und ohne zusätzlichen Aufwand für Sie auszahlt.
- Kundenzufriedenheit & Bindung : Unsere Programme steigern die Zufriedenheit Ihrer Kund*innen und sorgen für langfristige Bindung.

Ihr Profil:

- Sie haben Freude daran, Menschen zu einem besseren Leben zu verhelfen.
- Sie sind in einem gesundheitsorientierten Umfeld tätig und möchten Ihren Kund*innen innovative, wissenschaftlich fundierte Produkte bieten.
- Sie suchen eine Möglichkeit, ohne zusätzlichen Zeitaufwand finanzielle Sicherheit zu schaffen.

Interessiert?

Lassen Sie uns gemeinsam daran arbeiten, Ihren Kund*innen den Mehrwert zu bieten, den sie verdienen, und dabei Ihre finanzielle Zukunft zu sichern. Join the revolution!

Erstgespräch vereinbaren

Verkauf und Kundenberatung

- Erfahrung im Vertrieb oder in der Kundenberatung, idealerweise in einem gesundheitsnahen oder beratungsorientierten Umfeld.
- Fähigkeit, vertrauensvolle Beziehungen zu Kund*innen aufzubauen und langfristige Kundenbindung zu fördern.

Gesundheits- und Ernährungswissen

- Grundkenntnisse in Gesundheit, Ernährung und Vitalstoffen, um die Produkte und Programme kompetent und authentisch vermitteln zu können.
- Ein gutes Verständnis für ganzheitliches Wohlbefinden und ein Interesse an gesundheitsfördernden Konzepten.

Unternehmerisches Denken

- Fähigkeit, Chancen zur Umsatzsteigerung und Kundenbindung zu erkennen und zu nutzen.
- Grundkenntnisse in der Selbstständigkeit und im Umgang mit passiven Einkommensströmen.

Kommunikation und Soft Skills

- Gute Kommunikationsfähigkeiten, um die Werte und den Mehrwert von BetterLifeBalance zu vermitteln.
- Empathie und die Fähigkeit, sich in die Bedürfnisse und Wünsche der Kund*innen einzufühlen.

Langfristige Einkommenssicherheit

- Stabiles Einkommen : Neben einer laufenden Provision gibt es die Möglichkeit, ein passives Einkommen aufzubauen, das mit der Zeit wächst und langfristig finanzielle Sicherheit bietet.
- Flexibilität und Unabhängigkeit : Partner*innen können ihre Arbeitszeiten selbst bestimmen und parallel zu anderen Tätigkeiten arbeiten, ohne an strikte Vorgaben gebunden zu sein.

Ganzheitliche Persönlichkeitsentwicklung

- Coaching und Weiterbildung : Zugang zu exklusiven Seminaren, Workshops und Coachings, die nicht nur Verkaufstechniken, sondern auch Persönlichkeitsentwicklung, Kommunikation und gesundheitsbezogene Inhalte umfassen.
- Netzwerk von Gleichgesinnten : Die Möglichkeit, Teil einer Community von selbstständigen, erfolgreichen Frauen zu werden, die ähnliche Ziele und Werte teilen.

Gesundheitliche Vorteile

- Exklusiver vergünstigter Zugang zu Gesundheitsprodukten : Partner_innen erhalten Zugang zu hochwertigen Vitalstoffen und Gesundheitsprodukten für sich und ihre Kund_innen, die ihr Wohlbefinden fördern.
- Persönliche Gesundheitspakete : Partner*innen können zu besonderen Konditionen Gesundheitspakete für den Eigenbedarf erhalten und von den Produkten profitieren, die sie selbst anbieten.

Mentoring und Support

- Engagiertes Mentoring : Persönliche Unterstützung durch erfahrene Führungskräfte und Mentor*innen, die bei der Geschäftsentwicklung und bei Herausforderungen zur Seite stehen.
- Team- und Einzelcoachings : Regelmäßige Gruppen- und Einzelcoachings, um individuelle Ziele zu verfolgen und Erfolgsgeschichten zu fördern.

Finanzielle Unabhängigkeit und Altersvorsorge

- Einkommen mit Zukunft : Die Möglichkeit, ein Zusatzeinkommen zu generieren, das sich auch als Altersvorsorge eignet und langfristige finanzielle Freiheit bringt.
- Steuerliche Vorteile für Selbstständige : Durch die selbstständige Tätigkeit lassen sich viele Vorteile im Bereich Steuern und Altersvorsorge nutzen.

Zweites Standbein ohne finanzielles Risiko

- Keine hohen Einstiegsinvestitionen : Partner*innen können mit wenig Startkapital und ohne Risiko ein Business aufbauen, das ihnen eine echte Wachstums- und Einkommensperspektive bietet.
- Systematisches Geschäftsmodell : Dank eines erprobten und strukturierten Modells gibt es klare Prozesse und Schritt-für-Schritt-Anleitungen, die den Einstieg erleichtern und den Erfolg fördern.

Karriere und Aufstiegsmöglichkeiten

- Potenzial zur Führungskraft : Für ambitionierte Partner*innen gibt es die Möglichkeit, selbst ein Team aufzubauen und in eine Mentorenrolle zu wachsen, um andere zu unterstützen und ihre eigene Karriere zu fördern.
- Erfolgserlebnisse und Anerkennung : Durch klare Karrierelevels und Zielsetzungen kann jede_r Partner_in persönliche Meilensteine erreichen und sich regelmäßig Anerkennung und Belohnungen sichern.

Work-Life-Balance und Lebensqualität

- Mehr Zeit für Familie und Hobbys : Dank der flexiblen Strukturen und des passiven Einkommensmodells können Partner*innen ihre Arbeitszeit selbst einteilen und mehr Zeit für Familie und eigene Interessen gewinnen.
- Eigenes Tempo bestimmen : Jede*r kann das Tempo und die Intensität der Arbeit selbst bestimmen – passend zu den eigenen Lebensphasen und Zielen.

Choose to live better

BetterLifeBalance

Join the revolution",Betterlifebalance,https://de.linkedin.com/company/betterlifebalance?trk=public_jobs_topcard-org-name,https://de.linkedin.com/jobs/view/kooperationspartner-in-aus-dem-gesundheitsbereich-f%C3%BCr-betterlifebalance-gesucht-at-betterlifebalance-4340805558?trk=public_jobs_topcard-title,2025-11-15 07:15:01,,,1
4336126817,Responsable développement commercial,"Soyons clairs dès le départ.

Ce poste n'est pas pour tout le monde. Il n'y a pas de fixe. Uniquement des commissions sur tes signatures. Si tu ne closes pas, tu ne gagnes rien.

Mais si tu es vraiment bon au téléphone, si tu sais prospecter, qualifier et closer tes deals en autonomie, tu vas gagner bien plus que dans n'importe quel poste commercial classique.





On aide les thérapeutes (ostéopathes, chiropracteurs, psychologues, sophrologues, etc.) à développer leur visibilité grâce à des sites web premium optimisés pour le référencement local.

Pas du low-cost. Des vraies solutions qui leur ramènent des patients. Panier moyen : 800 à 4 000€+ (avec un paiement mensuel possible).

Ton rôle :

- Tu décroches ton téléphone et tu prospectes à froid
- Tu identifies les thérapeutes qui ont besoin d'un vrai site web (on te donne tous les processus pour)
- Tu qualifies le besoin, tu présentes la valeur Theralys
- Tu closes tes propres deals , de A à Z
- Tu gères ton pipeline avec rigueur ( Aircall, Pipedrive, Modjo)

Pas de passage de relais. Tu ouvres le compte, tu gères le cycle, tu signes le contrat. Les commissions sont pour toi.

Le cycle est court (7-10 jours maximum). Le produit est solide. Le marché est immense : plus de 200 000 thérapeutes en France , dont la majorité n'a pas de site digne de ce nom.





Expérience concrète : Tu as déjà fait du phoning B2B à l'échelle des TPE/PME avec des résultats mesurables. On ne parle pas d'un stage de prospection de 3 mois, mais d'une vraie expérience terrain où tu as ouvert des comptes et signé des contrats.

Aisance au téléphone : Ta voix inspire confiance. Tu sais gérer les objections sans paniquer. Tu ne lis pas un script comme un robot. Et surtout, tu sais relancer — parce qu'un premier ""non merci"" n'est (presque) jamais définitif.

Rigueur opérationnelle : Ton CRM est à jour. Tes relances sont programmées. Tes notes sont complètes. Si ton pipeline ressemble à un champ de bataille, tes résultats aussi.

Endurance mentale : Les semaines difficiles existent. Les refus en série aussi. Les prospects agaçants également. Si tu déprimes au bout de trois jours sans signature, ce n'est pas le bon poste pour toi.

Maîtrise du français : Niveau natif ou C2 indispensable. Tu vends à des professionnels du milieu paramédical, la diction doit être impeccable et le ton professionnel. C'est non négociable.





On pourrait te raconter qu'on a ""une super ambiance"" et ""des valeurs humaines fortes"". Mais voilà la réalité :

Performance avant tout. On mesure les résultats, pas les intentions. Tu closes, tu es récompensé. Tu ne closes pas, on en parle et on ajuste. On ne fait pas semblant.

Autonomie totale. Personne ne va te tenir la main ou te micro-manager. Tu gères ton temps, tes appels, ton pipeline. Par contre, on attend de la rigueur et de la transparence sur tes chiffres.

Équipe qui connaît le terrain. Le Head of Sales a 30 ans d'expérience en vente et marketing. Il sait ce que c'est que de closer. Pas de managers théoriques qui n'ont jamais décroché un téléphone.

Communication directe. On te dit les choses franchement. Si quelque chose ne va pas, on en parle. Si tu performes, on te le dit aussi. Pas de non-dits ou de politique d'entreprise.

Environnement exigeant mais clean. On met la pression sur les résultats, pas sur des réunions inutiles ou du reporting pour faire joli. On travaille en full remote, chacun gère son organisation, mais il faut une connexion stable et un environnement professionnel.

Évolution rapide pour ceux qui le méritent. Si tu performes, on te fait grandir. Closer senior, Key Account Manager, peut-être Head of Sales si tu as l'étoffe. On fait évoluer ceux qui prouvent leur valeur.





100% commission. Déplafonnée.

Tes signatures = ton salaire. C'est aussi simple que ça.

Si l'idée de travailler sans filet de sécurité te fait peur, ce poste n'est pas pour toi. Par contre, si tu es confiant en tes compétences et que tu veux vraiment toucher ce que tu vaux, bienvenue dans l'équipe.



Trois étapes :

1. Remplis le formulaire Tally (3 à 5 minutes)

Si tu zappe cette étape, on sait déjà que tu n'es pas rigoureux dans les process.

2. Dedans, il te sera demandé une vidéo de 2-3 minutes où tu vends ton profil

Montre-nous comment tu te présentes, comment tu pitches, comment tu nous convaincrais de te prendre dans l'équipe.

3. Si tu passes le filtre :

- Tu reçois notre document d'écosystème à lire avant l'entretien
- Tu réserves ton créneau pour un entretien unique de 30 à 40 minutes

👉 Postule ici : https://tally.so/r/RGGML4

Dernière chose.

Si tu hésites encore, c'est probablement que ce n'est pas pour toi.

Qui se ressemble, s'assemble.

À toi de jouer.",Boost Ton Cab,https://www.linkedin.com/company/boost-ton-cab?trk=public_jobs_topcard-org-name,https://fr.linkedin.com/jobs/view/responsable-d%C3%A9veloppement-commercial-at-boost-ton-cab-4336126817?trk=public_jobs_topcard-title,2025-11-15 10:21:21,,,1
4261948625,Associate Auditor - ISO 27001,"- 27001 Lead Auditor qualification
- Previous experience working for a certification body
- A full and valid driving licence",BSI,https://uk.linkedin.com/company/bsi?trk=public_jobs_topcard-org-name,https://ie.linkedin.com/jobs/view/associate-auditor-iso-27001-at-bsi-4261948625?trk=public_jobs_topcard-title,2025-11-15 15:34:36,,,1
4340826418,Freie Assistenz bei Videodrehs (m/w/d),"Camformance ist eine Videoproduktionsfirma mit Sitz in Osnabrück, die sich auf maßgeschneiderte Videos für Hersteller, Händler und Importeure der Heavy-Machinery wie Baumaschinen, Nutzfahrzeuge und Industrieanlagen spezialisiert hat. Das Unternehmen bietet professionelle Imagefilme, Erklärvideos, Social-Media-Content und Messevideos – von der Konzeption über den Dreh bis zur Postproduktion.

Dabei unterstützt Camformance seine Kunden nicht nur in der Kommunikation, sondern auch bei der Digitalisierung. Neben der Videoproduktion übernimmt das Team auf Wunsch auch komplette Social-Media-Accounts, entwickelt und steuert Recruiting-Kampagnen, schaltet zielgerichtete Werbeanzeigen und baut das Leistungsportfolio stetig aus – mit dem Ziel, Unternehmen bestmöglich und ganzheitlich zu betreuen.

Der Fokus liegt dabei weiterhin auf hochwertiger Umsetzung, einem starken Markenauftritt und maximaler Sichtbarkeit auf digitalen Kanälen und Veranstaltungen. Mit einem klar strukturierten Prozess begleitet Camformance seine Kunden von der ersten Idee bis zur Veröffentlichung und schafft wirkungsvolle Inhalte, die überzeugen.

📍 Frankfurt, München, Nürnberg, Stuttgart (Umgebung) 💼 Selbstständig (mit Gewerbeschein) | 💰 Tagessatz: 200 €

Deine Aufgaben

Wir suchen flexible und zuverlässige Assistenzkräfte (m/w/d), die uns bei professionellen Videodrehs unterstützen. Du bist Teil des Teams vor Ort und sorgst dafür, dass alles reibungslos abläuft:

- Mitfahrt zu Drehs (Start meist aus deinem Raum) deutschlandweit / regional
- Ansagen, Zeiten und Abläufe koordinieren
- Ansprechpartner vor Ort sein
- Behind the scenes-Aufnahmen filmen
- Equipment tragen, aufbauen, beaufsichtigen
- Fahrdienste: z. B. Kunden, Interviewpartner oder Teammitglieder abholen/bringen

Das solltest du mitbringen

- Du hast ein gewerbliches Kleingewerbe angemeldet (Rechnungstellung erforderlich)
- Führerschein (Klasse B) und Fahrpraxis
- Körperlich belastbar (Equipment tragen)
- Freundliches, verbindliches Auftreten
- Eigenständige Arbeitsweise und Zuverlässigkeit
- Bereitschaft zu ganztägigen Einsätzen (auch mal früh morgens oder bis abends)

Das bieten wir

- 200 € Tagessatz (Einsätze nach Absprache, flexible Planung)
- Einsätze vor allem in der Region Frankfurt, München, Nürnberg, Stuttgart
- Abwechslungsreiche Aufgaben bei professionellen Videoproduktionen
- Möglichkeit zur längerfristigen Zusammenarbeit

Interesse?

Melde dich mit kurzer Info zu dir (Wohnort, Führerschein, Erfahrung) und deinem Gewerbenachweis.",Camformance,https://de.linkedin.com/company/camformance?trk=public_jobs_topcard-org-name,https://de.linkedin.com/jobs/view/freie-assistenz-bei-videodrehs-m-w-d-at-camformance-4340826418?trk=public_jobs_topcard-title,2025-11-15 14:15:34,,,1
4336156548,[Mercor] General Manager | $130/hr Remote,"At Crossing Hurdles, we work as a referral partner. We refer candidates to Mercor that collaborates with the world’s leading AI research labs to build and train cutting-edge AI models.



Organization: Mercor

Position: General and Operations Managers

Referral Partner: Crossing Hurdles

Type: Hourly Contract

Compensation: $65–$130/hour

Location: Remote

Commitment: 10–40 hours/week



Role Responsibilities (Training support will be provided)

- Use real-world operations and leadership experience to develop accurate and relevant workflow-based scenarios.
- Review and refine business, management, and organizational content for clarity and realism.
- Provide written reasoning grounded in real managerial decision-making and operational strategy.
- Work asynchronously and adapt to evolving task guidelines.



Requirements

- Strong experience working full-time as a General and Operations Manager.
- Must be based in the U.S., U.K., or Canada.
- Ability to commit a minimum of 15 hours/week.
- Must use a desktop or laptop computer.
- Strong written communication and analytical judgment.
- Cannot currently support H1-B or STEM OPT status.



Application Process (Takes 20 min)",Crossing Hurdles,https://www.linkedin.com/company/crossinghurdles?trk=public_jobs_topcard-org-name,https://uk.linkedin.com/jobs/view/mercor-general-manager-%24130-hr-remote-at-crossing-hurdles-4336156548?trk=public_jobs_topcard-title,2025-11-15 08:31:47,,,1
4336106618,[Mercor] Mechanical EngineerIing Specialist | $150/hr Remote,"At Crossing Hurdles, we work as a referral partner. We refer candidates to Mercor that collaborates with the world’s leading AI research labs to build and train cutting-edge AI models.



Organization: Mercor

Position: Mechanical Engineer

Referral Partner: Crossing Hurdles

Type: Hourly Contract

Compensation: $75–$150/hour

Location: Remote

Commitment: 10–40 hours/week



Role Responsibilities (Training support will be provided)

- Use your mechanical engineering expertise to design and review domain-specific problems and scenarios related to your field.
- Evaluate AI-generated responses for technical accuracy, clarity, and practical relevance.
- Create questions reflecting real-world engineering challenges such as thermodynamics, materials, fluid mechanics, or design optimization.
- Help refine AI systems’ understanding of engineering concepts, modeling, and design reasoning.



Requirements

- Strong experience as a Mechanical Engineer.
- Proficiency with core engineering principles and analytical problem-solving.
- Excellent written and verbal communication skills.
- Access to a desktop or laptop computer (Chromebooks not supported).
- Comfortable working independently in an asynchronous environment.



Application Process (Takes 20 min)",Crossing Hurdles,https://www.linkedin.com/company/crossinghurdles?trk=public_jobs_topcard-org-name,https://uk.linkedin.com/jobs/view/mercor-mechanical-engineeriing-specialist-%24150-hr-remote-at-crossing-hurdles-4336106618?trk=public_jobs_topcard-title,2025-11-15 08:33:55,,,1
4336238152,Développeur·se Full-Stack - Mission Freelance (Remote),"🚀 Développeur·se Full-Stack – Mission Freelance (Remote)

📍 100% Remote | ⏰ Immédiat | 🗓️ 3 semaines



🎯 Le projet

Refonte technique d'un software POC fonctionnel vers une v1.2 production-ready . Mission : moderniser le stack et sécuriser l'application.



🧰 Stack

Actuelle :

- Backend : Python / Flask + PostgreSQL
- Frontend : HTML / CSS / JS vanilla + Jinja2

Cible (migration) :

- Frontend : Next.js + TypeScript + Tailwind CSS + Shadcn/ui
- Backend : Flask optimisé (ou Next.js API)
- Infra : Supabase (optionnel) + Vercel



📋 Missions

Phase 1 – Frontend (2 semaines) → Migration complète vers Next.js + TypeScript + Tailwind → Intégration Shadcn/ui et refonte UX/UI → Architecture composants modulaires

Phase 2 – Backend & déploiement (1 semaine) → Optimisation et sécurisation API → Déploiement Vercel + CI/CD



👤 Profil

Must-have :

- 3+ ans d'expérience full-stack
- Expertise Next.js + TypeScript + Tailwind
- Bases Python / Flask
- Expérience refactoring / migration
- Disponible immédiatement

Nice-to-have :

- Shadcn/ui, Supabase, Vercel



📬 Pour postuler

→ Message LinkedIn ou email : lea.rastello@datafreak.fr

Envoie :

⏱️ Sélection sous 72h – démarrage immédiat



#NextJS #TypeScript #TailwindCSS #ShadcnUI #Python #Flask #Supabase #Vercel #FullStack #Freelance #Remote",DATAFREAK,https://fr.linkedin.com/company/datafreak?trk=public_jobs_topcard-org-name,https://fr.linkedin.com/jobs/view/d%C3%A9veloppeur%C2%B7se-full-stack-mission-freelance-remote-at-datafreak-4336238152?trk=public_jobs_topcard-title,2025-11-15 18:21:14,,,5
4340806582,Agente di vendita,"Per Ugo la bici era solo blu.

La 70 ha richiesto 22 mesi perché al momento di presentarla non ci soddisfava e abbiamo ricominciato da capo.

Nicholas ha scommesso su una finitura di titanio che secondo gli altri era improponibile, è stata la versione più venduta.

Quando non siamo sicuri di un colore Cristiano raduna tutto il team in strada alla luce naturale chiedendo il parere di tutti.

Ecco il tipo di cura (e l’ostinazione) che ci accompagnano ogni giorno e che cerchiamo nel nostro team.



Descrizione ruolo

Cerchiamo Rappresentanti/Agenti di vendita per rappresentare De Rosa sul territorio nazionale.

Il ruolo prevede di sviluppare e consolidare la rete di vendita, creare relazioni solide con rivenditori e appassionati e diffondere lo spirito De Rosa.



📍Zone di interesse:

- Liguria / Piemonte
- Emilia / Marche
- Toscana / Umbria / Lazio



Responsabilità

- Sviluppare e gestire il portafoglio clienti nella propria area geografica
- Promuovere e raccontare il valore unico delle biciclette De Rosa, dal punto di vista tecnico e narrativo e contribuire a consolidare il percepito
- Fare networking e sviluppare opportunità di crescita sul territorio
- Gestire in autonomia la propria area, con intraprendenza e spirito propositivo
- Gestire le vendite ed essere il collegamento tra il Brand e i dealer
- Raccogliere feedback dal mercato e condividerli con il team, perché il nostro lavoro è sempre un dialogo
- Partecipare ad eventi, fiere e bike test. della propria zona



Requisiti

- Partita iva
- Esperienza pregressa come agente/rappresentante commerciale
- Esperienza nel settore ciclistico oppure forte passione e conoscenza tecnica
- Capacità di comunicazione, ascolto e relazione
- Attitudine all’autogestione e al problem solving
- Autonomia negli spostamenti



Perché unirsi a noi

Dal 1953 costruiamo biciclette da corsa, strada e gravel con il cuore.

Siamo un’azienda familiare, alla terza generazione che parla al mondo (attualmente esportiamo in 54 paesi) e crediamo nel valore delle persone che ogni giorno ci aiutano a far conoscere le nostre bici, i nostri valori e il nostro modo di vivere il ciclismo.

Un’opportunità per entrare nella famiglia De Rosa ed aiutarci a portare avanti la nostra tradizione di eccellenza.

Niente fughe solitarie, ma lavoro di squadra. Qualcuno che rimanga in gruppo con noi e con cui pedalare fianco a fianco quotidianamente, perché no, anche concretamente se capita.



📩 Inviaci la tua candidatura!



Garantiamo un processo di selezione equo, aperto a tutte le persone, indipendentemente da genere, età, origine, orientamento sessuale, disabilità o qualsiasi altra caratteristica protetta dalla normativa vigente (L. 903/77 e L. 125/91)



#DeRosa",De Rosa,https://it.linkedin.com/company/derosabikes?trk=public_jobs_topcard-org-name,https://it.linkedin.com/jobs/view/agente-di-vendita-at-de-rosa-4340806582?trk=public_jobs_topcard-title,2025-11-15 15:24:25,,,1
4340686945,Vice President Business Operations (m/w/d) - 100 % Ehrenamt - 100 % Remote,"Der Deutsche Hilfsbund e.V. befindet sich derzeit in der Gründung. Ziel ist der Aufbau einer bundesweit agierenden Dachstruktur, die soziales Engagement, wirtschaftliche Tragfähigkeit und strategische Wirkung vereint. Dafür schaffen wir die organisatorischen, finanziellen und rechtlichen Grundlagen einer leistungsfähigen Gemeinwohlorganisation mit wirtschaftsnaher Ausrichtung.

Für diese herausfordernde und zukunftsweisende Aufbauphase suchen wir Ihre operative Exzellenz, Ihre wirtschaftliche Weitsicht und Ihre strukturierte Arbeitsweise als Vice President Business Operations (m/w/d). Gemeinsam mit uns gestalten Sie tragfähige Geschäftsmodelle, Finanzierungsstrukturen und Partnerschaften für eine Organisation mit Wirkung.

Wichtig: Es handelt sich um ein ehrenamtliches Engagement , das nicht sozialversicherungspflichtig ist. Dennoch eröffnet diese Position Ihnen die Möglichkeit, Verantwortung auf Vorstandsebene zu übernehmen, Ihren beruflichen Erfahrungsschatz wirksam einzubringen und den Grundstein für eine Organisation mit bundesweiter Strahlkraft zu legen.

In dieser Schlüsselposition gestalten Sie die wirtschaftliche und organisatorische Basis des Deutschen Hilfsbunds maßgeblich mit:

- Entwicklung, Umsetzung und Betreuung von Businessplänen , Liquiditätsplanungen und Finanzierungsstrategien
- Begleitung und Strukturierung von Seed-Finanzierungen sowie Aufbau und Pflege von Investor Relations
- Mitwirkung beim Aufbau und der Ausgestaltung von wirtschaftlich tätigen Gesellschaften (z. B. gGmbHs, GmbHs, Stiftungsmodelle)
- Entwicklung nachhaltiger Geschäftsmodelle zur Finanzierung des Vereins und seiner Tochtergesellschaften
- Unterstützung bei der Erstellung und Prüfung von Verträgen, Beteiligungsmodellen und Kooperationsvereinbarungen
- Aufbau und Pflege strategischer Geschäftsbeziehungen zu institutionellen Partnern, Investoren und Förderern
- Beratung des Bundesvorstands sowie des Gründungsteams in allen betriebswirtschaftlichen, finanziellen und strukturellen Fragen

Was Sie mitbringen sollten:

- Ein abgeschlossenes Studium im Bereich Betriebswirtschaft , Finanzen , Wirtschaftsrecht oder einem vergleichbaren Studiengang
- Mehrjährige praktische Erfahrung in der Erstellung von Businessplänen, im Beteiligungs- und Finanzierungsmanagement sowie in der Strukturierung von Organisationen oder Unternehmensgruppen
- Vertrautheit mit Begriffen wie Seed-Runde, CAP-Tables, Liquiditätsplanung, Pre-Money/Valuation, Beteiligungsverträge und Gesellschaftsstrukturierung
- Ausgeprägte analytische Fähigkeiten, unternehmerisches Denken und ein sicherer Umgang mit finanziellen Steuerungsinstrumenten
- Erfahrung im Umgang mit Excel-Modellen und idealerweise gängiger Finanzsoftware oder BI-Tools
- Kommunikationsstärke im Austausch mit Partnern, Kapitalgebern und internen Stakeholdern
- Freude an Aufbauarbeit, Eigenverantwortung und der Gestaltung langfristig tragfähiger Strukturen

Was wir Ihnen bieten

- Mitgestaltung auf höchster Ebene in einer Organisation mit gemeinwohlorientiertem und wirtschaftsnahem Auftrag
- Eine strategische Schlüsselrolle in der Gründungs- und Aufbauphase mit großem Entscheidungsspielraum
- Zusammenarbeit mit einem engagierten, professionellen Gründungsteam in vertrauensvoller Atmosphäre
- Remote-Engagement mit flexibler Zeiteinteilung
- Zugang zu relevanten Netzwerken aus Wirtschaft, Politik und Zivilgesellschaft
- Die Möglichkeit, Ihre Expertise sinnstiftend einzusetzen – in einer Organisation, die auf Integrität, Wirkung und Verantwortung setzt",DEHIB Deutscher Hilfsbund e.V.,https://www.linkedin.com/company/dehib?trk=public_jobs_topcard-org-name,https://de.linkedin.com/jobs/view/vice-president-business-operations-m-w-d-100-%25-ehrenamt-100-%25-remote-at-dehib-deutscher-hilfsbund-e-v-4340686945?trk=public_jobs_topcard-title,2025-11-15 19:14:55,,,2
4336206005,Freelance Video Editor - Fireship,"An opportunity to join an exciting, well-funded and fast-growing creator economy business.

Electrify Video Partners is a dynamic new digital media company that invests in and scales creators with an established YouTube presence. Our mission is to turn creators into global media businesses by building teams, scaling the production and distribution of their content and introducing new revenue streams across platforms. We acquire between 50% and 100% of creator businesses with an established YouTube presence. We have invested in various leading channels and raised multiple funding rounds, having existing revenue streams.

We are building a decentralized global team to power our business and are looking for A-players who share our vision and values and want to play a part in driving the business forward on its exciting journey. Come and build the future of media with Electrify!

About the role

Join us at Fireship, one of the biggest software engineering and tech channels on YouTube, known for its high-energy, fast-paced tutorials and breakdowns of programming, software development, and technology trends. With a loyal following of over 3.8 million subscribers, Fireship specializes in delivering bite-sized, informative, and entertaining tech content that makes complex topics easy to understand.

We are looking for talented and creative freelance Video Editors to join our remote content production team. The ideal candidates will have experience in story-based video editing and a strong interest in technology, coding, and development. If you have experience creating tutorial-based or tech-oriented videos, this will be a huge advantage.

Key Responsibilities

- Play a key role in the production and video editing of Fireship’s YouTube content to increase the quantity and variety of output, contributing to the growth and engagement of the audience.
- Proactively source, select and import relevant media elements (videos, images) to elevate scripts and voice overs into dynamic video content
- Collaborate closely with creators and scriptwriters to ensure alignment with the overall storytelling vision, while demonstrating initiative and producing high-quality work that meets expectations
- Maintain organised project files and documentation to ensure easy access to assets and seamless collaboration with team members.
- Keep up to date with internet culture and news from the tech world.

Required:

- Proven experience in video editing, with a strong editorial portfolio that demonstrates expertise in digital content creation, particularly for YouTube and short form video that tells a story with archive images.
- Confident use of keyframe animation for ‘faceless’ video content
- Advanced proficiency in Adobe Creative Suite, including Adobe Premiere Pro, After Effects, Illustrator, and Photoshop.
- Strong attention to detail, ensuring consistency in the use of fonts, colors, styles, and visual elements as per the Fireship brand, while elevating the production value.
- Experience working with programming or tech-related content is highly desirable, with the ability to understand complex topics and break them down into digestible, engaging video formats.
- A passion for technology, programming, and digital content creation, with a keen interest in staying up-to-date on industry trends and best practices.
- YouTube is your primary source of media for education and entertainment, such that you have an innate ability to craft YouTube videos that maximise engagement and audience retention.

Desirable

- Competence in popular coding and programming languages, especially experience working as a software developer or building digital projects
- Flexible working hours in order to collaborate with colleagues across European and US time zones

Electrify Culture

- Dynamic environment - We are dedicated to providing a world-class creative culture where our employees can thrive. We’re looking for self-starters with an entrepreneurial mindset who want to be part of our success story. You’ll discover new opportunities, take ownership of important initiatives and learn at a fast pace.
- Work anywhere - We are a remote team with employees around the world. This means you are free to work from anywhere with a good internet connection.
- Our Values – We are committed to fostering a culture that values innovative thinking and the ability to drive positive change.
- Force for good - We believe in leveraging the power of Electrify to change lives and have set up our Creator Foundation. For each established creator that we invest in, we will provide both the cash and production support for an emerging creator to produce and distribute a video that tells an important story linked to one of the United Nations' 17 Sustainable Development Goals (SDGs). We actively encourage your involvement in these projects.

What we offer

- Competitive salary
- Work from anywhere with an allowance for tech
- Flexible hours
- Employee referral program
- The opportunity to work in a vibrant and innovative environment
- A supportive and collaborative team

Electrify is an equal opportunity employer committed to fostering an inclusive, innovative environment with the best employees. We provide employment opportunities without regard to age, race, colour, ancestry, national origin, religion, disability, sex, gender identity orexpression, sexual orientation, or any other protected status in accordance with applicable law.",Electrify Video Partners,https://uk.linkedin.com/company/electrifyvideo?trk=public_jobs_topcard-org-name,https://uk.linkedin.com/jobs/view/freelance-video-editor-fireship-at-electrify-video-partners-4336206005?trk=public_jobs_topcard-title,2025-11-15 06:33:11,,,1
4308598898,Gestionnaire sinistre immobilier H/F CDD,"- Lamy, l’acteur référence de l’ancrage territorial avec une présence dans plus d’une centaine de villes en France
- Oralia, le réseau d’agences premium au cœur des grandes agglomérations pour des offres de services sur-mesure
- Richardière, le spécialiste du Property Management à destination des institutionnels et des grands investisseurs privés
- Terranae, l'acteur majeur de la gestion d'actifs immobiliers commerciaux
- Bélier Assurances, le courtier interne, spécialiste incontesté des couvertures d’assurances immobilières.

- Enregistrer les déclarations de sinistres et collecter les éléments nécessaires à l’instruction du dossier,
- Etudier le dossier pour déterminer les circonstances, les causes et l’étendue du sinistre,
- Statuer sur le montant des dommages, en faisant appel à un expert si nécessaire,
- Veiller à la bonne provision du dossier et régler les indemnités validées au préalable dans la limite des pouvoirs de délégation,
- Exercer les recours contre les parties adverses et en assurer leur suivi dans le respect des règles fixées,
- Procéder à une révision régulière des sinistres en cours,
- Être le garant du bon déroulement du dossier notamment en suivant les actions des différents intervenants (experts, compagnies, …),
- Veiller à la bonne complétude des données saisies sur l’outil informatique,
- Conseiller et accompagner l’assuré tout au long de la gestion de son dossier,
- Tenir informé régulièrement l’assuré du suivi de son dossier (accusé réception, mission d’expertise, règlement, suivi des demandes),
- Assurer la prise en charge des demandes écrites non rattachées à un dossier et les appels,
- Faire remonter toutes anomalies et suspicions détectées aux responsables hiérarchiques.

- Connaissance des dispositions règlementaires, jurisprudentielles et conventionnelles

- Maîtrise de l’application des règles de droit, des conventions professionnelles et des

- Maîtrise des techniques d’évaluation et de règlement ainsi que des procédures de gestion

- Réactivité et disponibilité,
- Sens de l’écoute et de la communication,
- Aisance relationnelle et rédactionnelle,

- Qualité de vie au travail : 12 RTT, 28 jours de congés payés,
- Package : Tickets restaurant, épargne salariale, intéressement et participation et prime de progrès.
- Bien-être : Garanties santé et prévoyance, aide au logement, CSE, avantages divers (chèques CESU, forfait mobilité durable...),
- Des perspectives d'évolution notamment grâce à des formations continues,
- Une culture d’entreprise inclusive où la diversité a toute sa place et les collaborateurs sont respectés et soutenus.",Evoriel,https://fr.linkedin.com/company/evoriel?trk=public_jobs_topcard-org-name,https://fr.linkedin.com/jobs/view/gestionnaire-sinistre-immobilier-h-f-cdd-at-evoriel-4308598898?trk=public_jobs_topcard-title,2025-11-15 11:23:09,,,1
4340607084,Antenatal Class Leader,"Experius Co is on the lookout for an enthusiastic Antenatal Class Leader to join us on a new project launching all over the UK.

We're all about creating memorable and impactful events, and we need someone who can bring that same energy to antenatal classes.

If you've got a knack for engaging with expectant parents and making their journey a little more special, then we want to hear from you! With our fun and supportive work environment, you'll have the chance to really make your mark and grow with us. So, if you're ready to take on a new adventure with a bunch of creative and driven folks, this could be the perfect gig for you. Let's make some magic happen together!

- Plan and organize engaging antenatal classes for expecting parents.
- Provide expert guidance and support on pregnancy, childbirth, and early parenthood.
- Develop educational materials and resources tailored to class participants' needs.
- Foster a welcoming and inclusive environment to encourage open discussion.
- Stay updated on the latest trends and research in prenatal care and incorporate them into the curriculum.

- Strong background in antenatal education or maternal health.
- Excellent communication and interpersonal skills to engage with expectant parents.
- Experience in organizing and leading group classes or workshops.
- Ability to adapt teaching methods to accommodate diverse learning styles.
- Passion for promoting positive birth experiences and providing support to new families.",Experius&Co,https://uk.linkedin.com/company/experius-co?trk=public_jobs_topcard-org-name,https://uk.linkedin.com/jobs/view/antenatal-class-leader-at-experius-co-4340607084?trk=public_jobs_topcard-title,2025-11-15 18:30:33,,,1
4340806995,Guest Post Manager for Blog,"We are looking for a guest post manager to take care of promoting and managing guest posts on a DA35+ blog with content relevant for the food and drink industry in the UK and USA.

- Develop and implement a comprehensive guest posting strategy to increase brand visibility and website traffic.
- Identify and build relationships with potential guest bloggers and industry influencers for content collaboration.
- Review and edit guest post submissions to ensure they align with the company’s content standards and brand voice.
- Coordinate with the marketing team to integrate guest posts into broader promotional campaigns and track their performance.
- Stay updated on industry trends and best practices to maintain a competitive edge in content marketing.

- Minimum of 2 years experience in content marketing or blogging with a focus on guest posting.Excellent written and verbal communication skills with attention to detail.Proven ability to build relationships with industry influencers and bloggers.Strong organizational skills and the ability to manage multiple projects simultaneously.nimum of 2 years experience in content marketing or blogging with a focus on guest posting.Excellent written and verbal communication skills with attention to detail.Proven ability to build relationships with industry influencers and bloggers.Strong organizational skills and the ability to manage multiple projects simultaneously.
- Freelance.
- Excellent written and verbal communication skills with attention to detail.
- Proven ability to build relationships with industry influencers and bloggers.
- Strong organizational skills and the ability to manage multiple projects simultaneously.",Experius&Co,https://uk.linkedin.com/company/experius-co?trk=public_jobs_topcard-org-name,https://uk.linkedin.com/jobs/view/guest-post-manager-for-blog-at-experius-co-4340806995?trk=public_jobs_topcard-title,2025-11-15 22:31:40,,,1
4336246707,Netherlands PR Freelancer,"We have an immediate requirement for an experienced Netherlands based PR Freelancer with excellent connections into quality top tier national media to support a local client. Experience in the clean energy space an advantage.



The role will work directly with our CEO and Founder.",Flame PR,https://uk.linkedin.com/company/flame-pr?trk=public_jobs_topcard-org-name,https://nl.linkedin.com/jobs/view/netherlands-pr-freelancer-at-flame-pr-4336246707?trk=public_jobs_topcard-title,2025-11-15 10:29:34,,,1
4320973867,Java Developer,"Department: Technology

Location: Malta

- Platform Development and Maintenance: Enhance and maintain the platform, focusing on Servlets, JSP, Filters, and their lifecycles, as well as integrations.
- DevOps & CI/CD Mindset: Adopt a DevOps philosophy by promoting small, frequent releases and continuous improvement through feedback loops. Collaborate with the Java Tech Lead to establish and maintain CI/CD pipelines and automation.
- Component-Based Design: Build reusable, modular components and libraries to support efficient development and maintainability across different brands.
- Third-Level Support: Investigate and resolve production incidents, provide hotfixes, and ensure timely solutions for customer issues.
- Collaboration: Work closely with the Java Tech Lead, Product Owner, and other devs to ensure new features or platform adaptations meet functional and technical requirements.
- Testing & Quality: Focus on quality through automated testing, ensuring reliable, high-performance code. Implement unit, integration, and end-to-end testing.
- Feedback Loops: Regularly gather and incorporate feedback from stakeholders, end-users, and internal teams to iteratively improve the product.
- API Integration: Work with service providers to build or adapt APIs and integrate third-party services into the PAM.
- Documentation: Create clear, concise technical documentation to ensure maintainability and facilitate onboarding for new team members.
- OnCall rotation availability.

- 4 years in Java with solid understanding of OOP , design patterns , and multithreading .
- Hands-on experience building scalable web applications using Spring and Struts frameworks.
- Skilled in RESTful API design and integration, ensuring secure and efficient communication between systems.
- Proficient in SQL and MySQL , including query optimization and database performance tuning.
- Familiar with Servlets , JSP , and Filters for server-side application management.
- Experienced with Maven/Gradle and CI/CD pipelines for streamlined build and deployment processes.
- Advanced use of Git for version control, branching, and collaborative workflows.
- Strong focus on performance optimization , testing , debugging , and secure coding practices .",Gaming Innovation Group,https://mt.linkedin.com/company/gig-gaming-innovation-group?trk=public_jobs_topcard-org-name,https://es.linkedin.com/jobs/view/java-developer-at-gaming-innovation-group-4320973867?trk=public_jobs_topcard-title,2025-11-16 03:25:42,,,5
4322706774,Node JS Developer,"About the Role

We are seeking an experienced Senior Node.js / NestJS Engineer to support a series of digital initiatives for a fast-paced digital agency environment. This role is a client-facing consultancy position, requiring excellent communication skills, the ability to manage stakeholder expectations, and the confidence to work autonomously while contributing to high-quality engineering outcomes.



You will collaborate with cross-functional teams to architect, develop, and deliver robust backend services and APIs for enterprise-level clients. The ideal contractor will be proactive, adaptable, and comfortable working within evolving project scopes and agency workflows.



Key Responsibilities

- Develop, maintain, and optimise backend services using Node.js and NestJS .
- Work directly with client stakeholders to gather requirements, present solutions, and provide technical guidance.
- Architect scalable, maintainable backend systems aligned with best practices.
- Collaborate with internal UX, frontend, strategy, and delivery teams to ensure successful project execution.
- Conduct code reviews, uphold engineering standards, and ensure high code quality.
- Troubleshoot issues, recommend improvements, and contribute to technical decision-making.
- Provide consultancy-level insight on project feasibility, risk management, and solution design.
- Deliver documentation and handover materials as required.



Required Skills & Experience

- 5+ years experience with Node.js engineering in production environments.
- Strong commercial experience with NestJS (or similar structured frameworks)
- Previous work within consultancy or digital agency environments - Highly desirable
- Demonstrated client-facing experience , including presenting technical approaches and managing expectations.
- Solid understanding of modern backend architecture, API development, microservices, and integration patterns.
- Experience with TypeScript , RESTful APIs , and ideally GraphQL.
- Strong understanding of CI/CD pipelines, modern DevOps workflows, and cloud platforms (AWS, GCP, or Azure)
- Familiarity with testing frameworks (Jest, etc.)
- Ability to work independently under limited supervision in a remote environment.
- Excellent communication and documentation skills



Nice-to-Have

- Experience in digital agency-style rapid delivery environments.
- Knowledge of containerisation tools such as Docker.
- Experience with authentication/authorisation frameworks (OAuth, JWT, etc.).
- Background in mentoring or leading small technical teams.



Up to £400 per day Outside of IR35.



Apply now.

","Halian | Managed Services, Recruitment Agency & Contract Staffing",https://uk.linkedin.com/company/halian?trk=public_jobs_topcard-org-name,https://uk.linkedin.com/jobs/view/node-js-developer-at-halian-managed-services-recruitment-agency-contract-staffing-4322706774?trk=public_jobs_topcard-title,2025-11-15 10:32:07,,,6
4340900650,Strategy Consultant | $80-$120/hr,"This opportunity is shared as part of a referral program



Mercor is hiring experienced Management Consultants to collaborate with a leading AI research lab on a long-term project focused on benchmarking and improving the capabilities of cutting-edge AI models. This role involves designing high-quality management consulting prompts, answers, and evaluation sets to train and refine frontier large language models (LLMs).



Key Responsibilities

- Design and review consulting-style prompts, structured answers, and evaluation criteria
- Benchmark AI-generated responses against consulting frameworks and real-world standards
- Provide structured feedback on logic, clarity, and business rigor
- Conduct online research and synthesize insights from diverse sources to support evaluation



Ideal Qualifications

- 2+ years of prior experience at McKinsey, Bain, BCG, or a similarly competitive consulting firm
- Strong online research and analytical skills
- Ability to synthesize insights from diverse sources and data sets
- Excellent written communication and attention to detail



Project Timeline

- Start Date: Immediate
- Duration: 4 weeks
- Commitment: Flexible, 20+ hours/week
- Schedule: Fully remote and asynchronous – work on your own schedule



Compensation & Contract

- Competitive hourly rate based on experience ($90–$110 USD/hr)
- Top performers receive weekly bonus incentives ranging from $20–$100/hr on top of their pay rate



Application & Onboarding Process

- Upload your resume
- AI interview: A short, 15-minute conversational session to understand your background, experience, and interest in the role",HelixRecruit,https://sg.linkedin.com/company/helixrecruit?trk=public_jobs_topcard-org-name,https://uk.linkedin.com/jobs/view/strategy-consultant-%2480-%24120-hr-at-helixrecruit-4340900650?trk=public_jobs_topcard-title,2025-11-16 00:32:43,,,4
4340605846,Elite Chatter bei Higher Space,"Bist du bereit, dem Hamsterrad zu entkommen und echte Freiheit zu erleben? Stell dir vor, du könntest mit deinem Laptop unter Palmen arbeiten und dein eigenes Leben gestalten – ohne nervige Büros. Bei Higher Space bieten wir dir genau das. Wir sind eine führende Agentur für exklusive Plattformen und suchen kreative Köpfe, die nicht nur mit Worten umgehen können, sondern auch bereit sind, neue Wege zu gehen. Wenn du den Mut hast, das System zu hinterfragen und eine Karriere zu starten, die dir finanzielle Freiheit und Selbstbestimmung bringt, dann lies weiter!

Deine Rolle:

• Exklusive NSFW-Kommunikation: Erzeuge persönliche und mitreißende Erlebnisse für unsere Premium-Community.

• Empathische Interaktionen: Schaffe echte emotionale Verbindungen zu unseren Top-Fans – mit Charme und Fingerspitzengefühl.

Deine Aufgaben:

• Persönliche Nachrichten: Verfasse maßgeschneiderte Texte, die wirklich unter die Haut gehen.

• Kreative Kommunikation: Entwickle innovative Ansätze, um das Engagement unserer Community stetig zu steigern.

• Qualitätsmanagement: Analysiere Feedback und verbessere kontinuierlich deinen Stil und deine Strategien.

• Teamplayer: Arbeite eng mit unserem dynamischen Team zusammen, um unsere Community zu begeistern.

Was du mitbringst:

• Wortakrobat: Du beherrschst die Kunst der Kommunikation und findest immer die passenden Worte.

• Kreatives Improvisationstalent: Auch in unerwarteten Situationen überzeugst du mit Esprit und Gelassenheit.

• Technikvertrautheit: Du bewegst dich mühelos durch die digitale Welt und hast Lust, ständig dazuzulernen.

Deine Qualifikationen:

• Herausragende Kommunikationsfähigkeiten: Du schreibst wortgewandt und auf höchstem Niveau.

• Kreativität und Einfühlungsvermögen: Deine Nachrichten sind originell und treffen stets den richtigen Ton.

• Flexibilität und Anpassungsfähigkeit: Du fühlst dich in einem agilen und schnelllebigen Umfeld wohl.

• Technisches Know-how: Du beherrschst digitale Tools und arbeitest effizient und fließend.

Was wir bieten:

• Maximale Flexibilität: Arbeite nach deinem eigenen Rhythmus – ideal für Freelancer und Studierende.

• 100% Remote: Egal, wo du dich gerade befindest, du kannst deine Arbeit von überall ausführen.

• Umfassende Einarbeitung: Wir bereiten dich optimal auf deine Aufgaben vor und bieten dir jederzeit Unterstützung.

Bereit für echte Freiheit? Bewirb dich jetzt bei Higher Space und starte deine ortsunabhängige Karriere!",Higher Space,https://mt.linkedin.com/company/higher-space?trk=public_jobs_topcard-org-name,https://de.linkedin.com/jobs/view/elite-chatter-bei-higher-space-at-higher-space-4340605846?trk=public_jobs_topcard-title,2025-11-15 07:14:42,,,1
4340585938,"Assistant(e) Qualité, Spécialiste Qualiopi (Centre de Formation)","Notre centre de formation recherche un(e) expert(e) Qualiopi pour nous accompagner dans la préparation, la mise en conformité et la réussite de notre certification Qualiopi. Vous travaillerez en collaboration directe avec la direction afin de structurer les process, les preuves et les indicateurs qualité exigés par le référentiel national.

- Mettre en place et suivre le plan d’action Qualiopi.
- Analyser les écarts entre les pratiques actuelles et les exigences du référentiel.
- Constituer et organiser les preuves nécessaires à la certification.
- Former et sensibiliser l’équipe aux bonnes pratiques qualité.
- Préparer l’audit initial et accompagner les audits de surveillance.
- Mettre à jour la documentation qualité et les procédures internes.

Expérience confirmée dans la préparation ou l’obtention d’une certification Qualiopi (au moins 1 cycle complet).

Connaissance approfondie du référentiel national qualité et de ses indicateurs.

Capacité à structurer, documenter et piloter un système qualité.

Excellent sens de l’organisation, autonomie et rigueur.

Maîtrise des outils bureautiques (Google Workspace / Microsoft Office).",Home Design Institute SASU,https://www.linkedin.com/company/home-design-institute-sasu?trk=public_jobs_topcard-org-name,https://fr.linkedin.com/jobs/view/assistant-e-qualit%C3%A9-sp%C3%A9cialiste-qualiopi-centre-de-formation-at-home-design-institute-sasu-4340585938?trk=public_jobs_topcard-title,2025-11-15 07:21:20,,,1
4336116404,"Contract Manager, Upmarket (French)","- Negotiate value-driven renewals and contract changes while ensuring a superb customer experience.
- Work collaboratively with customers and internal stakeholders to grow accounts and drive incremental opportunities.
- Collaborate with Sales Representatives, Customer Success Managers, and Management to execute the contract renewal process and ensure a positive experience for the customer.
- Establish cooperative working relationships with customers.
- Lead forecasting discussions and pipeline reviews with internal colleagues.
- Contribute to the growth of the Contract Management Organization by providing feedback and piloting new processes and playbooks.

- Are fluent in English and French
- Healthy negotiation or sales experience
- Are passionate about creating a great customer experience
- Solve problems with curiosity and creativity
- Seek to understand multiple perspectives in a situation
- Prior account management and/or customer retention experience
- Show clear communication skills with the ability to effectively lead a phone conversation
- Possess prioritization and organizational skills with attention to detail
- Embrace a dynamic and motivating environment
- Invest in relationships with customers and colleagues
- Contribute to a positive team environment of equality and inclusion

- HubSpot Careers
- Life at HubSpot on Instagram",HubSpot,https://www.linkedin.com/company/hubspot?trk=public_jobs_topcard-org-name,https://fr.linkedin.com/jobs/view/contract-manager-upmarket-french-at-hubspot-4336116404?trk=public_jobs_topcard-title,2025-11-15 07:21:28,,,1
4252219624,Science Specialist (Fluent in Italian) – AI Trainer,,Invisible Expert Marketplace,https://www.linkedin.com/company/invisible-expert-marketplace?trk=public_jobs_topcard-org-name,https://it.linkedin.com/jobs/view/science-specialist-fluent-in-italian-%E2%80%93-ai-trainer-at-invisible-expert-marketplace-4252219624?trk=public_jobs_topcard-title,2025-11-15 14:24:21,,,8
4331196175,Luo Language Specialist - AI Trainer,,Invisible Expert Marketplace,https://www.linkedin.com/company/invisible-expert-marketplace?trk=public_jobs_topcard-org-name,https://es.linkedin.com/jobs/view/luo-language-specialist-ai-trainer-at-invisible-expert-marketplace-4331196175?trk=public_jobs_topcard-title,2025-11-15 14:25:31,,,2
4331310008,Asturian Language Specialist - AI Trainer,,Invisible Expert Marketplace,https://www.linkedin.com/company/invisible-expert-marketplace?trk=public_jobs_topcard-org-name,https://es.linkedin.com/jobs/view/asturian-language-specialist-ai-trainer-at-invisible-expert-marketplace-4331310008?trk=public_jobs_topcard-title,2025-11-15 14:25:33,,,2
4289707733,Occitan Language Specialist - AI Trainer,,Invisible Expert Marketplace,https://www.linkedin.com/company/invisible-expert-marketplace?trk=public_jobs_topcard-org-name,https://es.linkedin.com/jobs/view/occitan-language-specialist-ai-trainer-at-invisible-expert-marketplace-4289707733?trk=public_jobs_topcard-title,2025-11-15 14:25:35,,,2
4331194207,Kyrgyz Language Specialist - AI Trainer,,Invisible Expert Marketplace,https://www.linkedin.com/company/invisible-expert-marketplace?trk=public_jobs_topcard-org-name,https://es.linkedin.com/jobs/view/kyrgyz-language-specialist-ai-trainer-at-invisible-expert-marketplace-4331194207?trk=public_jobs_topcard-title,2025-11-15 14:25:37,,,2
4331303103,Occitan Language Specialist - AI Trainer,,Invisible Expert Marketplace,https://www.linkedin.com/company/invisible-expert-marketplace?trk=public_jobs_topcard-org-name,https://es.linkedin.com/jobs/view/occitan-language-specialist-ai-trainer-at-invisible-expert-marketplace-4331303103?trk=public_jobs_topcard-title,2025-11-15 14:25:39,,,2
4331198163,Tajik Language Specialist - AI Trainer,,Invisible Expert Marketplace,https://www.linkedin.com/company/invisible-expert-marketplace?trk=public_jobs_topcard-org-name,https://es.linkedin.com/jobs/view/tajik-language-specialist-ai-trainer-at-invisible-expert-marketplace-4331198163?trk=public_jobs_topcard-title,2025-11-15 14:25:41,,,2
4331362225,Medical Specialist (Fluent in Arabic) – AI Trainer,,Invisible Expert Marketplace,https://www.linkedin.com/company/invisible-expert-marketplace?trk=public_jobs_topcard-org-name,https://es.linkedin.com/jobs/view/medical-specialist-fluent-in-arabic-%E2%80%93-ai-trainer-at-invisible-expert-marketplace-4331362225?trk=public_jobs_topcard-title,2025-11-15 14:27:25,,,2
4289708691,Irish Language Specialist - AI Trainer,,Invisible Expert Marketplace,https://www.linkedin.com/company/invisible-expert-marketplace?trk=public_jobs_topcard-org-name,https://ie.linkedin.com/jobs/view/irish-language-specialist-ai-trainer-at-invisible-expert-marketplace-4289708691?trk=public_jobs_topcard-title,2025-11-15 14:34:34,,,2
4278641258,Norwegian Language Specialist - AI Trainer,,Invisible Expert Marketplace,https://www.linkedin.com/company/invisible-expert-marketplace?trk=public_jobs_topcard-org-name,https://se.linkedin.com/jobs/view/norwegian-language-specialist-ai-trainer-at-invisible-expert-marketplace-4278641258?trk=public_jobs_topcard-title,2025-11-15 13:35:36,,,2
4278637621,Finnish Language Specialist - AI Trainer,,Invisible Expert Marketplace,https://www.linkedin.com/company/invisible-expert-marketplace?trk=public_jobs_topcard-org-name,https://se.linkedin.com/jobs/view/finnish-language-specialist-ai-trainer-at-invisible-expert-marketplace-4278637621?trk=public_jobs_topcard-title,2025-11-15 14:35:41,,,2
4278636623,Norwegian Language Specialist - AI Trainer,,Invisible Expert Marketplace,https://www.linkedin.com/company/invisible-expert-marketplace?trk=public_jobs_topcard-org-name,https://dk.linkedin.com/jobs/view/norwegian-language-specialist-ai-trainer-at-invisible-expert-marketplace-4278636623?trk=public_jobs_topcard-title,2025-11-15 14:36:36,,,2
4340556650,Freelance - Account Manager/ in,"Die JK Media Group ist ein dynamisches und wachsendes Unternehmen, das ursprünglich aus der Medienbranche stammt.

Mittlerweile bringen wir große Unternehmen und Konzerne vertrieblich nach vorne und vermitteln Aufträge, die sich in achtstelligen Umsatzgrößen bewegen.

Zur Verstärkung unseres Vertriebsteams suchen wir einen motivierten und zielorientierten Vertriebsprofi , der als leistungsstarker Freelancer eine entscheidende Rolle bei der Erweiterung unseres Kundenstamms spielt und maßgeblich zum Wachstum unserer Partner beiträgt.

Wenn du über ausgezeichnete Kommunikationsfähigkeiten verfügst und gerne in einem kreativen Umfeld arbeitest, freuen wir uns auf deine Bewerbung.

- Ansprache potenzieller Kunden zur Erweiterung des Kundenstamms
- Aufbau und Pflege von langfristigen Kundenbeziehungen durch regelmäßige Kommunikation und Betreuung
- Zusammenarbeit mit dem Marketing-Team zur Entwicklung und Umsetzung von Verkaufsförderungsmaßnahmen

- Erfolgsbasierte Vertriebserfahrung
- Kommunikations- und Verhandlungsfähigkeiten
- Selbständige und ergebnisorientierte Arbeitsweise
- Kenntnisse in MS Office und CRM-Systemen

Deine Belohnung

Du genießt bei uns eine Vielzahl von Vorteilen:

- Arbeiten von wo Du willst, wann Du willst und so viel Du willst. Flexibilität ist bei uns keine Phrase, sondern Programm
- Die Provisionen, bewegen sich jeweils im fünf- bis sechstelligen Bereich!
- Power, Rückhalt und Unterstützung von uns um Deine Ziele zu erreichen
- Regelmäßige Sales- und Mindsettrainings
- Eine bestehende Infrastruktur, bei welcher Du nur gewinnen kannst
- Im Homeoffice, von zu Hause aus arbeiten

Schließ dich unserem dynamischen Team bei JK Media Group an und gestalte die Zukunft mit.

Bewirb dich jetzt bei uns als leistungsstarker Freelancer/ in und wachse mit uns!",JK Media Group,https://de.linkedin.com/company/jk-media-group-vp?trk=public_jobs_topcard-org-name,https://de.linkedin.com/jobs/view/freelance-account-manager-in-at-jk-media-group-4340556650?trk=public_jobs_topcard-title,2025-11-15 10:14:52,,,1
4340218409,Contract Senior Software Engineer (C#) (Remote - EU),"- Architect, design, build, and deliver robust, zero-downtime API products and cloud solutions
- Collaborate with cross-functional teams to identify and solve business challenges effectively
- Write clear, maintainable, and scalable C# code following industry standards and best practices
- Contribute to system monitoring, operations, and maintenance in alignment with SLAs
- Mentor and support other engineers through code reviews, pair programming, and knowledge sharing
- Continuously improve team processes, practices, and technical approaches to enhance productivity and quality

- Strong experience as a C# software engineer, including system design and API development
- Hands-on experience with cloud platforms (Azure, AWS, GCP) and distributed system architectures
- Proficiency in SQL and NoSQL databases, system reliability patterns, and scalable software design
- Familiarity with design patterns, fault-tolerant architectures, and large-scale distributed systems
- Experience in agile methodologies and collaborative team environments
- Strong problem-solving, communication, and analytical skills, capable of explaining technical concepts in business-friendly language
- Self-motivated, detail-oriented, and committed to continuous learning and improvement
- Bonus: experience in FinTech, high-performance API products, or cloud systems deployment

- Competitive contract-based daily rates with potential for extension
- Remote-first work within the EU with flexible scheduling
- Opportunities to work with forward-thinking, collaborative, and skilled teams
- Exposure to innovative cloud and API technologies
- Continuous professional growth and mentorship opportunities",Jobgether,https://be.linkedin.com/company/jobgether?trk=public_jobs_topcard-org-name,https://www.linkedin.com/jobs/view/contract-senior-software-engineer-c%23-remote-eu-at-jobgether-4340218409?trk=public_jobs_topcard-title,2025-11-15 05:21:12,,,6
4336138353,Founding Partner,"General Partner / Co-Sponsor – Centro Vivo (Real Assets Platform)



About the Role

Kinetiq Group invites an aligned General Partner (GP), Founding Partner, or Co-Sponsor to join the founders of Centro Vivo ... a next-generation real assets platform focused on adaptive reuse, hospitality, and urban regeneration across Latin America’s most dynamic cities.



Originating in Colombia’s Caribbean corridor , the initiative expands through strategic partnerships in the Andean, Central American, and U.S. gateway markets.



Capital & Performance

- General Partner (GP) / Founding Partner /  Co-Sponsor Capital: USD $2M – $5M (phased)
- Regional Partners (Bogotá / Medellín / Cartagena / Barranquilla): USD $500K – $1M
- Target IRR: 18 – 22 %
- Fund Scale: USD $100M – $150M (target)
- Structure: Delaware SPV + BVI feeder + Colombian fiduciary governance



Ideal Partner Profile

- Proven record in private equity, real estate, or capital markets
- Experience in cross-border structuring or impact-driven investments
- Institutional-grade mindset; able to act as co-sponsor, strategic GP, or partner
- Familiar with LATAM and North American markets



Why Centro Vivo

Centro Vivo merges international discipline with local authenticity to transform under-utilized heritage, mixed-use urban, and hospitality assets into long-term, sustainable investments.



The initiative aligns with international ESG / impact frameworks and partners with national investment promotion agencies (IPAs) , regional cooperation agencies , and development finance institutions (DFIs) to catalyze institutional capital.



Partners join a collaborative ecosystem aligned with institutional investors, family offices, and impact funds.



📩 Confidential interest may be submitted via LinkedIn EasyApply or directly to:

centrovivo.group@gmail.com



#CentroVivo #PrivateEquity #RealAssets #ImpactInvestment #CapitalMarkets #LatinAmerica",Kinetiq Group,https://www.linkedin.com/company/kinetiq-group?trk=public_jobs_topcard-org-name,https://ch.linkedin.com/jobs/view/founding-partner-at-kinetiq-group-4336138353?trk=public_jobs_topcard-title,2025-11-15 19:18:09,Ken Grams,https://www.linkedin.com/in/kgrams,1
4336246953,Solution Architect - 4-Month Contract,"The ideal candidate will be responsible for designing and implementing AI-driven solutions that enable our clients to harness the power of artificial intelligence. You'll own the entire AI architecture development lifecycle, from initial concept through deployment and optimization, helping organizations transform their operations through AI.



Responsibilities

- Collaborate with client to translate requirements into scalable AI solutions that drive business transformation
- Serve as the technical AI expert, bridging business needs with cutting-edge technology for AI enablement
- Create comprehensive documentation for AI models, pipelines, and architectural decisions
- Ensure AI solutions meet performance, security, and compliance requirements across diverse client environments
- Support clients in their AI journey from strategy to implementation

Qualifications

- Bachelor's degree in Computer Science, Engineering, Mathematics, or related field
- 5+ years of experience in solution architecture with 3+ years focused on AI/ML
- Strong knowledge of cloud AI services (Azure) and MLOps practices
- Proven experience with Python and AI/ML frameworks (TensorFlow, PyTorch, Hugging Face, etc.)
- Excellent communication skills with ability to explain complex AI concepts to business audiences
- Client-facing experience and ability to understand diverse industry requirements
- The clients are based in Singapore. Work for Singapore timezone is a must

Preferred Skills

- Experience with large language models (LLMs) and generative AI
- Multi-modal RAG (Retrieval-Augmented Generation) expertise is highly preferred
- Knowledge of vector databases and retrieval-augmented generation (RAG)",Kornhill Services Limited,https://uk.linkedin.com/company/kornhill-services-limited?trk=public_jobs_topcard-org-name,https://uk.linkedin.com/jobs/view/solution-architect-4-month-contract-at-kornhill-services-limited-4336246953?trk=public_jobs_topcard-title,2025-11-15 11:30:29,,,10
4340606940,ESG Auditor in Germany,"We are looking for an experienced ESG Auditor based in Germany to conduct social and environmental audits for global supply chain partners. This freelance position requires a dual capacity to handle both SLCP verifications and environmental assessments according to Higg FEM and RBA standards. The ideal candidate will be knowledgeable and experienced in German labor laws and environmental regulations, and bring a proactive approach to responsible business practices.

Conduct Social Compliance Audits: Perform on-site SLCP verifications, including document reviews, stakeholder interviews, and facility walkthroughs.

Execute Environmental Audits: Carry out assessments following Higg FEM and RBA environmental modules with a focus on chemical management, energy use, water, and waste systems.

Report Writing: Draft detailed audit reports highlighting findings, risks, and areas for improvement.

Stakeholder Engagement: Collaborate with facility management and workers to ensure accurate information is collected and feedback is delivered.

Ensure Compliance: Follow SLCP and ISO 14001 protocols, industry standards, and ethical guidelines during all verification processes.

Qualifications:

- Valid APSCA CSCA certification
- ISO 14001 Lead Auditor certification
- Qualified for Higg FEM and RBA Environmental modules
- SLCP experience is an advantage
- Knowledge of local labor/environmental laws

Skills and Competencies:

- Strong reporting and analytical skills
- Excellent communication
- Ability to manage audits independently",Leadership & Sustainability,https://de.linkedin.com/company/leadership-&-sustainability?trk=public_jobs_topcard-org-name,https://de.linkedin.com/jobs/view/esg-auditor-in-germany-at-leadership-sustainability-4340606940?trk=public_jobs_topcard-title,2025-11-15 16:16:03,,,1
4340866491,ESG Auditor in Portugal,"We are seeking an experienced ESG Auditor based in Italy to support our environmental and social compliance assessments across various supply chains. This freelance position combines responsibilities in both social and environmental auditing, including SLCP verifications and environmental assessments aligned with RBA and Higg FEM frameworks. The ideal candidate brings a strong understanding of international labor standards, environmental protocols, and manufacturing sector dynamics.

Conduct Social Compliance Audits: Perform on-site SLCP verifications, including document reviews, stakeholder interviews, and facility walkthroughs.

Execute Environmental Audits: Carry out assessments following Higg FEM and RBA environmental modules with a focus on chemical management, energy use, water, and waste systems.

Report Writing: Draft detailed audit reports highlighting findings, risks, and areas for improvement.

Stakeholder Engagement: Collaborate with facility management and workers to ensure accurate information is collected and feedback is delivered.

Ensure Compliance: Follow SLCP and ISO 14001 protocols, industry standards, and ethical guidelines during all verification processes.

Qualifications:

Social Audit:

- Valid APSCA CSCA certification
- In-depth knowledge of local and international labor standards
- SLCP experience is an advantage

Environmental Audit:

- ISO 14001 Lead Auditor certification
- Qualified for RBA Environmental and Higg FEM modules
- Experience with environmental audits in manufacturing settings

Skills and Competencies:

- Strong report writing and analytical skills
- Familiarity with chemical, energy, water, and waste systems
- Excellent interpersonal and communication skills
- Ability to manage multiple assignments independently",Leadership & Sustainability,https://de.linkedin.com/company/leadership-&-sustainability?trk=public_jobs_topcard-org-name,https://pt.linkedin.com/jobs/view/esg-auditor-in-portugal-at-leadership-sustainability-4340866491?trk=public_jobs_topcard-title,2025-11-15 16:28:46,,,1
4336116631,Conseiller immobilier/Conseillère immobilière,"Rejoignez Lloyd & Davis, acteur reconnu de l’immobilier résidentiel & haut de gamme, et développez votre propre activité entrepreneuriale dans un cadre exclusif et valorisant.



Devenez Consultant Partenaire en Immobilier LLOYD & DAVIS sur votre marché résidentiel & prestige.



Présentation de l’entreprise

Depuis plus de 10 ans, Lloyd & Davis s’impose comme un expert en transaction immobilière résidentielle et prestige. Présents en France et à l’international avec plus de 150 consultants partenaires, nous mettons en avant des valeurs humaines fortes : collaboration, professionnalisme et excellence. Notre ambition : offrir à chaque client un accompagnement sur mesure, porté par une expertise locale et un rayonnement international.



Vos missions

- Accompagner vos clients dans la vente et l’acquisition de biens résidentiels et de prestige.
- Développer et entretenir un portefeuille de clients haut de gamme.
- Assurer un suivi personnalisé et renforcer la confiance de vos interlocuteurs.
- Collaborer avec le réseau international et profiter de synergies uniques.
- Utiliser des outils digitaux performants pour simplifier la gestion de votre activité.



Profil recherché

- Expérience confirmée dans le domaine immobilier ou la vente de services à forte valeur ajoutée.
- Excellentes aptitudes en communication, négociation et relation client.
- Esprit entrepreneurial, autonomie et capacité à développer votre propre réseau.
- Statut d’agent commercial (indépendant).



Nos atouts pour vous

- Communication financée : diffusion presse et médias digitaux spécialisés sur votre marché local.
- Double marque et rayonnement international : Lloyd & Davis et Lloyd & Davis Luxury, associés à un réseau d’aviation d’affaires et d'une conciergerie luxe.
- Marché exclusif : pas de concurrence interne sur votre territoire et zone de confort.
- Technologie de pointe : outils digitaux conçus pour optimiser votre quotidien.
- Rémunération attractive : modèle 100 % basé sur vos performances, avec un potentiel de revenus élevé.



Informations pratiques

- Statut : Indépendant (agent commercial). Pour rappel, le statut d'indépendant est incompatible avec celui d'alternant / étudiant.
- Zone : Carcassonne et ses environs
- Télétravail & gestion flexible de votre activité.



Pourquoi nous rejoindre ?

Chez Lloyd & Davis, vous intégrez une communauté d’entrepreneurs passionnés et bénéficiez d’un accompagnement de proximité. Vous développez votre activité dans un cadre exclusif et profitez de la puissance d’une marque à rayonnement international.





Prêt(e) à relever le défi ? Postulez dès maintenant via « Candidature simplifiée » ou directement sur notre site.





Jérémie Bouchitté - Directeur Général Associé chez Lloyd & Davis



```",LLOYD & DAVIS,https://fr.linkedin.com/company/lloyd-davis?trk=public_jobs_topcard-org-name,https://fr.linkedin.com/jobs/view/conseiller-immobilier-conseill%C3%A8re-immobili%C3%A8re-at-lloyd-davis-4336116631?trk=public_jobs_topcard-title,2025-11-15 08:21:25,Jérémie Bouchitté,https://fr.linkedin.com/in/j%C3%A9r%C3%A9mie-bouchitt%C3%A9-85967642,1
4336106470,Motion Designer IA / 2D–3D,"Motion Designer IA / 2D–3D – Freelance (à distance)





Depuis plus de 10 ans, Lumen Créations conçoit des expériences immersives mêlant vidéo mapping architectural, installations interactives et performances artistiques. Le studio maîtrise pleinement les outils d’intelligence artificielle visuelle et les intègre dans ses processus de création au même titre que les techniques 3D traditionnelles, dans une logique d’excellence artistique et technique.





🎯 Nous recherchons





Nous sommes à la recherche d'un·e motion designer freelance avec une pratique affirmée des outils IA et une solide expérience en 2D/3D , capable de produire des contenus immersifs, esthétiques et techniquement maîtrisés pour nos projets scénographiques et visuels.





✨ Vos missions





- Création de séquences visuelles immersives intégrant des éléments générés par IA
- Conception de contenus animés 2D/3D pour mapping, installations ou objets en mouvement
- Composition de boucles visuelles, morphings et animations stylisées
- Dialogue constant avec l’équipe artistique pour proposer des pistes innovantes et cohérentes







🛠 Compétences recherchées





- Maîtrise confirmée des outils IA : Kling.ai, ComfyUI, Stable Diffusion, Veo 3, Midjourney ou équivalents
- Très bonne maîtrise de Cinema4D (Unreal, Smode ou Touchdesigner sont un plus)
- Bon niveau sur les moteurs de rendu ( Redshift , Octane ou équivalents)
- Maîtrise de Adobe After Effects (animation, compositing)
- Connaissance des formats et contraintes liés au vidéomapping et à l’ installation scénographique







👤 Profil idéal





- Vous avez une expérience concrète dans la création de contenus visuels IA et 3D
- Vous êtes à l’aise avec les briefs complexes, les formats atypiques et les délais courts
- Vous êtes à la fois créatif·ve , structuré·e et curieux·se des dernières avancées technologiques
- Vous savez travailler en autonomie tout en vous intégrant dans une équipe artistique exigeante",Lumen Créations,https://ch.linkedin.com/company/lumen-creations?trk=public_jobs_topcard-org-name,https://fr.linkedin.com/jobs/view/motion-designer-ia-2d%E2%80%933d-at-lumen-cr%C3%A9ations-4336106470?trk=public_jobs_topcard-title,2025-11-15 07:21:17,Nicolas Hesslein,https://ch.linkedin.com/in/nicolas-hesslein,2
4336213173,Agente inmobiliario autónomo,"Melya Group es una agencia inmobiliaria en pleno crecimiento con sede en Valencia, especializada en la compraventa y búsqueda personalizada de propiedades en toda España.

En plena expansión, buscamos agentes inmobiliarios autónomos con perfil comercial, dinámico y orientado a resultados, para desarrollar la actividad en su zona asignada :

- Girona,
- Barcelona,
- Tarragona,
- Castellón,
- Valencia capital,
- Alicante,
- Málaga,
- A Coruña y
- Madrid.



- Prospectar y captar propiedades para la venta o alquiler en tu zona.
- Desarrollar la presencia de Melya Group en tu territorio, ampliando la cartera de clientes y socios locales.
- Buscar y acompañar a compradores francófonos y españoles , dentro de la parte “chasseur inmobiliario”, con leads cualificados proporcionados por la sede .
- Asesorar a los clientes durante todo el proceso de compraventa.
- Realizar visitas, presentar propiedades y negociar condiciones.
- Promocionar inmuebles en portales, redes sociales y herramientas del grupo.
- Colaborar con el equipo central (marketing, formación y soporte técnico).



- Nivel fluido o nativo de francés y español.
- Alta como autónomo o disposición para darse de alta.
- Experiencia en ventas, atención al cliente o fuerte interés por aprender el sector inmobiliario y dar lo mejor de sí mismo.
- Habilidades de comunicación, empatía y orientación a resultados.
- Actitud positiva, autonomía y mentalidad emprendedora.
- Vehículo propio (deseable).



- Colaboración estable bajo régimen autónomo .
- Comisiones a partir del 70 % y sin límite : tu esfuerzo marca tus ingresos.
- Formación continua , acompañamiento y acceso a herramientas digitales.
- Publicidad, CRM, soporte comercial y gestión administrativa proporcionados por la sede.
- Nos encargamos de toda la parte administrativa , para que puedas concentrarte únicamente en tus ventas.
- Flexibilidad total : organiza tu agenda y trabaja desde donde quieras.
- Integración en un equipo profesional, moderno y colaborativo.



Si te apasiona el mundo inmobiliario y quieres crecer dentro de un proyecto serio y en expansión, ¡te estamos esperando!

📩 Envía tu CV o una breve presentación a info@melyagroup.com

",MELYA Group,https://www.linkedin.com/company/melya-group?trk=public_jobs_topcard-org-name,https://es.linkedin.com/jobs/view/agente-inmobiliario-aut%C3%B3nomo-at-melya-group-4336213173?trk=public_jobs_topcard-title,2025-11-15 06:26:14,,,1
4340806355,Korean Junior AI reviewer,"Milengo is currently looking for English>Korean junior freelance reviewer with a penchant for AI technologies to help us in content localization, in various domains and industries.

Milengo is one of the world’s Top 100 language service providers, enabling businesses to speak to customers in over 70 languages. Through highly scalable, AI-first solutions for the software, hardware, engineering, corporate publishing, chemical manufacturing, and e-learning domains, we help our customers expand their reach into the markets that matter most to them, while maintaining our commitment to uncompromised quality and excellence of service. Milengo is an ISO 17100 certified language service provider headquartered in Berlin, Germany with service centers in Poznan, Poland, New York, USA, and Shenzhen, China.

- Review content generated by machine translation in your target language, and post edit it, according to the specified guidelines.
- Collaborate with other linguists to implement new AI technologies in content localization.

Must have:

- Interest in working with machine translation and large language models
- Flexibility/Versatility : support all workflows from the new product framework, open to testing new workflows and tools, and provide constructive feedback on AI workflows
- Reliability/Attention to detail : thoroughly reading and following guidelines for different workflows to ensure the right quality
- Linguistic expertise: please apply only if you are a native Korean speaker.

Nice to have:

- CAT tools knowledge : general or specific CAT tool knowledge is a plus, but we don't expect linguists to know them,.
- MT experience : Prior knowledge about machine translation (MTPE) workflows is helpful but not a must. Openness to learn new technologies and workflows is more important.
- Proficiency in German is a plus.

Shortlisted candidates will be asked to complete a short test to assess their linguistic skills. The test will take between 30 minutes to 1 hour and will be carried out either in memoQ CAT tool or Word document, depending on your preference. In your application please write a few sentences – no more than a paragraph – on why do you think you are right for this position and what you understand as being an AI linguist.

This is a freelance position and there is no interview step.",Milengo,https://de.linkedin.com/company/milengo-gmbh?trk=public_jobs_topcard-org-name,https://de.linkedin.com/jobs/view/korean-junior-ai-reviewer-at-milengo-4340806355?trk=public_jobs_topcard-title,2025-11-15 13:14:44,,,1
4322911131,Contractor Engineering Manager (34503),"- Engineering Leadership & Management: Provide comprehensive engineering oversight and direction for all project phases, ensuring technical excellence, safety, and compliance with Network Rail standards.
- Rail Interface: Act as the primary engineering liaison with Rail, managing all technical communications, coordination, and approval processes.
- Technical Governance: Oversee design assurance, configuration management, and technical documentation in alignment with project and regulatory requirements.
- Risk & Issue Management: Identify and mitigate technical risks, ensuring timely resolution of engineering challenges across disciplines.
- Stakeholder Collaboration: Work closely with multidisciplinary teams, subcontractors, and client representatives to achieve project objectives and maintain transparent communication.
- Quality & Compliance: Ensure engineering deliverables are developed and approved in accordance with Network Rail’s governance frameworks and applicable industry standards.
- Mentorship & Development: Support and guide engineering teams to maintain best practices and continuous improvement in technical delivery.

- Mandatory: Proven experience serving as a Contractor Engineering Manager (CEM) on Rail projects.
- Mandatory: Strong background in engineering leadership, coordination, and delivery for major rail infrastructure programs.
- Demonstrated ability to manage multi-disciplinary engineering teams within a complex, safety-critical environment.
- In-depth understanding of Rail’s technical approval processes, standards, and procedures.
- Exceptional communication and stakeholder management skills, with the ability to lead technical discussions and represent project interests confidently.
- Strong problem-solving and decision-making abilities, with a proactive approach to risk and quality management.
- Ability to work effectively both independently and collaboratively within a remote, fast-paced project environment.

- Location: Remote, with occasional travel to Reading or London office as required.
- Work Authorization: Must have the right to work in the UK.",Myticas Consulting,https://ca.linkedin.com/company/myticas-consulting?trk=public_jobs_topcard-org-name,https://uk.linkedin.com/jobs/view/contractor-engineering-manager-34503-at-myticas-consulting-4322911131?trk=public_jobs_topcard-title,2025-11-15 20:33:45,,,1
4340835460,Agente de viajes Online,"¿Estas buscando un nuevo reto profesional?

Si te apasiona el mundo de los viajes y quieres trabajar como Agente de Viajes y buscas pertenecer a un importante grupo del sector turístico donde sus valores principales son el trato exquisito al cliente y además pone en valor a su equipo humano ¡¡sigue leyendo esta oferta porque te va a interesar!!

Precisamos Agentes de Viajes en remoto con o sin experiencia, que quieran formar parte de una gran empresa que se encuentra en proceso de crecimiento y expansión.

¿Cuáles serán tus funciones principales?

Gestión de Reservas

Funciones Administrativas propias de las reservas, envío de bonos.

Trabajo en equipo y trato excelente con cliente.

Conocimientos de ofimática y redes sociales.

Capacidad de trabajar de forma independiente.

Se valora conocimientos en venta.

Formar parte de un equipo donde prima el buen ambiente laboral, el trabajo en equipo y oportunidades reales de desarrollo profesional.

Formación continua.

Descuentos en viajes y hoteles.

Modalidad de trabajo remoto.

Si tienes ganas de formar parte de una empresa líder en el sector ¡no dudes en inscribirte!",Nadidú,https://www.linkedin.com/company/nadid%C3%BA?trk=public_jobs_topcard-org-name,https://es.linkedin.com/jobs/view/agente-de-viajes-online-at-nadid%C3%BA-4340835460?trk=public_jobs_topcard-title,2025-11-15 06:25:24,,,1
4340675643,Agente de viajes,"✨ Únete a Nadidú y vende viajes sin complicaciones ✨

👉 Buscamos agentes con contrato mercantil y con ganas de vender .

¿Sueñas con vender viajes y ganar comisiones… pero sin dolores de cabeza?

En Nadidú te damos TODO lo que necesitas:

✔️ No necesitas licencia ni seguros (ya estás cubierto con nosotras).

✔️ Acceso a los mejores proveedores de viajes de España (y más allá).

✔️ Formaciones exclusivas con proveedores.

✔️ Flexibilidad total: trabaja desde donde quieras, a tu ritmo.

✔️ Una comisión atractiva del 85%.

✔️ Manejo básico de internet y redes sociales.

✔️ Conocimientos de herramientas digitales.

✔️ Ganas para aprender y formarse en el sector.

✔️ Experiencia previa en ventas, atención al cliente o turismo.

No buscamos títulos, buscamos actitud . Si amas los viajes y te gusta ayudar a la gente a organizar los suyos, ya tienes lo más importante.

✔️ Comisiones por cada viaje vendido (y no son pequeñitas, eh)

✔️ Viajas más barato : acceso a tarifas especiales, descuentos y fam trips...

✔️ Flexibilidad total : trabajas desde donde quieras y al ritmo que decidas.

✔️ Cero burocracia : olvídate de licencias, seguros o papeleo, ya lo cubrimos nosotros.

✔️ Soporte : no estás solo/a, tienes a Nadidú detrás.

✔️ Crecimiento personal y profesional : desarrollas habilidades de ventas, comunicación y marketing digital.

💼 Tú pones la pasión por los viajes. 🌍 Nosotros ponemos la infraestructura.",Nadidú,https://www.linkedin.com/company/nadid%C3%BA?trk=public_jobs_topcard-org-name,https://es.linkedin.com/jobs/view/agente-de-viajes-at-nadid%C3%BA-4340675643?trk=public_jobs_topcard-title,2025-11-15 06:25:28,,,1
4336297844,"Product Engineer, Full Stack/AI, Contract | Python, TypeScript, AWS | Scale up, Creative Tools | £550-675 per day - Outside IR35 | 6 Months Initial | UK remote","Product Engineer, Full Stack/AI, Contract | Python, TypeScript, AWS | Scale up, Creative Tools | £550-675 per day - Outside IR35 | 6 Months Initial | UK remote



Opportunity:

We’re supporting an innovative, fast-moving team. They’re building cutting-edge creative production tools, and are looking for a Full Stack Python Engineer with strong Python, React experience and startup mindset. This is a remote role, giving you autonomy while you design, build and scale applications that power creative workflows in industries like media and digital production.



You’ll be delivering greenfield features end-to-end, working closely with creative teams, and solving unique technical challenges with modern web and cloud technologies.



What You’ll Be Doing as a Product Engineer, Full Stack/AI, Contract | Python, TypeScript, AWS | Scale up, Creative Tools | £550-675 per day - Outside IR35 | 6 Months Initial | UK remote

- Build and maintain dynamic, responsive web interfaces with React , TypeScript , and modern CSS.
- Implement state management solutions (e.g., Redux , Zustand ) for seamless user experiences.
- Design and develop robust backend services and APIs with Python , Django , FastAPI , including both REST and GraphQL.
- Architect and maintain scalable database solutions (SQL/NoSQL).
- Deploy and manage applications using Docker , Kubernetes , and Terraform in AWS environments.
- Maintain CI/CD pipelines, monitor application health, and ensure uptime and performance.
- Collaborate cross-functionally with designers, product managers, and engineers to deliver high-quality products.
- Innovate and drive solutions for unique technical challenges in creative workflows.
- Contribute to tools integrated with creative software (e.g., Houdini, Nuke, DaVinci Resolve).



Core Skills for the Product Engineer, Full Stack/AI, Contract | Python, TypeScript, AWS | Scale up, Creative Tools | £550-675 per day - Outside IR35 | 6 Months Initial | UK remote

- Strong proficiency in React , TypeScript , and modern web development best practices.
- Solid backend experience with Python , Django , FastAPI , and database design.
- Knowledge of state management libraries like Redux or Zustand .
- Familiarity with DevOps practices, CI/CD pipelines, and cloud deployment on AWS .
- Experience with containerisation and orchestration ( Docker , Kubernetes ).
- Understanding of scalable architecture patterns and data integrity principles.
- Ability to work autonomously, with a proven track record of delivering end-to-end products.
- Excellent problem-solving and communication skills.



Nice to Have:

- Experience working in startups or high-growth environments.
- Familiarity with creative production tools such as Houdini , Nuke , DaVinci Resolve .
- Knowledge of ReactFlow or similar frameworks for node-graph-driven applications .
- Passion for creative automation and solving unique technical challenges.



Details for the Product Engineer, Full Stack/AI, Contract | Python, TypeScript, AWS | Scale up, Creative Tools | £550-675 per day - Outside IR35 | 6 Months Initial | UK remote

- Location: Remote (Work from anywhere in the UK)
- Type: Contract, full-time
- Rate: GBP525-675 per day Outside IR35
- Start: ASAP",Owen Thomas | Pending B Corp™,https://uk.linkedin.com/company/owen-thomas-talent?trk=public_jobs_topcard-org-name,https://uk.linkedin.com/jobs/view/product-engineer-full-stack-ai-contract-python-typescript-aws-scale-up-creative-tools-%C2%A3550-675-per-day-outside-ir35-6-months-initial-uk-remote-at-owen-thomas-pending-b-corp%E2%84%A2-4336297844?trk=public_jobs_topcard-title,2025-11-15 17:30:21,Harry Ellis,https://uk.linkedin.com/in/harry-ellis-049b53122,8
4336098347,"Backend Engineer, Contract | Python (Django), JavaScript (React) and SQL (MySQL) | Fully Remote / EU-Based | Rate £550-650pd, Outside IR35 | 12-months Contract Length","Backend Engineer, Contract | Python (Django), JavaScript (React) and SQL (MySQL) | Fully Remote / EU-Based | Rate £550-650pd, Outside IR35 | 12-months Contract Length



Opportunity:



We're supporting a fast-moving client at huge global scale, that is in need of a Senior Backend Contractor with deep experience across Python, Django and some JavaScript/React . This is a high-impact freelance role within a tech-driven established team - building scalable systems in a modern backend environment and implementing AI work.



What You'll Be Doing as a Backend Engineer, Contract | Python (Django), JavaScript (React) and SQL (MySQL) | Fully Remote / EU-Based | Rate £550-650pd, Outside IR35 | 12-months Contract Length



- Designing and building robust backend services across Python and Django
- Collaborating with product and platform teams to scale critical infrastructure
- Contributing to performance optimisation, secure coding, and clean architecture decisions
- Bringing in best practices across multiple programming paradigms and languages



Core Skills for the Backend Engineer, Contract | Python (Django), JavaScript (React) and SQL (MySQL) | Fully Remote / EU-Based | Rate £550-650pd, Outside IR35 | 12-months Contract Length



- Senior-level backend experience with Python and Django in production systems
- Proven work with JavaScript and React (production experience strongly preferred)
- Familiarity with MySQL Databases and scale
- Strong grasp of APIs, cloud-native systems, and scalable architecture
- Freelance mindset: able to hit the ground running, communicate clearly, and add value fast



Details for the Backend Engineer, Contract | Python (Django), JavaScript (React) and SQL (MySQL) | Fully Remote / EU-Based | Rate £550-650pd, Outside IR35 | 12-months Contract Length



- Contract : LTD company (UK) / B2B
- Location : Remote (must be EU-based for legal/timezone reasons)
- Duration : Long-term engagement potential
- Start : ASAP



If interested in this Backend Engineer, Contract | Python (Django), JavaScript (React) and SQL (MySQL) | Fully Remote / EU-Based | Rate £550-650pd, Outside IR35 | 12-months Contract Length , please apply here and we will contact you if it's a good match! :)",Owen Thomas | Pending B Corp™,https://uk.linkedin.com/company/owen-thomas-talent?trk=public_jobs_topcard-org-name,https://uk.linkedin.com/jobs/view/backend-engineer-contract-python-django-javascript-react-and-sql-mysql-fully-remote-eu-based-rate-%C2%A3550-650pd-outside-ir35-12-months-contract-length-at-owen-thomas-pending-b-corp%E2%84%A2-4336098347?trk=public_jobs_topcard-title,2025-11-15 17:30:23,Harry Ellis,https://uk.linkedin.com/in/harry-ellis-049b53122,8
4336217919,"JavaScript Developer, Contractor, Full-stack | NodeJS, TypeScript, React, AWS | Disruptive Start-up, B2C | Rate c/ £500/day (Outside) | 6-months | UK remote or London Hybrid","JavaScript Developer, Contractor, Full-stack | NodeJS, TypeScript, React, AWS | Disruptive Start-up, B2C | Rate c/ £500/day (Outside) | 6-months | UK remote or London Hybrid



Opportunity:



We’re supporting an innovative, fast-moving founding team. They’re building an innovative B2C platform with lots of partnerships already signed up! Very exciting opportunity to take a lot of responsibility and work in a small team with proven founders and engineers - on a disruptive and data-heavy B2C application.



You’ll work closely with the founding team to build scalable, secure, and high-performance systems that deliver an exceptional user experience.



What You’ll Be Doing as a JavaScript Developer, Contractor, Backend Engineering | NodeJS, TypeScript, AWS | Disruptive Start-up, B2C | Rate £500/day (Outside) | 6-months | London, Hybrid



- Develop, maintain, and optimize robust backend services and APIs that power our mobile and web platforms
- Design and implement low-latency event processing pipelines
- Ensure backend infrastructure is reliable, scalable, and secure
- Enhance database efficiency and refine data storage strategies
- Maintain comprehensive multi-layered test coverage
- Collaborate closely with frontend and mobile teams to define and deliver API contracts
- Set up and manage effective monitoring, logging, and alerting systems
- Influence architectural decisions and help establish engineering best practices
- Conduct code reviews and provide mentorship to junior developers
- Explore and integrate new technologies to expand platform capabilities
- Work with product and design teams to convert requirements into scalable technical solutions
- Continuously refine development workflows and improve system performance





What You’ll Need as a JavaScript Developer, Contractor, Backend Engineering | NodeJS, TypeScript, AWS | Disruptive Start-up, B2C | Rate £500/day (Outside) | 6-months | London, Hybrid



- 6+ years commercial experience in Backend technologies, with majority focused on NodeJS.
- Proven track record of start-up experience, working for cool innovative consumer b2c brands where you've taken ownership.
- Confidence working on huge datasets and complex API work
- Great communication skills and attitude to get your hands dirty across the stack and business challenges.
- Nice to have: Full stack experience, with TypeScript



JavaScript Developer, Contractor, Backend Engineering | NodeJS, TypeScript, AWS | Disruptive Start-up, B2C | Rate £500/day (Outside) | 6-months | London, Hybrid

- Location: Remote
- Type: Contract, full-time
- Rate: circa £500/day
- Start: ASAP",Owen Thomas | Pending B Corp™,https://uk.linkedin.com/company/owen-thomas-talent?trk=public_jobs_topcard-org-name,https://uk.linkedin.com/jobs/view/javascript-developer-contractor-full-stack-nodejs-typescript-react-aws-disruptive-start-up-b2c-rate-c-%C2%A3500-day-outside-6-months-uk-remote-or-london-hybrid-at-owen-thomas-pending-b-corp%E2%84%A2-4336217919?trk=public_jobs_topcard-title,2025-11-15 17:32:01,Harry Ellis,https://uk.linkedin.com/in/harry-ellis-049b53122,7
4340866376,In-House Content Creator (Freelance),"Paintgun is a dynamic creative agency on a mission to drive innovation by transforming growth plans into high-performing paid ads. Specializing in bold, visually captivating content, we partner with brands to deliver impactful campaigns that inspire, engage, and deliver results. At Paintgun, creativity meets strategy to redefine what’s possible in digital advertising.

We are looking for two talented and creative In-House Content Creators to join our team on a freelance basis. If you are passionate about creating engaging content, have a flair for storytelling, and enjoy working remotely, we want to hear from you!

- Develop high-quality content aligned with our brand's voice and objectives.
- Collaborate with internal teams to brainstorm and execute creative ideas.
- Create multimedia content, including text, images, and short-form videos, as needed.
- Ensure content is optimized for digital platforms and meets project deadlines.
- Adapt to feedback quickly and maintain a consistent quality of work.

- Proven experience in content creation or a similar role (include links to your social media channels like Tiktok and Instagram).
- Strong creative and communication skills.
- Ability to work independently and manage time effectively in a remote setting.
- Proficiency with content creation tools such as Adobe Creative Suite, Canva, or equivalent.
- Familiarity with social media platforms and trends

- Flexibility to work from anywhere.
- Competitive freelance rate.
- Opportunity to collaborate with a dynamic and creative team.

IMPORTANT: Please include links to your social media channels (Tiktok, Instagram) in your CV.",Paintgun,https://de.linkedin.com/company/paintgun?trk=public_jobs_topcard-org-name,https://de.linkedin.com/jobs/view/in-house-content-creator-freelance-at-paintgun-4340866376?trk=public_jobs_topcard-title,2025-11-15 14:14:48,,,1
4289542156,Senior Product Manager - Declarations & Financial Statements Group,"- You’ll spend an extensive amount of time continuously discovering the users and their pain points. You will interview them, conduct user research and get your hands in our data platform to gather insights on what needs to be solved.
- With those insights and with the company’s objectives in mind, you’ll be empowered to define your OKRs and your roadmaps, to have the strongest possible impact on solving user problems and reaching the company's objectives.
- You’ll work hand in hand with a Product Designer dedicated to your squad, as well as a team of Product-centered engineers. You will start with small steps (we like the MVP approach!) and will follow-up on the implementation and future iterations. For us, achieving a common goal matter more than just building features.

- You’ll learn everything about our company, our teams, and our vision during the first onboarding week
- You’ll familiarize yourself with the product and the accounting industry (You will have access to a lot of documentation and will assist to trainings organized by your peers)
- You’ll get a very deep knowledge of our Product organization, methods, and culture

- You’ll have imagined and implemented your first solutions, hand-in-hand with Product Designers and Engineers
- You’ll have impacted positively at least one OKR
- You will have setup your continuous discovery routine and will be ready to build your roadmap

- You’ll be autonomous at defining your OKRs and your roadmap
- You’ll keep having a strong impact via iterations on the solutions you've shipped
- You’ll share your learnings and best practices within the team

- Multiple opportunities to recruit and mentor new PMs
- Increased responsibilities in project leadership
- Responsibilities to think of and implement new processes, tools and best practices to make sure that your team works even smoother

- You will first have a general chat with a Talent Acquisition Manager (30 min)
- You’ll then have a discussion with 1 member of our Product team to assess the fit and the Product culture (45 min)
- You’ll then pass a live case study with 2 PMs from our team (1h15)
- You'll have a final round with Tancrède (our CPO) and a Group PM or a Head of Product (60 mn)

- Strong user research skills and Product sense: ability to develop a strong conviction about user needs and problems based on user feedback (from all types of sources)
- Strong & structured communication skills to convince and get buy in on his/her vision, embark/drive the squad, build relationships with commercial teams, talk to users regularly..
- Ability to navigate and simplify complex problems (understand, vulgarize, break problems into small pieces)
- Hands-on and not afraid to step out of the traditional product role to make the product succeed (working on Educational content, and enablement if needed..)
- Past experience in Product management at a scale up or large tech company is required (ideally a company with a strong product culture)
- Experience working with accounting is not required (generalist profile is ok) as long as they are curious about accounting and comfortable with complexity.",Pennylane,https://fr.linkedin.com/company/pennylaneaccounting?trk=public_jobs_topcard-org-name,https://fr.linkedin.com/jobs/view/senior-product-manager-declarations-financial-statements-group-at-pennylane-4289542156?trk=public_jobs_topcard-title,2025-11-15 13:21:23,,,5
4336127734,Senior Analyst,"About Us

Pimlico is a tech company based in London and San Francisco, building XHS™ to offer compliance teams advanced tools for monitoring, analysis, collaboration, and integration.



Our Regulatory AI workspaces empower organizations to transform noise into meaningful signal, and enhance the effectiveness of team processes and collaboration.



Join us as we launch XHS™ Beta for Gambling from November 2025 and prepare to start service with our early clients in the Gambling and iGaming sector from January 2025.



Role Description

This is a contract-based remote role for a Senior Analyst. The role involves analyzing Gambling- and iGaming-related data, identifying industry and legal trends, and constructing internal country reports across global jurisdictions.



Other responsibilities include collaborating with the product team based in London and San Francisco, and contributing to the construction of scalable AI-agentic architecture and processes.



Qualifications

- 4+ years in legal/regulatory research, compliance analysis, policy, or market intelligence - Gambling / iGaming experience strongly preferred.
- Strong analytical and research skills, including the ability to review and interpret gambling industry trends, technical compliance data, and compliance standards.
- Expertise in data collection, reporting, and documenting actionable insights effectively.
- Experience with prompt engineering and the use of advanced tools
- Strong written and verbal communication skills with attention to detail.
- Ability to work independently and collaboratively in a fast-paced remote environment.
- Familiarity with gambling regulations, compliance processes, or industry practices is a plus.
- Bachelor's degree in Data Analysis, Business, Law, or a related field preferred.



Preferred

- Law degree or compliance certification; multilingual reading ability (e.g., Spanish, Portuguese, Italian, German, French).
- Payments/fintech exposure (AML, sanctions, fraud, KYC).
- Familiarity with responsible gambling frameworks and ad standards.



Contract Length & Compensation

- Three months contract length
- Compensation negotiable upon experience",Pimlico,https://uk.linkedin.com/company/wearepimlico?trk=public_jobs_topcard-org-name,https://uk.linkedin.com/jobs/view/senior-analyst-at-pimlico-4336127734?trk=public_jobs_topcard-title,2025-11-15 14:33:04,Andrew Leming,https://uk.linkedin.com/in/andrewleming,6
4336305741,SharePoint Development Lead – Fully Remote (Within Germany) | 1-Year Contract,"SharePoint Development Lead – Fully Remote (Within Germany) | 1-Year Contract

Job Title: IT – Technology Lead | Office 365 | SharePoint Online

Location: Fully Remote in Germany

Contract Duration: 1 Year

Language Requirement: Fluent German & English

We are seeking an experienced SharePoint Development Lead with strong expertise in SharePoint Online, SharePoint On-Prem , PowerShell scripting , Power Automate , Power Apps , and Azure Cognitive Services . The ideal candidate will lead development activities, support end-users, manage SharePoint operations, and contribute to process improvement initiatives.

Role Title: SharePoint Development Lead

Minimum Experience: Minimum 6+ Years (recommended for seniority)

Core Skills Required

- Strong hands-on experience with SharePoint Online , SharePoint On-Prem 2013
- Proficiency in PowerShell scripting , Power Automate , Power Apps
- Experience with Azure Cognitive Services
- Fluent German and English communication
- Strong understanding of Office 365 / O365 and SharePoint environments

Detailed Job Description

- Provide expert-level development and support as a SharePoint Development Lead across SharePoint Online and SharePoint On-Prem 2013 .
- Utilize PowerShell scripting for automation, reporting, and task optimization.
- Work extensively with the Power Platform including Power Automate and Power Apps .
- Use Azure Cognitive Services to enhance SharePoint functionalities and integrations.
- Extract, analyze, and generate reports from SharePoint Online and SharePoint On-Premise to support project needs.
- Support end-user knowledge development and create detailed resolution documentation / wiki articles.
- Log, manage, and resolve queries via email, Teams, and ticketing tools.
- Test, validate, and establish ServiceNow processes for SharePoint Online updates.
- Maintain and update support-related information across all sources.
- Ensure data protection compliance and adhere to Uniper business policies.
- Deliver small enhancements within planned and agreed project timelines.
- Participate actively in project meetings, workshops, and cross-functional discussions.
- Work independently, collaborate with project teams, and communicate effectively with stakeholders.
- Demonstrate a positive work attitude, ownership, and strong teamwork skills.



SharePoint Online, SharePoint On-Prem, SharePoint Development Lead, PowerShell scripting, Power Automate, Power Apps, Azure Cognitive Services, Office 365, O365, SharePoint Developer, SharePoint Support, SharePoint Reporting, Power Platform, ServiceNow, German-speaking SharePoint Consultant, Fully Remote Germany.



#SharePoint #SharePointOnline #SharePointOnPrem #SharePointLead #SharePointDevelopment #Office365 #O365 #PowerShell #PowerApps #PowerAutomate #PowerPlatform #AzureCognitiveServices #SharePointSupport #RemoteJobsGermany #GermanSpeakingJobs #ITConsultant #TechnologyLead #O365Consultant #SharePointDeveloper #HiringNow #ContractJobsGermany #UniperProjects #ITJobsGermany",PRIMUS Global Solutions (PRIMUS UK & Europe),https://uk.linkedin.com/company/primusglobal?trk=public_jobs_topcard-org-name,https://de.linkedin.com/jobs/view/sharepoint-development-lead-%E2%80%93-fully-remote-within-germany-1-year-contract-at-primus-global-solutions-primus-uk-europe-4336305741?trk=public_jobs_topcard-title,2025-11-15 07:15:21,Ravneet Kaur,https://uk.linkedin.com/in/ravneet-kaur-21b7ba36,2
4336196084,SAP CO Consultant,"SAP CO Consultant

We are looking for experienced SAP CO Consultants with strong expertise in Overhead Costing, Production Costing, COPA, Material Ledger , and full-cycle CO functionalities. Candidates must have hands-on experience across MTS, MTO, ETO scenarios and a solid understanding of FI/CO integration .



Role Title: SAP CO Consultant

Experience Required: Minimum 6 Years (Dedicated CO Experience)



Job Description

The ideal candidate is an experienced SAP CO Consultant with deep functional expertise across controlling processes. You will work closely with business stakeholders to deliver solutions in Overhead Costing , Production Costing (Std Costing, MTS, MTO, ETO) , COPA , Material Ledger (ML) , and Result Analysis . Strong functional understanding of RTR – FI/CO integration and cross-module knowledge (SD, MM, PP, PS) is essential.

Key Responsibilities

- Deliver high-quality consulting solutions as an SAP CO Consultant across controlling areas.
- Implement and enhance Overhead Costing , Product Costing , and Production Costing processes including Standard Costing , MTS , MTO , and ETO scenarios.
- Work extensively on COPA , Material Ledger (ML) , Result Analysis , and Cost Object Controlling .
- Provide support and improvements for RTR – FI/CO integration with SD, MM, PP, and PS modules.
- Handle CO-related customization , configurations, and functional specifications.
- Work in AMS environments and support ongoing enhancements and incident resolution.
- Collaborate with clients and cross-functional teams with clear communication and solution-oriented thinking.
- Ensure smooth business interactions with strong problem-solving and interpersonal skills.

Must-Have Skills

- 6+ years of dedicated SAP CO experience
- Expertise in Overhead Costing , Product Costing , Production Costing , Standard Costing
- Strong hands-on in MTS , MTO , ETO , ETS scenarios
- Deep knowledge of COPA , Material Ledger (ML) , Result Analysis
- Strong RTR – FI/CO integration knowledge across SD, MM, PP, PS
- Experience with AMS projects and support environments
- Ability to handle customization and understand development objects
- Excellent communication and client-facing skills
- Strong team player with effective collaboration skills



#SAPCO #SAPCOConsultant #Controlling #OverheadCosting #ProductCosting #ProductionCosting #StandardCosting #MTS #MTO #ETO #ETS #COPA #MaterialLedger #ML #ResultAnalysis #RTR #FICO #FICOIntegration #SAPSD #SAPMM #SAPPP #SAPPS #SAPJobs #SAPHiring #SAPConsultant #AMS #SAPCosting #SAPFinance #COConsultant #HiringNow #ImmediateHiring #SAPExperts #ERPJobs #SAPCareer",PRIMUS Global Solutions (PRIMUS UK & Europe),https://uk.linkedin.com/company/primusglobal?trk=public_jobs_topcard-org-name,https://de.linkedin.com/jobs/view/sap-co-consultant-at-primus-global-solutions-primus-uk-europe-4336196084?trk=public_jobs_topcard-title,2025-11-15 07:15:30,Ravneet Kaur,https://uk.linkedin.com/in/ravneet-kaur-21b7ba36,1
4340685634,Ich suche engagierte Partner:innen (m/w/d) für mein Mentoring-Team im Bereich ätherische Öle & selbstbestimmtes Business,"Als erfahrene Unternehmerin, Personalentwicklerin und Coach begleite ich aktuell den strategischen Aufbau meines doTERRA-Teams – mit dem langfristigen Ziel: Presidential Diamond. Mein Angebot ist Teil eines ganzheitlichen Konzepts, das energetische Selbstfürsorge, berufliche Entwicklung und unternehmerische Freiheit verbindet. Es richtet sich an Menschen, die bewusst neue Wege gehen möchten – mit Sinn, Struktur und echter Selbstbestimmung. Ich suche keine Verkäufer:innen, sondern Persönlichkeiten mit Vision, Herz und dem Wunsch, sich ein eigenes Business im Bereich Wellness, Coaching oder ganzheitlicher Begleitung aufzubauen.

Du arbeitest selbstständig – aber mit meiner professionellen Begleitung, klarer Struktur und einer wertschätzenden Community. Ob nebenberuflich, ergänzend zu deiner Selbstständigkeit oder als neuer beruflicher Schwerpunkt – du wirst dabei professionell begleitet, erhältst klare Strukturen und wirst Teil einer wertschätzenden Community.

💡 Worum geht es konkret?

Du wirst Teil meines Führungsteams und beginnst den Aufbau deines eigenen Business mit ätherischen Ölen – mit doTERRA als starker Produktpartnerin an deiner Seite. Ich begleite dich mit einem klaren Mentoring-System – Schritt für Schritt. Wir arbeiten gemeinsam an deinem Businessaufbau – auf Augenhöhe, strukturiert, professionell.

🔥 Was du mitbringen solltest

- Interesse an ätherischen Ölen, ganzheitlicher Gesundheit und natürlicher Lebensweise
- Begeisterung für persönliche Weiterentwicklung und energetisches Arbeiten
- Freude an Verbindung, Selbstführung und Lernen
- Offenheit, unternehmerisches Denken, langfristige Perspektive
- Du arbeitest selbstbestimmt – aber nicht allein.

🎁 Was du bekommst

- Zugang zu einem klaren Businessaufbauplan
- Persönliches Mentoring & strukturierte Einarbeitung
- Schulungen, Tools & Materialien
- Anbindung an Community, Events & Entwicklungsmöglichkeiten
- Option auf passives Einkommen und Aufstieg im doTERRA-System

✅ Ideal für Menschen mit Hintergrund in …

- Coaching, Beratung, Psychologie
- Pädagogik, Soziale Arbeit, Lehramt
- Yoga, Körperarbeit, Energiearbeit, Spiritualität
- Naturheilkunde, Heilpraktik, Gesundheit
- Persönlichkeitsentwicklung & Transformation",Psychologische Beratung Wagenknecht,https://de.linkedin.com/company/beratung-wagenknecht?trk=public_jobs_topcard-org-name,https://de.linkedin.com/jobs/view/ich-suche-engagierte-partner-innen-m-w-d-f%C3%BCr-mein-mentoring-team-im-bereich-%C3%A4therische-%C3%B6le-selbstbestimmtes-business-at-psychologische-beratung-wagenknecht-4340685634?trk=public_jobs_topcard-title,2025-11-15 06:14:51,,,1
4336088392,Program Manager,"Working for an industry leading SaaS business with some of the biggest brand names in the world as clients, the Programme Manager will drive impactful global business transformation engagements, with a particular focus on India operations as they are outsourcing a number of departments there. The initial contract will be 6 months, but very likely to extend beyond that.



The Programme Manager will be responsible for:

- Leading global transformation projects, especially in India, establishing and managing key outsourcing and vendor relationships
- Developing and executing outsourcing initiatives from vendor selection through negotiation, implementation, and evaluation, managing large-scale, multichannel outsourcing engagements
- Creating project plans, setting up PMO best practices and supporting teams in executing business process outsourcing projects
- Working closely with senior leaders across business units and departments, ensuring cohesive project management, alignment and accountability
- Regularly compiling and communicating project updates to stakeholders and reporting on KPIs
- Proactively identifying opportunities to improve processes, bring creative solutions to challenges, and driving cross-functional accountability



The Programme manager will have:

- Experience as a Program Delivery Manager, having managed large scale programs for multiple teams
- Ideally worked on outsourcing teams globally to new locations
- Experience working with teams in India is preferred, but not essential
- Demonstrable expertise in finding creative solutions to complex problems
- Proficient in project management tools
- Excellent verbal and written communication skills, for both technical and non-technical stakeholders
- Great stakeholder management, able to influence key and bring together key teams across the business including, but not limited to, tech, product, marketing, IT, commercial and support functions



This is a great opportunity for a talented Programme Manager to join an industry leading organisation on a long term contract.



Programme Manager

£500-700 p/d (insideIR35)

Remote (UK)

6 months initially, likely to extend",RedCat Digital,https://uk.linkedin.com/company/redcat-digital?trk=public_jobs_topcard-org-name,https://uk.linkedin.com/jobs/view/program-manager-at-redcat-digital-4336088392?trk=public_jobs_topcard-title,2025-11-15 15:31:48,Chris Gavin,https://uk.linkedin.com/in/chrisgavin1,2
4340557345,Account Executive (Austria),"RoomRaccoon

RoomRaccoon was founded by Nadja Buckenberger and Tymen Van Dyl in 2017 with a mission to redefine hotel operations through our all-in-one hotel management system.

Our diverse team of 100 professionals, spread across 5 offices worldwide, serves 2000+ clients across Europe, USA and Africa.  Our benefits include equity, formal training budget allowance, annual hotel allowance, as well as birthday and Xmas vouchers.

Interested? Keep reading on!

Job title : Senior Account Executive

Location : Only considering applications based in Austria

Language : German

Work-type : Remote in Austria

Terms : Full-time

Your North Star

Our mission is to empower independent hotels and transform the hospitality landscape with cutting-edge technology, driving their success and reshaping the future of hospitality. As part of our dynamic team, your role is essential in revolutionising hotel operations and elevating guest experiences. Together, we create the future of hospitality—one solution, one hotel, and one guest experience at a time.

Day in the life of the Account Executive

- Follow up on demonstration requests (& other marketing-qualified leads)
- Full sales cycle management (from cold calling to closing deals)
- Identify prospect decision-makers, uncover critical business issues, stimulate interest
- Schedule demonstrations while making and tracking activities
- Ensure a smooth handoff to Implementations upon closing
- Ensure (CRM) data integrity
- Enrich our Inbound marketing activities with your local market/cultural insights
- Stay current on industry issues/trends and competitive offerings
- May be required to prospect in-person locally and/or travel
- Attend hospitality events

Key skills :

- 5+ years of experience in sales within the hospitality or technology sectors.
- Extensive knowledge of the hospitality industry, especially independent hotel operations

Beneficial skills :

- Bachelor’s degree in Business, Hospitality Management, or a related field is preferred.

How to be successful as a Senior Account Executive

- Compelling Communicator : You captivate audiences, tailor your presentations to meet specific needs, and foster trust through clarity and confidence.
- Strategic Thinker : You excel at analysing data, identifying opportunities, and developing effective sales strategies.
- Results-driven : You consistently exceed targets, driven by a blend of passion and competitive spirit.
- Proactive Problem-Solver : You anticipate needs, propose solutions proactively, and take the initiative in challenging situations.
- Adaptable & Agile : You thrive in dynamic environments and adjust readily to complex and changing scenarios.
- Empathetic Listener : You actively listen to understand customer needs and build genuine rapport.
- Product & Industry Expert : You possess deep knowledge of the hospitality industry and convey value propositions with clarity.
- Resilient & Persistent : You bounce back from setbacks and demonstrate an unwavering commitment to your goals.

- Mac environment
- Incentive based commission
- Formal Training budget
- Annual Hotel experience
- Equity
- Birthday Vouchers

RoomRaccoon Values :

- Accountability
- Beat Yesterday
- Clock Speed
- Deals a Deal
- Empower Another

Disclaimer : Thanks so much for your excitement about joining RoomRaccoon! We’re lucky to have so many talented people eager to be part of our team, so we’re reviewing applications as they come in. If you don’t hear from us within three weeks, it means we’ve decided to move forward with other candidates this time—but don’t be discouraged! Keep an eye on our careers page, and we’d love for you to apply for roles that fit your talents in the future!",RoomRaccoon Hotel Tech,https://nl.linkedin.com/company/roomraccoon?trk=public_jobs_topcard-org-name,https://at.linkedin.com/jobs/view/account-executive-austria-at-roomraccoon-hotel-tech-4340557345?trk=public_jobs_topcard-title,2025-11-15 17:37:23,,,1
4339912104,Directeur Centre de formation franchisé (H/F),"🚀 Rejoignez le réseau YYYOURS FORMATIONS : Devenez Directeur(trice) indépendant(e) de CFA et Centre de Formation en France, Suisse, Canada et pays francophones.



🌟 Une opportunité exclusive pour les dirigeants et entrepreneurs visionnaires ( nouvelles formations en IA )



Le réseau YYYOURS FORMATIONS , pionnier de la formation 100 % e-learning, poursuit son développement sélectif en France, en Suisse et au Canada .



Nous recrutons des Directeurs(trices) indépendants(es) pour piloter un Centre de Formation agréé Qualiopi et CFA , sous une marque reconnue et en pleine expansion.



💼 Pourquoi rejoindre le réseau YYYOURS FORMATIONS ?



✅ Des performances prouvées :

Nos centres franchisés et indépendants (UFA et OF) réalisent jusqu’à 5 M€ de chiffre d’affaires annuel et notre premier centre a été créé en 2015.

✅ Une offre pédagogique unique en France :

Plus de 10 000 modules e-learning , 350 parcours de formation et 250 titres RNCP certifiants . Nous sommes les leaders en volumes d'offres de formation disponibles.

Une croissance exponentielle avec des opportunités de financement public et privé majeures d'ici 2030.

✅ Un modèle sélectif et exclusif :

Nombre limité de franchisés pour garantir l’exclusivité territoriale et un accompagnement premium .

✅ Un lancement 100 % financé :

Grâce à la Garantie de Financement d’Entrée dans le Réseau , vos frais de démarrage sont entièrement pris en charge par nos partenaires bancaires (partenariat officiel et centralisé avec un référent régional).

✅ Une garantie de réussite :

Contrat de chiffre d’affaires minimum garanti à 3 ans .

🎯 Vos missions en tant que Directeur(trice) YYYOURS FORMATIONS

- Créer et développer votre centre de formation clé en main , immédiatement opérationnel.
- Proposer des formations éligibles CPF, OPCO, FSE , .... à vos clients particuliers et aux entreprises de votre secteur.
- Piloter votre équipe pédagogique et administrative avec le soutien permanent du réseau.
- Déployer des formations à forte valeur ajoutée sur des métiers d’avenir.

💡 Exemples de formations à forte demande

🖥 Chef de projet IA

🔒 Expert en Cybersécurité

📊 Data Analyst

🌐 Manager à l’International

🌿 Consultant en Transition Énergétique

📱 Responsable Marketing Digital

🧠 Coach Professionnel Certifié

Et bien plus encore parmi 10 000 modules e-learning propriétaires , actualisés en continu.

👤 Profil recherché

- Dirigeant d’organisme de formation ou formateur expérimenté (NDA) souhaitant changer d’échelle.
- Entrepreneur, cadre en reconversion ou consultant avec un projet d’investissement rentable à 3 ans.
- Professionnel orienté performance, impact et innovation pédagogique .



🤝 Ce que vous offre le réseau YYYOURS

🎯 Garantie contractuelle de chiffre d’affaires minimum

💼 Financement intégral du démarrage

📈 Accompagnement complet : formation dirigeant, outils, support et suivi individuel ( nouveau logiciel 2026 exclusivement développer avec l'IA pour booster la performance des OF /CFA disponible chez YYYOURS FORMATIONS)

🧭 CRM intégré, back-office digital et partenariats nationaux actifs



⚠️ Processus de sélection

Les candidatures sont étudiées avec soin ( parceque nous n'intégrons que des candidats pour lesquels nos équipes ont une certitude )

Le nombre de territoires disponibles est limité pour préserver la qualité et l’exclusivité du réseau.

📩 Postulez dès maintenant pour rejoindre un réseau d’excellence et bâtir le centre de formation du futur.",Réseau YYYOURS FORMATIONS,https://www.linkedin.com/company/r%C3%A9seau-yyyours-formations?trk=public_jobs_topcard-org-name,https://fr.linkedin.com/jobs/view/directeur-centre-de-formation-franchis%C3%A9-h-f-at-r%C3%A9seau-yyyours-formations-4339912104?trk=public_jobs_topcard-title,2025-11-15 06:21:16,,,2
4340678010,"Full Stack Software Engineer (Remote, Contractual) EU [WN-11]","About Smart Working



At Smart Working, we believe your job should not only look right on paper but also feel right every day. This isn’t just another remote opportunity - it’s about finding where you truly belong, no matter where you are. From day one, you’re welcomed into a genuine community that values your growth and well-being.



Our mission is simple: to break down geographic barriers and connect skilled professionals with outstanding global teams and products for full-time, long-term roles. We help you discover meaningful work with teams that invest in your success, where you’re empowered to grow personally and professionally.

Join one of the highest-rated workplaces on Glassdoor and experience what it means to thrive in a truly remote-first world.



About the role



As a Full Stack Software Engineer , you’ll play a vital role in building digital solutions that power our partners’ products. You’ll work across front-end and back-end to ensure usability, scalability, and performance, tackling technical challenges with modern tools and frameworks.



This opportunity begins as a 6-month, high-impact project where you’ll deliver real value from day one. For strong performers, it’s also a pathway to a long-term contract of up to 2 years — giving you the best of both worlds: the excitement of an immediate challenge and the stability of extended career growth.



You’ll thrive here if you’re passionate about high-quality applications, eager to work with cutting-edge technologies, and proactive about driving innovation in an agile, international environment.





- Design and implement scalable, performant UIs and app architectures, balancing user experience with resource constraints
- Develop across the stack with React.js, Node.js, TypeScript, and modern frameworks (Next.js, Vite)
- Work with SQL databases including PostgreSQL, MySQL, MSSQL, and indexing/search tools like Elastic, OpenSearch, or Solr
- Build and consume APIs (REST or GraphQL), handling caching and offline support with React Query or Apollo
- Manage application state using patterns/tools such as Redux, Context API, or Zustand
- Ensure quality with unit, integration, and E2E testing frameworks (Jest, Cypress, Puppeteer, Mocha)
- Apply microservices architecture principles and containerization with Docker
- Build responsive UIs that adapt to varied devices and screen sizes
- Collaborate in an agile team, communicating effectively with peers and stakeholders to deliver business value



- 5+ years of professional experience with TypeScript/JavaScript
- 3+ years of experience with React.js, using latest features
- 3+ years of experience with Node.js, using latest features
- Strong experience with state management (Redux, Context API, Zustand)
- Proficiency with SQL databases (PostgreSQL, MySQL, MSSQL)
- Experience with indexing/search tools (Elastic, OpenSearch, Solr)
- Strong knowledge of RESTful APIs and/or GraphQL, including caching/offline via React Query or Apollo
- Hands-on experience with Docker and microservices architecture
- Proficiency with unit, integration, and E2E testing frameworks (Jest, Cypress, Puppeteer, Mocha)
- Proven ability to deliver responsive UI development
- Experience with at least one modern framework (Next.js or Vite)



- Experience with Azure services (Service Bus, Blob Storage, Table Storage, Secrets, Managed Identity)
- Exposure to Kubernetes & Helm
- Familiarity with MongoDB
- Systemic framework knowledge
- A strong client-oriented mindset and the ability to translate business models into technical solutions
- Proactive, continuous improvement approach and a passion for quality



At Smart Working, you’ll never be just another remote hire.



Be a Smart Worker — valued, empowered, and part of a culture that celebrates integrity, excellence, and ambition.



If that sounds like your kind of place, we’d love to hear your story.

We may use artificial intelligence (AI) tools to support parts of the hiring process, such as reviewing applications, analyzing resumes, or assessing responses. These tools assist our recruitment team but do not replace human judgment. Final hiring decisions are ultimately made by humans. If you would like more information about how your data is processed, please contact us.",Smart Working,https://uk.linkedin.com/company/smartworkingsolutions?trk=public_jobs_topcard-org-name,https://pt.linkedin.com/jobs/view/full-stack-software-engineer-remote-contractual-eu-wn-11-at-smart-working-4340678010?trk=public_jobs_topcard-title,2025-11-16 04:28:44,,,5
4340866279,AWS DevOps Engineer,"Job Title: AWS DevOps Engineer

Rate: £500 (Inside IR35)

Duration: 6 Months

Location: Remote

Clearance: SC Eligible



Key Responsibilities

- Design, build, and maintain cloud infrastructure (primarily AWS/Azure) following government and departmental standards.
- Develop and maintain CI/CD pipelines to enable fast, secure, and reliable software delivery.
- Implement Infrastructure as Code (Terraform, CloudFormation, ARM, Pulumi).
- Ensure platform reliability through monitoring, observability, alerting, and performance tuning.
- Contribute to secure-by-default environments, applying security best practices and collaborating with cyber teams.
- Support containerised applications using Docker and orchestration tools (Kubernetes/EKS/AKS).
- Automate operational processes and reduce manual overhead wherever possible.
- Provide technical expertise during incident response, troubleshooting, and post-incident reviews.
- Collaborate with cross-functional teams to promote DevOps culture and continuous improvement.
- Contribute to architectural discussions and platform strategy.



Essential Skills & Experience

- Hands-on experience with cloud platforms (AWS and/or Azure).
- Strong Infrastructure as Code knowledge (Terraform preferred).
- Proven experience building and managing CI/CD pipelines (GitHub Actions, GitLab CI, Jenkins, Azure DevOps, etc.).
- Proficiency with Linux systems engineering and Shell scripting.
- Understanding of containerisation and orchestration (Docker, Kubernetes).
- Familiarity with monitoring and logging tools (CloudWatch, Prometheus, Grafana, ELK, etc.).
- Experience implementing robust security practices in cloud and DevOps environments.
- Ability to collaborate with technical and non-technical stakeholders.



Desirable Skills

- Experience working in public sector or regulated environments.
- Knowledge of GDS (Government Digital Service) standards and the Technology Code of Practice.
- Familiarity with Zero Trust, IAM, and secrets management.
- Experience with serverless architectures.
- Background working in Agile/Scrum delivery teams.

",Stealth iT Consulting,https://uk.linkedin.com/company/stealth-it-consulting?trk=public_jobs_topcard-org-name,https://uk.linkedin.com/jobs/view/aws-devops-engineer-at-stealth-it-consulting-4340866279?trk=public_jobs_topcard-title,2025-11-15 13:30:36,Akran M.,https://uk.linkedin.com/in/akran-m-71964214a,3
4340815758,Handelsvertreter (m/w/d) im Homeoffice mit ungedeckelter Provision,"Die strrom GmbH ist ein gemeinschaftliches Unternehmen von ROM Technik und Renergo und hat sich auf die Planung und Realisierung von PV-Anlagen sowie Energiespeichern für Gewerbekunden spezialisiert.

Unser Ziel ist es, die Energiewende voranzutreiben und dabei eine nachhaltige Wertschöpfung für alle Beteiligten zu generieren. Insbesondere im Gewerbesektor sehen wir eine stark wachsende Nachfrage und daher großes Wachstumspotential für uns und unser Unternehmen.

Aufgrund unseres schnellen und stetigen Wachstums suchen wir talentierte Menschen für unser Team, die mit uns gemeinsam etwas gegen den Klimawandel tun wollen.

- Akquise von Geschäftskunden für Photovoltaik-Großanlagen
- Beratung und Betreuung von Interessenten und Bestandskunden
- Erstellung und Präsentation von Angeboten sowie Vertragsverhandlungen
- Koordination und Überwachung der Projektumsetzung in Zusammenarbeit mit dem technischen Team
- Teilnahme an Messen und Veranstaltungen zur Förderung des Unternehmens und der Produkte

- Abgeschlossene kaufmännische oder technische Ausbildung, idealerweise im Bereich erneuerbare Energien
- Erfahrung im Vertrieb von Photovoltaikanlagen oder vergleichbaren technischen Produkten
- Ausgeprägte Kommunikations- und Verhandlungsfähigkeiten sowie sicheres Auftreten
- Hohe Eigenmotivation und die Fähigkeit, selbständig zu arbeiten
- Bereitschaft zur kontinuierlichen Weiterbildung und Anpassung an neue Marktanforderungen

- Ungedeckeltes Provisionsmodell: Überdurchschnittliche Verdienstmöglichkeiten aufgrund der Projektvolumina im B2B-Sektor für erfolgreiche Verkäufe.
- Vorauszahlungsoption: Möglichkeit einer Vorauszahlung.
- Unterstützung durch Warm Leads: Bereitgestellte Kontakte und Nutzung von KI für Lead-Generierung.
- Einarbeitung für Quereinsteiger: Einarbeitungsprogramm für einen erfolgreichen Start.
- Begleitung in den ersten Wochen: Unterstützung durch erfahrene Kollegen für einen reibungslosen Einstieg.
- Zuteilung von Leads: Klare Zuweisung von Leads und Möglichkeit zur individuellen Bearbeitung.
- Regionale Verantwortung: Zuteilung einer bestimmten Region zur Angebotserstellung und Kundenbetreuung.

Bist du bereit, in der erneuerbaren Energien Branche durchzustarten?

Werde Teil unseres Teams als Selbständiger Sales Manager für große PV-Anlagen und gestalte eine nachhaltige Zukunft mit!",strrom,https://de.linkedin.com/company/strrom?trk=public_jobs_topcard-org-name,https://de.linkedin.com/jobs/view/handelsvertreter-m-w-d-im-homeoffice-mit-ungedeckelter-provision-at-strrom-4340815758?trk=public_jobs_topcard-title,2025-11-15 09:14:46,,,1
4340575998,Content-Creator bei TechnikNews,"TechnikNews ist seit 2015 der aufstrebende Technikblog für den gesamten DACH-Raum mit einem Team aus Deutschland und Österreich. Wir nehmen Technik unter die Lupe, berichten über die neuesten Geschehnisse aus der Technikwelt und vieles mehr. Gadgets, Smart Home, E-Mobilität, Smartphones und Laptops sind unser Ding.

Hinweis: Wir wollen ehrlich mit Dir sein. Wir weisen darauf hin, dass es sich bei unserem Stellenangebot um eine ehrenamtliche Tätigkeit handelt.

Wir suchen ein:

- Schreibtalent (Redaktion)
- Rechtschreibtalent (Editor)
- Community-Talent (Community-Manager)
- Software-Talent (Developer)
- Grafiktalent (Grafiker)
- Podcast-Talent (Podcaster)
- Video-Talent (YouTuber)

Du wolltest schon immer ...

- ein junges Team ehrenamtlich, unverbindlich unterstützen?
- nebenbei immer die neueste Technik testen?
- mit Deinen Texten ein großes Publikum erreichen?
- einen Blick hinter die Kulissen der Technik-Branche erhaschen?
- ein Sprungbrett für Deine weitere Zukunft nutzen?

Was Du drauf haben solltest

- Aktivität auf TechnikNews
- Interesse an der Technik
- Mitverfolgen der aktuellen Technik-Geschehnisse
- Beherrschen der deutschen Rechtschreibung und Grammatik
- Gute Schreibgewandtheit & Ausdruck
- Teamplayer

Ohne Goodies geht nichts. Wir haben zwar keinen Obstkorb, aber:

🥳 Technik- oder Gaming-Messen (ja, wir sprechen hier von CES, IFA, Gamescom und mehr) besuchen – wir liefern Dir die benötigten Presseakkreditierungen und regeln den komplizierten Kram für Dich. Du kannst dann mit den Großen in der Presselounge abhängen.

🥳 Neues Smartphone testen, bevor es andere haben? Check. Einen Laptop im Rahmen eines Reviews für einige Wochen lang nach Hause geschickt bekommen? Mit dem Staubsaugerroboter – äh – E-Scooter oder eigener Karre für einen Testbericht in die Schule, Uni oder ins Büro cruisen? Check. Sonst noch Wünsche offen? Wir sind weltweit mit zahlreichen Big-Playern in der Technikwelt vernetzt und kennen die großen Unternehmen. Wenn Du jetzt an eine große Smartphone-Marke, Fernseher-Hersteller oder Gaming-Firma denkst – sehr wahrscheinlich, dass wir schon mit denen gechattet haben.

🥳 Gratis Merch, eigene TechnikNews E-Mail-Adresse, Kontakte in der ganzen Branche knüpfen, eigenen Minecraft-Server hosten coole Events und vieles mehr! Flex. 💪

Du tust Dich beim Schreiben manchmal etwas schwer? Bewirb Dich trotzdem. Unsere Editoren schauen Dir über die Schultern und unterstützen Dich beim Verfassen Deiner Artikel.

Wir könnten so viel über uns zu erzählen, wollen aber lieber von Dir hören! Wir freuen uns auf Dich!

Wir wollen ehrlich mit Dir sein. Wir weisen darauf hin, dass es sich bei unserem Stellenangebot um eine ehrenamtliche Tätigkeit handelt.",TechnikNews.NET,https://at.linkedin.com/company/techniknewsnet?trk=public_jobs_topcard-org-name,https://at.linkedin.com/jobs/view/content-creator-bei-techniknews-at-techniknews-net-4340575998?trk=public_jobs_topcard-title,2025-11-15 07:37:21,,,1
4331154959,Key Account Manager,"- Lead and execute the commercial launch strategy for a new oral pharmaceutical product across the Nordic region.
- Act as the key commercial interface and primary contact for all local and regional stakeholders.
- Drive product positioning, stakeholder engagement, and launch excellence to accelerate market entry.
- Collaborate cross-functionally with Market Access, Medical Affairs, and Commercial Operations to ensure alignment and efficiency.
- Identify and implement strategies to shorten launch timelines and optimize go-to-market performance.
- Provide market insights and recommendations to shape long-term commercial success.

- Proven experience as a Key Account Manager or Area Sales Manager within the pharmaceutical industry.
- Strong understanding of commercial operations and market access in the Nordic region.
- Demonstrated success in pharmaceutical product launches, ideally involving oral solutions or similar formulations.
- Excellent communication, negotiation, and stakeholder management skills.
- Strong strategic thinking combined with hands-on execution capability.
- Fluency in English; proficiency in a Nordic language is an advantage.",TFS HealthScience,https://se.linkedin.com/company/tfs-cro?trk=public_jobs_topcard-org-name,https://se.linkedin.com/jobs/view/key-account-manager-at-tfs-healthscience-4331154959?trk=public_jobs_topcard-title,2025-11-15 11:35:38,,,1
4336147026,Salesperson,"Human Factor | Innovation Consultancy



Company Description



Human Factor is a global human-centered innovation consultancy that helps organizations redesign systems, products, services, and brands around real human needs.



Combining design thinking, behavioral science, and lean creative engineering, we help companies solve complex challenges and create sustainable impact to drive business growth. Through transformation sprints, discovery initiatives, and co-creation workshops, we craft solutions grounded in empathy and evidence.



Headquartered in New York—with presence in Bogotá, Madrid, and Miami—we partner with Fortune 500 companies, startups, and social impact organizations to shape better futures for people, the planet, and profit.



⸻



Role Description: Commission Sales Associate (Remote - Madrid only)



We are looking for a Commission Sales Associate in Madrid to expand Human Factor’s client base and accelerate business growth. This is a remote contract role, with strong preference for candidates based in Madrid or with the ability to engage the Spanish/European market.



In this role, you will:

• Identify and qualify new potential clients aligned with Human Factor’s offerings

• Build strong, trust-based relationships with decision-makers across industries in innovation, strategy, digital, and CX

• Present Human Factor’s human-centered approach and tailored value propositions

• Create customized pitches, negotiate proposals, and support contract closure

• Work closely with internal teams to develop compelling, insight-driven proposals

• Drive revenue growth by meeting and exceeding sales targets



⸻



Qualifications



✔ Excellent communication and negotiation skills

✔ Ability to form long-term, strategic client relationships

✔ Experience in sales, business development, or partnerships

✔ Understanding of human-centered design, behavioral science, and innovation consulting

✔ Ability to assess client needs and propose tailored solutions

✔ Highly organized, proactive, and comfortable working remotely

✔ Familiarity with CRM tools and sales tracking platforms (plus)

✔ Previous experience in consulting, design, innovation, or business transformation (highly valued)

✔ Bachelor’s degree in Business, Marketing, Communications, or related field (preferred)



⸻



📩 How to Apply



Send your CV to info@humanfactordesign.co

Subject: Commission Sales Associate – Human Factor



Let’s build better futures together.",The Human Factor,https://www.linkedin.com/company/humanfactordesign?trk=public_jobs_topcard-org-name,https://es.linkedin.com/jobs/view/salesperson-at-the-human-factor-4336147026?trk=public_jobs_topcard-title,2025-11-15 11:25:26,Maria Camacho,https://www.linkedin.com/in/mariacamacho22,1
4331164994,Business Intelligence Analyst (6 month FTC),"- Build and maintain Power BI dashboards to support performance tracking and business insight
- Use SQL to access and analyse data from key business systems and sources
- Support development of MI frameworks used by the Executive Committee, CFO, and Head of Finance
- Collaborate with FP&A colleagues to surface key trends and opportunities
- Contribute to a culture that values experimentation, open dialogue, and continuous improvement

- Ability to demonstrate an understanding of the regulatory framework relevant to the role, whilst practising effective risk management taking account of outcomes for clients.
- Understand, follow and demonstrate compliance with all relevant internal and external rules, regulations and procedures that apply to the conduct of the business. Follow principles and rules of the Financial Conduct Authority (FCA) and the internal requirements set out in the Compliance Manual, local and Group Compliance and Risk policies.

- Proficiency in SQL and Power BI (including DAX and Power Query)
- Proficiency in Excel and Microsoft Office
- A curious mindset with a structured approach to exploring data and business problems
- Strong attention to detail and ability to spot patterns and trends
- Basic understanding of financial and commercial concepts (e.g. P&L, margin drivers)
- Comfortable communicating ideas clearly and working across functions (Front Office, Finance, Technology)

- Experience with Alteryx or Python would be desirable
- Exposure to financial services or similar data-driven sectors is desirable
- Understanding of Financial and Management Accounts
- Prior experience with Snowflake and/or Workday Adaptive is highly desirable",TrinityBridge,https://www.linkedin.com/company/trinitybridge-wm?trk=public_jobs_topcard-org-name,https://uk.linkedin.com/jobs/view/business-intelligence-analyst-6-month-ftc-at-trinitybridge-4331164994?trk=public_jobs_topcard-title,2025-11-15 12:30:31,Emily McCarthy,https://uk.linkedin.com/in/emily-mccarthy-2b9a02129,4
4340656308,"Handelsvertreter / Direktvertrieb (m/w/d) Vertrieb für nachhaltige, vegane Kosmetikprodukte","YOUCISION® - it’s your decision : Das erste Duschschaum-System, das Duschen wirklich individualisiert – vegan, nachhaltig, dermatologisch bestätigt und 100 % made in Germany .

Das Besondere: Kunden mischen ihren Duschschaum auf Knopfdruck – individuell nach Hautbedürfnis und Duft. – Zu jeder Zeit, an jedem Ort! Neben Endkunden erschließen wir attraktive Märkte wie Wellness, Fitness, Hotels, Apotheken bis hin zu Pflegeeinrichtungen.

Das Geschäftsmodell: Wiederkehrende Umsätze durch Kartuschen-Nachkäufe (hohes Lock-in-Potenzial). Das international patentierte System liegt voll im Trend von Individualisierung, Nachhaltigkeit und Gesundheit.

- Neukundengewinnung (B2B sowie B2C): Starter-Sets, Ingies und Pflegebooster
- Produktpräsentation beim Kunden – von der Erstvorstellung bis zum Abschluss
- Aufbau und Pflege eines loyalen Kundenstamms
- Produktvorführungen und Promotions zur Absatzsteigerung
- Markt- und Kundenfeedback aktiv aufnehmen und in den Verkaufsprozess einbringen

- Erfahrene freie Handelsvertreter:innen (nach §84 HGB) mit Gewerbenachweis
- Erfahrung im Direktvertrieb und/oder als Handelsvertreter
- Begeisterung für Beauty, Wellness, Lifestyle und nachhaltige Produkte
- Verkaufstalent mit Abschlussorientierung
- Eigenverantwortliche, strukturierte Arbeitsweise und Motivation, eine neue Marke aufzubauen
- idealerweise mit einem bestehenden Kundenstamm oder Zugang zu relevanten Absatzkanälen

- Attraktive Verdienstmöglichkeiten auf Provisionsbasis inkl. Nachbestellungen
- Innovatives, patentgeschütztes Produkt mit klaren USPs (vegan, familienfreundlich, individuell mischbar, nachhaltig, mild – auch als Face-Wash geeignet)
- Produktschulungen und Marketingunterstützung
- Exklusives Vertriebspotenzial in einem wachsenden Zukunftsmarkt

Sie möchten YOUCISION® in Ihr Portfolio aufnehmen? Dann senden Sie uns bitte Ihre aussagekräftige Bewerbung inkl.

- Gewerbenachweis
- Informationen zu Ihrem aktuellen Produktportfolio
- Zielgruppenfokus und Regionen
- Referenzen bzw. kurze Darstellung Ihrer Vertriebswege

YOUCISION® – Die Zukunft der Duschpflege beginnt jetzt. Werden Sie Teil dieser Bewegung.",Trinovado,https://de.linkedin.com/company/trinovado?trk=public_jobs_topcard-org-name,https://de.linkedin.com/jobs/view/handelsvertreter-direktvertrieb-m-w-d-vertrieb-f%C3%BCr-nachhaltige-vegane-kosmetikprodukte-at-trinovado-4340656308?trk=public_jobs_topcard-title,2025-11-15 09:16:07,,,1
4340586500,Full Stack Developer – SaaS & AI Platforms,"- Develop, maintain, and optimize SaaS and mobile applications using Laravel 12, Inertia, React 18, Tailwind, TypeScript, and Docker
- Collaborate with cross-functional teams to deliver robust and scalable solutions
- Participate in code reviews, testing, and continuous integration processes
- Ensure clean, maintainable, and well-documented code
- Integrate backend and frontend components for seamless user experiences
- Troubleshoot, debug, and resolve technical issues as they arise
- Contribute to the improvement of development workflows and best practices

- 2–5 years of experience with Laravel and React (Inertia/Vite)
- Strong understanding of backend-frontend integration and RESTful APIs
- Proficiency with GitHub workflows and version control
- Experience with Docker and modern development environments
- Excellent problem-solving skills and attention to detail
- Fluent English communication skills, both written and verbal
- Ability to work independently in a remote-first team
- Bonus: Experience with React Native or multi-tenant SaaS architectures",Twine,https://uk.linkedin.com/company/twine-net?trk=public_jobs_topcard-org-name,https://ch.linkedin.com/jobs/view/full-stack-developer-%E2%80%93-saas-ai-platforms-at-twine-4340586500?trk=public_jobs_topcard-title,2025-11-15 11:18:00,,,6
4340576532,Full Stack Developer – SaaS & AI Platforms,"- Develop, maintain, and optimize SaaS and mobile applications using Laravel 12, Inertia, React 18, Tailwind, TypeScript, and Docker
- Collaborate with cross-functional teams to deliver robust and scalable solutions
- Participate in code reviews, testing, and continuous integration processes
- Ensure clean, maintainable, and well-documented code
- Integrate backend and frontend components for seamless user experiences
- Troubleshoot, debug, and resolve technical issues as they arise
- Contribute to the improvement of development workflows and best practices

- 2–5 years of experience with Laravel and React (Inertia/Vite)
- Strong understanding of backend-frontend integration and RESTful APIs
- Proficiency with GitHub workflows and version control
- Experience with Docker and modern development environments
- Excellent problem-solving skills and attention to detail
- Fluent English communication skills, both written and verbal
- Ability to work independently in a remote-first team
- Bonus: Experience with React Native or multi-tenant SaaS architectures",Twine,https://uk.linkedin.com/company/twine-net?trk=public_jobs_topcard-org-name,https://uk.linkedin.com/jobs/view/full-stack-developer-%E2%80%93-saas-ai-platforms-at-twine-4340576532?trk=public_jobs_topcard-title,2025-11-15 11:30:28,,,6
4340696339,Application Developer – Remote,"- Develop, customize, and maintain applications using asp.net winforms and DevExpress components
- Support the migration of client data and systems within the insurance industry
- Collaborate with stakeholders to gather requirements and deliver tailored solutions
- Troubleshoot, debug, and optimize code for performance and reliability
- Document technical processes and contribute to knowledge sharing within the team
- Ensure deliverables meet quality standards and project timelines

- Proficient in asp.net winforms development
- Strong experience with Oracle databases and PL/SQL
- Hands-on expertise with DevExpress UI components
- Previous exposure to insurance industry projects is highly desirable
- Ability to work independently in a remote setting
- Excellent problem-solving and communication skills
- Availability for a single project with potential for long-term engagement",Twine,https://uk.linkedin.com/company/twine-net?trk=public_jobs_topcard-org-name,https://ch.linkedin.com/jobs/view/application-developer-%E2%80%93-remote-at-twine-4340696339?trk=public_jobs_topcard-title,2025-11-15 11:17:58,,,4
4340666505,Freelance Application Developer (Remote),"- Proven experience in application and web development, ideally with exposure to industrial automation or manufacturing environments
- Strong understanding of PLC, HMI, SCADA, and VFD systems integration with web and mobile applications
- Ability to communicate complex technical concepts clearly and effectively to engineering teams
- Experience mentoring or training others in a technical capacity
- Proficiency in relevant programming languages and frameworks (e.g., JavaScript, Python, .NET, React, Angular)
- Familiarity with cloud platforms and remote collaboration tools
- Availability for a short-term, remote engagement (up to one week)
- Strong problem-solving skills and a collaborative mindset",Twine,https://uk.linkedin.com/company/twine-net?trk=public_jobs_topcard-org-name,https://ch.linkedin.com/jobs/view/freelance-application-developer-remote-at-twine-4340666505?trk=public_jobs_topcard-title,2025-11-15 11:18:03,,,4
4340586497,Application Developer – Remote,"- Develop, customize, and maintain applications using asp.net winforms and DevExpress components
- Support the migration of client data and systems within the insurance industry
- Collaborate with stakeholders to gather requirements and deliver tailored solutions
- Troubleshoot, debug, and optimize code for performance and reliability
- Document technical processes and contribute to knowledge sharing within the team
- Ensure deliverables meet quality standards and project timelines

- Proficient in asp.net winforms development
- Strong experience with Oracle databases and PL/SQL
- Hands-on expertise with DevExpress UI components
- Previous exposure to insurance industry projects is highly desirable
- Ability to work independently in a remote setting
- Excellent problem-solving and communication skills
- Availability for a single project with potential for long-term engagement",Twine,https://uk.linkedin.com/company/twine-net?trk=public_jobs_topcard-org-name,https://uk.linkedin.com/jobs/view/application-developer-%E2%80%93-remote-at-twine-4340586497?trk=public_jobs_topcard-title,2025-11-15 11:30:25,,,4
4340856132,App Developer – Contract,"- Design, develop, and deploy a mobile application for infrastructure suppliers
- Integrate a secure payment gateway to facilitate seamless transactions
- Ensure the app is intuitive, reliable, and optimized for performance
- Collaborate with stakeholders to gather requirements and provide technical solutions
- Conduct thorough testing and debugging to ensure a smooth user experience
- Deliver the completed application within the agreed timeline

- Proven experience in mobile app development (iOS, Android, or cross-platform frameworks)
- Strong knowledge of payment gateway integration and secure transaction protocols
- Proficiency in relevant programming languages and development tools
- Ability to work independently and manage project deadlines remotely
- Excellent problem-solving and communication skills
- Experience with apps for B2B or supplier networks is a plus
- Availability to start immediately and commit to a one-month delivery schedule",Twine,https://uk.linkedin.com/company/twine-net?trk=public_jobs_topcard-org-name,https://ch.linkedin.com/jobs/view/app-developer-%E2%80%93-contract-at-twine-4340856132?trk=public_jobs_topcard-title,2025-11-15 11:18:05,,,3
4340696344,App Developer – Contract,"- Design, develop, and deploy a mobile application for infrastructure suppliers
- Integrate a secure payment gateway to facilitate seamless transactions
- Ensure the app is intuitive, reliable, and optimized for performance
- Collaborate with stakeholders to gather requirements and provide technical solutions
- Conduct thorough testing and debugging to ensure a smooth user experience
- Deliver the completed application within the agreed timeline

- Proven experience in mobile app development (iOS, Android, or cross-platform frameworks)
- Strong knowledge of payment gateway integration and secure transaction protocols
- Proficiency in relevant programming languages and development tools
- Ability to work independently and manage project deadlines remotely
- Excellent problem-solving and communication skills
- Experience with apps for B2B or supplier networks is a plus
- Availability to start immediately and commit to a one-month delivery schedule",Twine,https://uk.linkedin.com/company/twine-net?trk=public_jobs_topcard-org-name,https://uk.linkedin.com/jobs/view/app-developer-%E2%80%93-contract-at-twine-4340696344?trk=public_jobs_topcard-title,2025-11-15 11:30:37,,,2
4340816060,Freelance Application Developer (Remote),"- Proven experience in application and web development, ideally with exposure to industrial automation or manufacturing environments
- Strong understanding of PLC, HMI, SCADA, and VFD systems integration with web and mobile applications
- Ability to communicate complex technical concepts clearly and effectively to engineering teams
- Experience mentoring or training others in a technical capacity
- Proficiency in relevant programming languages and frameworks (e.g., JavaScript, Python, .NET, React, Angular)
- Familiarity with cloud platforms and remote collaboration tools
- Availability for a short-term, remote engagement (up to one week)
- Strong problem-solving skills and a collaborative mindset",Twine,https://uk.linkedin.com/company/twine-net?trk=public_jobs_topcard-org-name,https://uk.linkedin.com/jobs/view/freelance-application-developer-remote-at-twine-4340816060?trk=public_jobs_topcard-title,2025-11-15 11:30:40,,,2
4340686291,Game Animator – Remote,"- Create and refine 2D character animations using Spine, including lip sync and walk cycles
- Work with existing Spine files and develop new animation assets as needed
- Review and interpret project requirements, referencing provided demo materials
- Ensure all animations meet quality standards and project specifications
- Collaborate remotely, maintaining clear communication and timely delivery of assets
- Adapt to feedback and iterate on animations to achieve desired results

- Proven expertise in Spine 2D animation, with a strong portfolio demonstrating relevant work
- Proficiency in creating character animations, including lip sync and walk cycles
- Experience working with both new and existing Spine files
- Strong attention to detail and ability to follow project guidelines
- Excellent communication skills and ability to work independently in a remote setting
- Reliable access to the Spine application and necessary hardware
- Flexible availability to accommodate project needs",Twine,https://uk.linkedin.com/company/twine-net?trk=public_jobs_topcard-org-name,https://ch.linkedin.com/jobs/view/game-animator-%E2%80%93-remote-at-twine-4340686291?trk=public_jobs_topcard-title,2025-11-15 11:18:07,,,1
4340596504,Freelance Video Editor Needed,"- Edit and assemble mobile video clips from employees across multiple countries
- Source and integrate appropriate stock footage in line with the approved storyline
- Collaborate with the project coordinator to ensure the video aligns with the intended narrative and tone
- Apply creative editing techniques to enhance storytelling while maintaining an authentic, genuine feel
- Manage project timelines to ensure delivery by the end of November 2025
- Incorporate feedback and revisions as needed to achieve the desired final result

- Proven experience in video editing, preferably for corporate or internal communications projects
- Proficiency with industry-standard video editing software (e.g., Adobe Premiere Pro, Final Cut Pro)
- Strong sense of narrative structure and visual storytelling
- Ability to source and license stock footage as required
- Excellent attention to detail and commitment to producing high-quality work
- Strong communication skills and ability to collaborate remotely
- Ability to work independently and manage deadlines effectively
- Availability to start promptly and commit to project completion within the specified timeline",Twine,https://uk.linkedin.com/company/twine-net?trk=public_jobs_topcard-org-name,https://ch.linkedin.com/jobs/view/freelance-video-editor-needed-at-twine-4340596504?trk=public_jobs_topcard-title,2025-11-15 11:18:11,,,1
4340626637,Video Editor Needed - Freelance,"- Edit 55–60 Instagram Reels and Stories per month, ensuring timely delivery and adherence to brand standards
- Transform raw footage into engaging, fast-paced short-form content using trending transitions, effects, and sound design
- Apply color correction and basic motion graphics as needed
- Export videos in vertical format optimized for Instagram
- Collaborate regularly with the team for feedback and revisions

- Proven experience editing short-form video content for Instagram, TikTok, or similar platforms
- Proficiency in Adobe Premiere Pro; knowledge of After Effects and basic motion graphics is a plus
- Strong understanding of current social media trends and viral video formats
- Ability to manage a high-volume workload and meet tight deadlines
- Excellent communication skills and responsiveness to feedback
- Experience with UAE and GCC markets is advantageous
- Reliable internet connection and availability for remote collaboration",Twine,https://uk.linkedin.com/company/twine-net?trk=public_jobs_topcard-org-name,https://ch.linkedin.com/jobs/view/video-editor-needed-freelance-at-twine-4340626637?trk=public_jobs_topcard-title,2025-11-15 11:18:13,,,1
4340666506,Graphic Designer - Freelance,"- Design and produce a variety of collateral materials, such as brochures, flyers, posters, and digital assets.
- Collaborate with the director to discuss design concepts, review examples, and refine creative direction.
- Ensure all deliverables align with brand guidelines and project requirements.
- Prepare final artwork files for print and digital distribution.
- Meet the project deadline and provide revisions as needed.

- Proficiency in graphic design software, including Adobe Creative Suite (Illustrator, Photoshop, InDesign).
- Strong portfolio showcasing collateral and print design work.
- Ability to work independently and communicate effectively in a remote setting.
- Creative mindset with attention to detail and a strong sense of visual composition.
- Availability to work part-time on a contract basis, with flexibility to accommodate feedback and revisions.
- Reliable internet connection and ability to meet deadlines.",Twine,https://uk.linkedin.com/company/twine-net?trk=public_jobs_topcard-org-name,https://ch.linkedin.com/jobs/view/graphic-designer-freelance-at-twine-4340666506?trk=public_jobs_topcard-title,2025-11-15 11:18:18,,,1
4340826165,Architectural Illustrator Needed,"- Proven experience in architectural illustration or related fields
- Strong portfolio demonstrating architectural or building project illustrations
- Proficiency in digital illustration tools such as Adobe Photoshop, Illustrator, or similar software
- Ability to interpret architectural plans and translate them into visually appealing images
- Excellent attention to detail and accuracy in representing structures
- Strong communication skills for remote collaboration
- Ability to deliver high-quality work within tight deadlines
- Based in the United Kingdom preferred, but remote applicants will be considered
- Availability to start immediately and complete the project within 1–2 days",Twine,https://uk.linkedin.com/company/twine-net?trk=public_jobs_topcard-org-name,https://ch.linkedin.com/jobs/view/architectural-illustrator-needed-at-twine-4340826165?trk=public_jobs_topcard-title,2025-11-15 11:18:45,,,1
4340549996,Video Editor – Freelance Project,"- Proven experience in professional video editing, especially for corporate and event content
- Advanced proficiency in Adobe Premiere Pro; familiarity with Adobe After Effects is a plus
- Strong sense of visual storytelling, structure, pacing, color correction, and audio editing
- Ability to follow detailed instructions and deliver consistent, high-quality results
- Reliable, deadline-driven, and able to work independently
- Access to a laptop and high-speed internet connection for remote work
- Willingness to use a provided virtual machine for editing tasks
- Availability for freelance work with the potential for full-time employment after six months",Twine,https://uk.linkedin.com/company/twine-net?trk=public_jobs_topcard-org-name,https://ch.linkedin.com/jobs/view/video-editor-%E2%80%93-freelance-project-at-twine-4340549996?trk=public_jobs_topcard-title,2025-11-15 11:18:55,,,1
4340806160,Freelance Graphic Designer – Branding & Packaging,"- Refined and modernized logo in vector format, maintaining brand essence
- Complete brand color palette and official typography selection
- Packaging designs for concealer, blush, and lip gloss, with digital mockups
- Subtle graphic elements to enhance brand identity
- Basic brand identity manual outlining usage guidelines
- All assets optimized for digital and print applications

- Proven experience in branding and packaging design, preferably in the beauty or lifestyle sector
- Strong portfolio demonstrating minimalist, elegant design sensibility
- Proficiency in Adobe Creative Suite (Illustrator, Photoshop, InDesign)
- Ability to create digital mockups suitable for e-commerce and photography
- Understanding of materials and finishes for premium packaging (glass, acrylic, metallic)
- Excellent communication skills and ability to interpret creative direction
- Availability for project-based work with potential for future collaboration
- Attention to detail and commitment to delivering high-quality, versatile assets",Twine,https://uk.linkedin.com/company/twine-net?trk=public_jobs_topcard-org-name,https://ch.linkedin.com/jobs/view/freelance-graphic-designer-%E2%80%93-branding-packaging-at-twine-4340806160?trk=public_jobs_topcard-title,2025-11-15 11:19:04,,,1
4340626640,Content Creator – Contract,"- Develop and implement a content calendar for Instagram and TikTok, tailored to dental topics and patient interests
- Create original posts, stories, and short-form videos that educate, inform, and engage the audience
- Optimize social media profiles for maximum reach and discoverability
- Monitor analytics to track growth, engagement, and campaign effectiveness
- Collaborate with the dentist to ensure content aligns with professional goals and brand voice
- Respond to comments and messages to foster community engagement

- Proven experience in social media content creation, preferably within healthcare, dental, or wellness sectors
- Strong understanding of Instagram and TikTok algorithms, trends, and best practices
- Ability to generate creative ideas for posts, campaigns, and audience engagement
- Proficiency in video editing and graphic design tools (e.g., Canva, Adobe Creative Suite, CapCut)
- Excellent written and verbal communication skills
- Knowledge of HIPAA and patient privacy considerations in social media marketing
- Self-motivated, organized, and able to work independently with minimal supervision
- Availability for ongoing collaboration and timely content delivery",Twine,https://uk.linkedin.com/company/twine-net?trk=public_jobs_topcard-org-name,https://ch.linkedin.com/jobs/view/content-creator-%E2%80%93-contract-at-twine-4340626640?trk=public_jobs_topcard-title,2025-11-15 11:19:08,,,1
4340616428,Freelance Animator – Anime,"- Demonstrated experience or strong portfolio in anime-style animation
- Proficiency with animation software such as Adobe Animate, Toon Boom, or similar tools
- Ability to interpret creative briefs and adapt to evolving project requirements
- Strong communication skills for remote collaboration
- Self-motivated and able to manage time effectively
- Open to feedback and iterative creative processes
- No specific location requirements; remote work is expected
- Availability to discuss project details and adjust to flexible timelines",Twine,https://uk.linkedin.com/company/twine-net?trk=public_jobs_topcard-org-name,https://ch.linkedin.com/jobs/view/freelance-animator-%E2%80%93-anime-at-twine-4340616428?trk=public_jobs_topcard-title,2025-11-15 11:19:18,,,1
4340806156,Freelance Video Editor,"- Edit 10–14 short-form videos per day from TikTok Live recordings
- Apply subtitles, text highlights, on-screen labels, and audio cues using provided templates
- Ensure all videos adhere to the established visual style and guidelines
- Format all content in 9:16 aspect ratio for TikTok and Instagram Reels
- Submit completed videos daily and implement revisions promptly as requested

- Proficiency in video editing software (e.g., Adobe Premiere Pro, Final Cut Pro, or equivalent)
- Strong command of Bahasa Malaysia, with the ability to edit and subtitle content accurately
- Experience editing short-form social media videos, especially for TikTok and Instagram Reels
- Ability to follow detailed style guides and maintain visual consistency
- Excellent attention to detail and time management skills to meet daily deadlines
- Reliable internet connection and capacity to work remotely
- Familiarity with political or civic education content is a plus",Twine,https://uk.linkedin.com/company/twine-net?trk=public_jobs_topcard-org-name,https://ch.linkedin.com/jobs/view/freelance-video-editor-at-twine-4340806156?trk=public_jobs_topcard-title,2025-11-15 11:20:17,,,1
4340816061,Video Editor Needed - Freelance,"- Edit 55–60 Instagram Reels and Stories per month, ensuring timely delivery and adherence to brand standards
- Transform raw footage into engaging, fast-paced short-form content using trending transitions, effects, and sound design
- Apply color correction and basic motion graphics as needed
- Export videos in vertical format optimized for Instagram
- Collaborate regularly with the team for feedback and revisions

- Proven experience editing short-form video content for Instagram, TikTok, or similar platforms
- Proficiency in Adobe Premiere Pro; knowledge of After Effects and basic motion graphics is a plus
- Strong understanding of current social media trends and viral video formats
- Ability to manage a high-volume workload and meet tight deadlines
- Excellent communication skills and responsiveness to feedback
- Experience with UAE and GCC markets is advantageous
- Reliable internet connection and availability for remote collaboration",Twine,https://uk.linkedin.com/company/twine-net?trk=public_jobs_topcard-org-name,https://uk.linkedin.com/jobs/view/video-editor-needed-freelance-at-twine-4340816061?trk=public_jobs_topcard-title,2025-11-15 11:31:21,,,1
4340596502,Architectural Illustrator Needed,"- Proven experience in architectural illustration or related fields
- Strong portfolio demonstrating architectural or building project illustrations
- Proficiency in digital illustration tools such as Adobe Photoshop, Illustrator, or similar software
- Ability to interpret architectural plans and translate them into visually appealing images
- Excellent attention to detail and accuracy in representing structures
- Strong communication skills for remote collaboration
- Ability to deliver high-quality work within tight deadlines
- Based in the United Kingdom preferred, but remote applicants will be considered
- Availability to start immediately and complete the project within 1–2 days",Twine,https://uk.linkedin.com/company/twine-net?trk=public_jobs_topcard-org-name,https://uk.linkedin.com/jobs/view/architectural-illustrator-needed-at-twine-4340596502?trk=public_jobs_topcard-title,2025-11-15 11:31:28,,,1
4340616425,Graphic Designer - Freelance,"- Design and produce a variety of collateral materials, such as brochures, flyers, posters, and digital assets.
- Collaborate with the director to discuss design concepts, review examples, and refine creative direction.
- Ensure all deliverables align with brand guidelines and project requirements.
- Prepare final artwork files for print and digital distribution.
- Meet the project deadline and provide revisions as needed.

- Proficiency in graphic design software, including Adobe Creative Suite (Illustrator, Photoshop, InDesign).
- Strong portfolio showcasing collateral and print design work.
- Ability to work independently and communicate effectively in a remote setting.
- Creative mindset with attention to detail and a strong sense of visual composition.
- Availability to work part-time on a contract basis, with flexibility to accommodate feedback and revisions.
- Reliable internet connection and ability to meet deadlines.",Twine,https://uk.linkedin.com/company/twine-net?trk=public_jobs_topcard-org-name,https://uk.linkedin.com/jobs/view/graphic-designer-freelance-at-twine-4340616425?trk=public_jobs_topcard-title,2025-11-15 11:31:30,,,1
4340676311,Freelance Graphic Designer – Branding & Packaging,"- Refined and modernized logo in vector format, maintaining brand essence
- Complete brand color palette and official typography selection
- Packaging designs for concealer, blush, and lip gloss, with digital mockups
- Subtle graphic elements to enhance brand identity
- Basic brand identity manual outlining usage guidelines
- All assets optimized for digital and print applications

- Proven experience in branding and packaging design, preferably in the beauty or lifestyle sector
- Strong portfolio demonstrating minimalist, elegant design sensibility
- Proficiency in Adobe Creative Suite (Illustrator, Photoshop, InDesign)
- Ability to create digital mockups suitable for e-commerce and photography
- Understanding of materials and finishes for premium packaging (glass, acrylic, metallic)
- Excellent communication skills and ability to interpret creative direction
- Availability for project-based work with potential for future collaboration
- Attention to detail and commitment to delivering high-quality, versatile assets",Twine,https://uk.linkedin.com/company/twine-net?trk=public_jobs_topcard-org-name,https://uk.linkedin.com/jobs/view/freelance-graphic-designer-%E2%80%93-branding-packaging-at-twine-4340676311?trk=public_jobs_topcard-title,2025-11-15 11:31:35,,,1
4340806157,Content Creator – Contract,"- Develop and implement a content calendar for Instagram and TikTok, tailored to dental topics and patient interests
- Create original posts, stories, and short-form videos that educate, inform, and engage the audience
- Optimize social media profiles for maximum reach and discoverability
- Monitor analytics to track growth, engagement, and campaign effectiveness
- Collaborate with the dentist to ensure content aligns with professional goals and brand voice
- Respond to comments and messages to foster community engagement

- Proven experience in social media content creation, preferably within healthcare, dental, or wellness sectors
- Strong understanding of Instagram and TikTok algorithms, trends, and best practices
- Ability to generate creative ideas for posts, campaigns, and audience engagement
- Proficiency in video editing and graphic design tools (e.g., Canva, Adobe Creative Suite, CapCut)
- Excellent written and verbal communication skills
- Knowledge of HIPAA and patient privacy considerations in social media marketing
- Self-motivated, organized, and able to work independently with minimal supervision
- Availability for ongoing collaboration and timely content delivery",Twine,https://uk.linkedin.com/company/twine-net?trk=public_jobs_topcard-org-name,https://uk.linkedin.com/jobs/view/content-creator-%E2%80%93-contract-at-twine-4340806157?trk=public_jobs_topcard-title,2025-11-15 11:31:42,,,1
4340636530,Video Editor – Freelance Project,"- Proven experience in professional video editing, especially for corporate and event content
- Advanced proficiency in Adobe Premiere Pro; familiarity with Adobe After Effects is a plus
- Strong sense of visual storytelling, structure, pacing, color correction, and audio editing
- Ability to follow detailed instructions and deliver consistent, high-quality results
- Reliable, deadline-driven, and able to work independently
- Access to a laptop and high-speed internet connection for remote work
- Willingness to use a provided virtual machine for editing tasks
- Availability for freelance work with the potential for full-time employment after six months",Twine,https://uk.linkedin.com/company/twine-net?trk=public_jobs_topcard-org-name,https://uk.linkedin.com/jobs/view/video-editor-%E2%80%93-freelance-project-at-twine-4340636530?trk=public_jobs_topcard-title,2025-11-15 11:31:45,,,1
4340836112,Freelance Video Editor Needed,"- Edit and assemble mobile video clips from employees across multiple countries
- Source and integrate appropriate stock footage in line with the approved storyline
- Collaborate with the project coordinator to ensure the video aligns with the intended narrative and tone
- Apply creative editing techniques to enhance storytelling while maintaining an authentic, genuine feel
- Manage project timelines to ensure delivery by the end of November 2025
- Incorporate feedback and revisions as needed to achieve the desired final result

- Proven experience in video editing, preferably for corporate or internal communications projects
- Proficiency with industry-standard video editing software (e.g., Adobe Premiere Pro, Final Cut Pro)
- Strong sense of narrative structure and visual storytelling
- Ability to source and license stock footage as required
- Excellent attention to detail and commitment to producing high-quality work
- Strong communication skills and ability to collaborate remotely
- Ability to work independently and manage deadlines effectively
- Availability to start promptly and commit to project completion within the specified timeline",Twine,https://uk.linkedin.com/company/twine-net?trk=public_jobs_topcard-org-name,https://uk.linkedin.com/jobs/view/freelance-video-editor-needed-at-twine-4340836112?trk=public_jobs_topcard-title,2025-11-15 11:33:07,,,1
4340656562,Freelance Video Editor,"- Edit 10–14 short-form videos per day from TikTok Live recordings
- Apply subtitles, text highlights, on-screen labels, and audio cues using provided templates
- Ensure all videos adhere to the established visual style and guidelines
- Format all content in 9:16 aspect ratio for TikTok and Instagram Reels
- Submit completed videos daily and implement revisions promptly as requested

- Proficiency in video editing software (e.g., Adobe Premiere Pro, Final Cut Pro, or equivalent)
- Strong command of Bahasa Malaysia, with the ability to edit and subtitle content accurately
- Experience editing short-form social media videos, especially for TikTok and Instagram Reels
- Ability to follow detailed style guides and maintain visual consistency
- Excellent attention to detail and time management skills to meet daily deadlines
- Reliable internet connection and capacity to work remotely
- Familiarity with political or civic education content is a plus",Twine,https://uk.linkedin.com/company/twine-net?trk=public_jobs_topcard-org-name,https://uk.linkedin.com/jobs/view/freelance-video-editor-at-twine-4340656562?trk=public_jobs_topcard-title,2025-11-15 11:33:09,,,1
4340695674,"Mutterspr. Ital. Engl. Deutsch und Franz. Lehrkräfte (m/w/d) im Homeoffice gesucht, Standort: weltweit abrufbar / Native Ital. English, German and French language online teachers (m/f/d) wanted in hom","Woospeak ist ein international ausgerichteter Anbieter für online basierte Schulungen. Wir suchen zum nächstmöglichen Zeitpunkt weltweit muttersprachliche Englisch - und Deutsch als Fremdsprache - Lehrkräfte (m/w/d) (09 Uhr bis 18 Uhr deutsche Zeit ) im Homeoffice.

Woospeak is an international online training provider. We are looking worldwide for native English and German as a foreign language teachers (m/f/x)

Working times: from 09am to 18pm (German time)

Sie lieben den Umgang mit Menschen und zeichnen sich durch exzellente Kommunikationsfähigkeit, große Freundlichkeit und erstklassige Umgangsformen aus.

Aufgabenbereiche: Zu Ihren Aufgaben im Homeoffice gehören die Durchführung von remote Fremdsprachen - Trainings im Einzelunterricht. Unser internationales Team unterstützt Sie hier in allen Fragen.

English Version:

You love dealing with people and are characterised by

excellent communication skills, great friendliness and first-class

manners.

Areas of responsibility: Your tasks in the home office include

Conducting remote foreign language training in individual lessons. Our international team will support you in all matters.

Unsere Anforderungen:

· Nur englische oder deutsche native speaker (m/w/d) werden berücksichtigt.

· Bitte bewerben Sie sich nur wenn Sie einen freiberuflichen Status nachweisen können

· Betrifft englisch teacher: Gute Kenntnisse der deutschen Sprache sind von Vorteil jedoch keine Bedingung.

· Mindestens 1-2 Jahre Erfahrung

· Selbstständiges Arbeiten;

· Gute EDV-Kenntnisse (MS-Office, Outlook, Word, Excel)

Technische Voraussetzung:

Ein leistungsfähiger Computer mit einer schnellen Internetverbindung von mindestens 50 MB im Download und 15 MB im Upload.

Ein Headset mit Mikrofon.

Es sollte gewährleistet sein dass Sie TEAMS - und WebEx Webinare mit Einsatz einer Videokamera durchführen können.

Our requirements:

- Only English or German native speakers (m/f/d) will be considered.

- Please apply only if you can prove your freelance status.

- Concerning English teacher: Good knowledge of German is an advantage but not a requirement.

- At least 1-2 years of experience

- Independent work;

- Good computer skills (MS Office, Outlook, Word, Excel).

Technical requirement:

A powerful computer with a fast internet connection of at least 50 MB in download and 15 MB in upload. A headset with microphone.

It should be ensured that you can conduct TEAMS and WebEx webinars with the use of a video camera.

Mobiles Arbeiten in einem internationalen Team/Mobile work in an international team.

Wir freuen uns auf Ihre Bewerbung/We look forward to your application",Woospeak,https://fr.linkedin.com/company/woospeak?trk=public_jobs_topcard-org-name,https://de.linkedin.com/jobs/view/mutterspr-ital-engl-deutsch-und-franz-lehrkr%C3%A4fte-m-w-d-im-homeoffice-gesucht-standort-weltweit-abrufbar-native-ital-english-german-and-french-language-online-teachers-m-f-d-wanted-in-hom-at-woospeak-4340695674?trk=public_jobs_topcard-title,2025-11-15 06:14:53,,,1
4340635834,"Freiberufliche Assistenz (m/w/d) in: Osteuropa, Portugal,  Marokko, Algerien, Indien, im Homeoffice gesucht. Hinweis: Bewerber*innen aus Deutschland werden leider nicht berücksichtigt, vielen Dank für","Woospeak ist ein international ausgerichteter Anbieter für online basierte Schulungen. Wir suchen in Osteuropa, Marokko, Algerien, Indien, Portugal, Spanien zum nächstmöglichen Zeitpunkt eine freiberufliche Assistenz (m/w/d) in Vollzeit (08 Uhr bis 17 Uhr deutsche Zeit ) im Homeoffice.

Hinweis: Bewerber*innen aus Deutschland werden leider nicht berücksichtigt.

Bitte bewerben Sie sich nur, wenn Sie in einem der oben angegebenen Länder gemeldet sind und wenn Sie einen freiberuflichen Status nachweisen können. Der Zeitunterschied zur Deutschen Zeit sollte nicht größer als 3 Stunden sein.

Sehr gute Deutsch und Englischkenntnisse werden vorausgesetzt.

Zu Ihren Aufgaben im Homeoffice gehören die Organisation von remote Kursen, telefonische und schriftliche Kommunikation in Deutsch und Englisch mit unseren internationalen Teilnehmenden und die Unterstützung bei der Büroorganisation.

Sehr gute EDV-Kenntnisse werden vorausgesetzt (MS-Office Outlook, Word, Excel)

Sie lieben den Umgang mit Menschen und zeichnen sich durch exzellente Kommunikationsfähigkeit, große Freundlichkeit und erstklassige Umgangsformen aus. Sie sind ein Organisationstalent und arbeiten sehr genau.

Unsere Anforderungen:

- Sehr gute Kenntnisse der deutschen und englischen Sprache in Wort und Schrift;
- Erste Erfahrungen als Assistenz
- Sehr gute EDV-Kenntnisse (MS-Office Outlook, Word, Excel)
- Organisations-und Koordinationstalent; selbstständiges Arbeiten;
- Technische Voraussetzung:
- Ein leistungsfähiger Computer (Windows und MS Office ab
- Eine schnelle Internetverbindung von mindestens 30 MB im Download und 15 MB im Upload.
- Ein Headset mit Mikrofon.
- Es sollte gewährleistet sein, dass Sie TEAMS - und WebEx Webinare mit Einsatz einer Videokamera durchführen können.

Ihr Standort im Homeoffice: Weltweit möglich, wenn die technischen Voraussetzungen stimmen und wenn der Zeitunterschied zur deutschen Zeit nicht größer als 3 Stunden ist.

Wir bieten Ihnen die Mitarbeit in einem internationalen Team an.

Das Honorar richtet sich nach den ortsüblichen Tarifen in Ihrem Land und wird in EUR ausbezahlt. Arbeitszeiten: Vollzeit ab 08 Uhr bis 17 Uhr (deutsche Zeit ) im Homeoffice.

Wenn Sie sich in der Beschreibung als Assistent*in wiedererkannt haben, freuen wir uns auf Ihre aussagekräftigen und vollständigen Bewerbungsunterlagen mit dem Hinweis zum frühestmöglichen Eintrittstermin. Bitte notieren Sie dass Bewerber*innen aus Deutschland aktuell leider nicht berücksichtigt werden. Vielen Dank für Ihr Verständnis.",Woospeak,https://fr.linkedin.com/company/woospeak?trk=public_jobs_topcard-org-name,https://de.linkedin.com/jobs/view/freiberufliche-assistenz-m-w-d-in-osteuropa-portugal-marokko-algerien-indien-im-homeoffice-gesucht-hinweis-bewerber-innen-aus-deutschland-werden-leider-nicht-ber%C3%BCcksichtigt-vielen-dank-f%C3%BCr-at-woospeak-4340635834?trk=public_jobs_topcard-title,2025-11-15 06:15:53,,,1
4299346570,Communications Specialist  (1 year contract),"- Partners with Regional Communications Leads to translate the EMEA & APAC communications strategy into clear, actionable plans fully aligned to ZB’s strategy
- Ensures all communications reinforce ZB’s Mission, strategy, values, and culture commitments, for team members and stakeholders across the two regions
- Keeps projects moving by proactively spotting gaps, anticipating needs, and flagging opportunities for stronger engagement

- Creates engaging, high-quality and audience focused content for newsletters, Viva Engage, video, and other channels, ensuring each connects back to 4-3-3
- Crafts leadership messages, manager toolkits, and campaign materials with a strong focus on quality and tone
- Increases the use of visual storytelling and video to boost team member engagement

- Contributes to strategy, and coordinates and answers media enquiries in line with ZB’s strategy and procedures, protecting and enhancing ZB’s brand reputation
- Identifies opportunities for proactive outreach that support business objectives and showcase country and regional successes

- Supports the development and delivery of communication toolkits, talking points, and guides for managers and team members
- Supports in facilitating training sessions to help leaders and teams communicate effectively, especially during change initiatives

- Tracks communications performance using agreed KPIs and suggests improvements to channels and formats
- Stays alert to new tools, trends, and approaches that could make communications more engaging and effective
- Establishes and nurtures strong relationships with internal and external stakeholders.
- Actively seeks opportunities to connect individuals across and within divisions to enhance communication efficiency

- Helps develop messaging, FAQs, and presentations for transformation projects, restructuring, and other major business changes
- Work closely with the Regional Communication Leads and other functional leaders to prepare and deliver clear, consistent messages during sensitive situations

- Passion for language and messaging, ability to “translate” complex subject matters into comprehensive language
- Strong organizational skills, ability to work in a structured manner and to build processes for continuous effectiveness and efficiency improvements
- Strong networking abilities, also in virtual teams
- Ability to work remotely and self-motivated while maintaining highest levels of effectiveness

- Commercial education on BA level, preferably in communication/publishing/journalism

- 3 - 5 years of practical experience in communications, including administration process work, either in an agency, within the industry or a services enterprise
- Experience in the healthcare sector is a plus

- Excellent writing skills, editorial skills and a talent for messaging/working with language
- Highly proficient with Microsoft office package (Word, Excel, PowerPoint) and Viva Engage
- Experience with content management systems and digital publishing tools
- Experience with design / layout creation is a plus

- Fluency in English (written and oral), other languages are a plus",Zimmer Biomet,https://www.linkedin.com/company/zimmerbiomet?trk=public_jobs_topcard-org-name,https://nl.linkedin.com/jobs/view/communications-specialist-1-year-contract-at-zimmer-biomet-4299346570?trk=public_jobs_topcard-title,2025-11-15 13:29:37,,,1
