id,job title,description,company name,company linkedin url,job url,upload date,hiring manager name,hiring manager linkedin url,fit
4338390940,SAP QM - FULL REMOTE,"FULL-REMOTE



Required:-

- SAP QM (Quality Management).
- SAP QM, including integration with MM batch management.
- SAP module QM, including quality planning, quality inspection.
- SAP consulting/implementation or support management.

",247 GLOBAL RECRUIT,https://uk.linkedin.com/company/247globalrecruit?trk=public_jobs_topcard-org-name,https://de.linkedin.com/jobs/view/sap-qm-full-remote-at-247-global-recruit-4338390940?trk=public_jobs_topcard-title,2025-11-21 00:18:56,,,1
4337207679,Azure Data Architect (Contract) Location: UK – Remote Rate: £400/day | Outside IR35,"Location: UK – Remote

Rate: £400/day | Outside IR35



Job Description:

Hiring an Azure Data Architect with proven hands-on experience in designing enterprise data platforms and modern cloud data solutions on Azure. Involves architecture design, governance, performance optimisation, and data integration.

Key Skills:

- Expertise in Azure Data Factory, Data Lake, Databricks, Synapse Analytics
- Strong understanding of Delta Lake, Medallion architecture & ETL/ELT pipelines
- SQL, Python, Spark, data modelling & optimisation
- Azure security, networking, role-based access & monitoring
- Cloud migration experience and designing large-scale data platforms

",9NEXUS,https://uk.linkedin.com/company/9nexus?trk=public_jobs_topcard-org-name,https://uk.linkedin.com/jobs/view/azure-data-architect-contract-location-uk-%E2%80%93-remote-rate-%C2%A3400-day-outside-ir35-at-9nexus-4337207679?trk=public_jobs_topcard-title,2025-11-20 15:41:57,Sebanti Ghosh,https://in.linkedin.com/in/sebanti-ghosh-5a1302158,8
4341864361,Freelance Senior Associate Designer,"- Design Director
- Project Manager

- Lead the production of design drafts and mock-ups, engaging in collaborative design solutions to complex problems
- Work closely with creative support specialists, creative project managers, and the director of design to develop consistent, engaging, and timely deliverables for various platforms including marketing emails, social content, presentations, and web layouts. + Branding Projects.
- Adhere to style standards based on client style guides and/or branding
- Participate in agency team meetings, professional development check-ins, design team meetings, and other internal meetings as needed
- Maintain a high level of organization for print and digital files and materials

- Passion for design and creative problem solving
- Strong motivation, decisiveness, efficiency, and dedication
- Ability to work within a team and independently on multiple projects with tight deadlines
- Broad range of design skills to work across e-commerce and digital marketing platforms
- Ability to think and execute quickly in a fast-paced environment while maintaining attention to detail and incorporating feedback
- Strong organizational skills
- Excellent verbal, written, and interpersonal skills
- Photo editing and retouching skills required
- Video editing skills are a plus
- Illustration skills are a plus
- Web development experience is a plus

- Bachelor's degree required or equivalent work experience
- Minimum of four years of brand or agency design experience, and brand strategy.
- Online portfolio and samples of work must be provided
- Native/Fluent in English
- Able to work EST business hours
- Comfortable in a Mac-based environment
- Proficiency with Figma required
- Advanced proficiency with Adobe Photoshop, Adobe InDesign, Adobe Illustrator, and Keynote required
- Understanding of branding, typography, and social media
- Strict attention to detail

- Opportunity to have a real impact in a high-growth company
- Responsibility from day one and professional and personal growth
- Great work environment with a young, international team of talented people to work with!
- Working with top companies in the US and Europe",Act Second,https://www.linkedin.com/company/actsecond?trk=public_jobs_topcard-org-name,https://es.linkedin.com/jobs/view/freelance-senior-associate-designer-at-act-second-4341864361?trk=public_jobs_topcard-title,2025-11-20 19:30:44,,,1
4347003277,FootJoy Shoe Fitting Specialist,"FootJoy söker Shoe Fittingspecialister inför säsongen 2026



Vill du arbeta med ett av golfens främsta varumärke?

Världens främsta golfspelare förlitar sig på FootJoy, #1 Shoe in Golf. Nu söker vi dig som vill vara en del av teamet och leverera en högklassig kundupplevelse genom våra unika FJ FitLAB-events.



Bli en del av vårt Fitting-team inom Shoe Fitting. Som dedikerad golfare får du möjlighet att representera ett av golfbranschens största och ledande företag. Du kommer att vara FootJoys ansiktet utåt gentemot golfare och återförsäljare och den som står för produktkunskap och kompetens.



Vad är FJ FitLAB?

FootJoy i Norden är en av få regioner i världen som erbjuder FJ FitLAB-events, som är en utprovningsprocess som innefattar en 3D-analys med hjälp utav en skanner för att hitta rätt passform på golfskorna. Utifrån resultatet matchas golfspelarens värden och golfarens personliga preferenserna mot FootJoys breda sortiment av perfomance-skor för golf, som vår Fitting-specialist har med sig.



I rollen som Fitting-specialist kommer du att:

· Genomföra FitLAB-events på golfklubbar av promotion-karaktär.

· Genomföra event och produktutbildningar för konsument.

· Säkerställa kompetens för våra produkter under utbildningar för återförsäljare.

· Stötta våra partners i försäljningen av produkter i samband med eventen

· Skapa kontakt med våra återförsäljare, administrerar och boka upp dina event i samråd med ansvarig säljare på distriktet.

· Representera varumärket FootJoy på ett professionellt sätt vid varje möte med konsumenter, spelare och återförsäljare.





Vem är du?

Som person är du positiv, utåtriktad, driven och en god kommunikatör. Du arbetar är självständigt och det är därför viktigt att du är plikttrogen och ansvarstagande. Vi erbjuder produktutbildning, arbetskläder, bil och konsultarvode. Eget bolag är därför en förutsättning . Vi ser gärna att du talar flytande svenska och engelska. Arbetet är schemalagt och ligger på dagtid, kvällar och helger.





Uppdragets omfattning

Det geografiska området omfattar främst Sverige,  men kan komma att innebära enstaka event i Danmark, Norge och Finland. Du ska vara redo att börja arbeta i slutet på mars med slutdatum den siste augusti. Detta kan komma att ändras beroende på utvecklingen i branschen. Som Fitting-specialist rapporterar du direkt till vår marknadsavdelning.



Frågor och ansökan skickas senast den 7/12 2025 till FootJoy Marketing Manager på filip_morel@acushnetgolf.com. Ansökningar behandlas löpande.



Om Företaget

Acushnet är ett av världens ledande företag inom golfbranschen med varumärken som Titleist, FootJoy, Vokey, Scotty Cameron och Pinnacle. Vi säljer golfbollar, klubbor, kläder, skor och övrig golfutrustning till golfbutiker och golfshopar.",Acushnet Nordic,https://se.linkedin.com/company/acushnet-nordic?trk=public_jobs_topcard-org-name,https://se.linkedin.com/jobs/view/footjoy-shoe-fitting-specialist-at-acushnet-nordic-4347003277?trk=public_jobs_topcard-title,2025-11-20 16:49:15,Filip Morel,https://se.linkedin.com/in/filip-morel-3a030245,1
4337166357,Contract Systems Engineer,"Contract Systems Engineer (Windows/Azure/365)

We are partnering with a dynamic MSP to recruit a skilled Contract Systems Engineer for a high-impact project. This role can be fully remote however there is an office space in Belfast which can offer flexibility for those that prefer hybrid working.



Role Details:

- Rate: £500/day (Outside IR35 – small company exemption applies)
- Location: Fully Remote (can be hybrid)
- Duration: 6 months



Key Skills Required:

- Strong Windows Server (2016–2022) and Active Directory expertise
- Experience with Microsoft 365, Azure AD / Entra ID, and hybrid identity
- PowerShell scripting and automation proficiency
- Familiarity with Intune, Endpoint Manager, and core networking concepts
- Knowledge of clustering, DFS, and performance monitoring tools



Responsibilities:

- Design, implement, and support Windows infrastructure across on-prem and cloud environments
- Lead upgrade and migration projects, ensuring security and compliance
- Automate tasks and collaborate across teams to maintain system performance



If you're a proactive engineer who enjoys solving technical challenges and delivering clean, scalable solutions, we’d love to hear from you. Please send your up-to-date CV to Hollie.beattie@Adeptapartners.com and I will be in touch if you’ve been shortlisted.",Adepta Partners,https://uk.linkedin.com/company/adeptapartners?trk=public_jobs_topcard-org-name,https://uk.linkedin.com/jobs/view/contract-systems-engineer-at-adepta-partners-4337166357?trk=public_jobs_topcard-title,2025-11-20 13:42:04,Hollie Beattie,https://uk.linkedin.com/in/hollie-beattie,1
4347003570,UX/UI Designer e-commerce,"Nous recrutons un·e UX/UI Designer e-commerce (H/F) pour rejoindre l’équipe KNR et concevoir des site e-commerce pour nos clients dans le secteur de la mode et la cosmétique.

Votre mission : imaginer, concevoir et optimiser des interfaces e-commerce performantes, centrées sur l’utilisateur, élégantes et pensées pour la conversion.

Vous interviendrez sur toutes les étapes du design : recherche, conception UX, prototypage, design UI, création et gestion de design systems, en collaboration étroite avec les développeurs, chefs de projets et stratèges.

Expert·e en design e-commerce, vous alliez créativité, rigueur méthodologique et culture business pour transformer des marques premium en expériences digitales fluides, efficaces et mémorables.

Votre rôle couvrira la conception, l’optimisation et la mise en œuvre de parcours utilisateurs performants et esthétiques, dans une logique d’amélioration continue (CRO).

Conception & design UI/UX

- Créer des wireframes, maquettes et prototypes interactifs sous Figma , avec une approche mobile-first .
- Définir et maintenir des design systems cohérents, évolutifs et documentés.
- Décliner l’identité de marque en interfaces digitales premium, respectueuses des standards UX et des objectifs business.
- Garantir une expérience accessible et inclusive (WCAG, bonnes pratiques UI/UX).
- Concevoir des interfaces orientées conversion : tunnels d’achat, checkout, fiches produits, navigation, micro-interactions.

** Collaboration & delivery**

- Travailler en étroite collaboration avec les développeurs Shopify pour garantir la faisabilité et la qualité des implémentations.
- Être force de proposition sur l’évolution des interfaces, avec une logique d’amélioration continue.
- Présenter vos travaux aux clients, expliquer vos choix de design et les ancrer dans une logique business.
- Documenter vos livrables et transmettre des guidelines claires aux équipes techniques et marketing.

Nous recherchons un·e designer passionné·e par l’e-commerce, capable de marier créativité , rigueur UX et vision business .

Compétences techniques

- Maîtrise experte de Figma (design, prototypage, auto-layout, composants).
- Expérience solide en création et gestion de design systems .
- Bonne connaissance des principes d’accessibilité et des guidelines WCAG.
- Expertise en UX e-commerce & CRO (funnels, UX checkout, upsell, cross-sell, persuasion design).
- Culture mobile-first & responsive design.
- Connaissance de l’écosystème Shopify (front-end, contraintes techniques, bonnes pratiques).
- Sensibilité aux analytics et outils de tests utilisateurs (Hotjar, GA4, AB Tasty, etc.).

Savoir-être & relation client

- Créatif·ve, curieux·se, force de proposition.
- Sens aigu du détail et du rendu visuel (exigence esthétique adaptée aux univers mode/beauty/luxe).
- Capacité à vulgariser vos choix et à défendre une vision design claire.
- Autonomie, organisation et rigueur dans la gestion de plusieurs projets en parallèle.
- Goût du travail en équipe, en étroite collaboration avec profils techniques, stratégiques et créatifs.

Expérience

- 3 à 5 ans d’expérience en UX/UI design, avec un focus e-commerce significatif.
- Une expérience en agence ou en environnement multi-projets premium est un vrai plus.
- Portfolio démontrant des réalisations e-commerce orientées performance & esthétique .

Des projets stimulants et variés : vous travaillerez avec des marques exigeantes dans la mode, la beauté et le luxe, sur des projets qui allient créativité et performance.

Une vraie expertise e-commerce : ici, on ne s’éparpille pas. Vous rejoindrez une équipe spécialisée, reconnue et passionnée, qui va en profondeur sur chaque sujet.

Une équipe à taille humaine : proximité, réactivité, entraide — vous serez pleinement intégré·e, avec un impact direct sur les projets et les résultats.

Un cadre exigeant et valorisant : on valorise la précision, le détail et le travail bien fait. Chaque mission est l’occasion de progresser et de repousser vos standards.

Un environnement flexible et moderne : organisation en télétravail, outils collaboratifs fluides et efficaces.

Une culture du sur-mesure et de la qualité : vous aurez la liberté de proposer, d’expérimenter et de construire des expériences uniques, adaptées aux besoins de chaque marque.

Nos valeurs

- 1. L’exigence. Rien n’est laissé au hasard. Chaque détail compte, pour l’impact réel.
- 2. Le sur-mesure. Pas de modèles tout faits. Chaque marque mérite sa propre expérience digitale.
- 3. L’engagement. Nous nous impliquons à 100 % dans chaque projet.
- 4. La relation. Nous travaillons avec les marques, et non pour elles.
- 5. La spécialisation. 100 % e-commerce, 100 % expertise.",Agence KNR,https://fr.linkedin.com/company/knr-agency?trk=public_jobs_topcard-org-name,https://fr.linkedin.com/jobs/view/ux-ui-designer-e-commerce-at-agence-knr-4347003570?trk=public_jobs_topcard-title,2025-11-20 17:23:29,,,1
4332491785,Sviluppatore back-end SENIOR,"Allcore S.p.A., gruppo finanziario in costante crescita e quotato alla Borsa di Milano, è alla ricerca di un Senior Backend Developer da inserire in un team dinamico e collaborativo, con l’obiettivo di contribuire attivamente allo sviluppo di infrastrutture affidabili, scalabili e ad alte prestazioni.

La figura selezionata sarà responsabile della progettazione, sviluppo e manutenzione di servizi backend scalabili e sicuri, integrando API RESTfull. Collaborerà con i team di prodotto, frontend e DevOps per assicurare prestazioni elevate, affidabilità e sicurezza dei sistemi.



Il nostro candidato ideale possiede una esperienza pregressa nel settore fintech, con particolare riferimento a implementazioni PSD2 e una solida esperienza con Node.js (Express.js / Nest.js) assieme una mentalità orientata alla qualità del codice e una buona conoscenza delle pratiche DevOps e cloud.



Responsabilità

- Sviluppo e manutenzione di API backend in Node.js (Express.js/Nest.js).
- Progettazione di architetture scalabili basate su MongoDB.
- Implementazione di autenticazione/autorizzazione (JWT, OAuth2).
- Creazione e gestione dei docker container e orchestrazione con Kubernetes.
- Deployment e monitoraggio su ambienti cloud (Digital Ocean e Google Cloud)
- Creazione e gestione di pipeline CI/CD (GitHub Actions, GitLab CI).
- Monitoraggio performance, logging ed error handling.



Requisiti

- Esperienza comprovata con Node.js e Express.js / Nest.js
- Ottima conoscenza di MongoDB / Mongoose
- Esperienza con Docker, CI/CD, cloud deployment
- Buona conoscenza di Git e metodologie Agile
- Conoscenza base di sicurezza applicativa
- Esperienza pregressa nel settore fintech, con particolare riferimento a implementazioni PSD2
- Fluente in italiano
- Capacità di lavorare in team multidisciplinari
- Abitudine a operare in contesti agili e dinamici
- Provenienza da ambienti startup



Offerta:

- Contratto a p.iva full time da remoto







___________________________

Perché unirsi ad Allcore:

Entrare in Allcore significa far parte di un ecosistema in evoluzione, dove ogni professionista contribuisce con la propria esperienza a costruire soluzioni tecnologiche di valore. Avrai la possibilità di lavorare su progetti stimolanti, con un team competente e appassionato, in un contesto che valorizza autonomia, collaborazione e la crescita continua!",Allcore S.p.A.,https://it.linkedin.com/company/allcore-s-p-a?trk=public_jobs_topcard-org-name,https://it.linkedin.com/jobs/view/sviluppatore-back-end-senior-at-allcore-s-p-a-4332491785?trk=public_jobs_topcard-title,2025-11-20 13:27:04,Diana Farcas 🌎,https://it.linkedin.com/in/dianafarcas/en,5
4337227490,Associate,"Join Altair's Associate Network

Altair is a specialist consultancy supporting socially focused organisations across housing, regeneration, education, sport and charity sectors. We partner with clients to solve complex challenges, deliver change and improve outcomes for communities.

We are growing our pool of trusted associates to work with us on a flexible basis on projects across the UK and Ireland.



Who we are looking for

We want to hear from experienced consultants, interims and subject matter experts with skills in areas such as:

- Assets and asset management
- Development and regeneration, development viability
- Corporate finance and treasury
- Sustainability and ESG
- Digital, data and technology
- Governance, compliance and regulation
- People and recruitment
- Procurement and commercial services
- Research, insight and policy
- Transformation, change and programme delivery
- Community impact



If you have a strong track record in socially focused organisations, particularly in or around the housing sector, we would love to connect.



As an Altair Associate you will

- Work on varied, impactful projects that make a real difference for residents and communities
- Collaborate with experienced Altair colleagues and client teams
- Use your specialist expertise to diagnose issues, design solutions and support delivery
- Have flexibility to take on assignments that fit around your existing commitments



What you bring

- Deep expertise in one or more of the areas listed above
- Experience operating at senior or specialist level in relevant organisations
- Strong analytical, communication and stakeholder engagement skills
- The ability to work independently and as part of multi disciplinary project teams
- A commitment to inclusive practice and improving outcomes for customers and communities



How to join our associate network

If you would like to be considered for future opportunities, please send:

- Your CV
- A short summary of your key expertise and typical day rate range
- An indication of your availability



To: people@altairltd.co.uk",Altair Ltd,https://uk.linkedin.com/company/altair-ltd?trk=public_jobs_topcard-org-name,https://uk.linkedin.com/jobs/view/associate-at-altair-ltd-4337227490?trk=public_jobs_topcard-title,2025-11-20 15:42:41,,,4
4341850121,(Freelance) Apporteur d'Affaires - Partnership Program (H/F),"- Vous êtes freelance en prestation dans une entreprise et vous souhaitez générer du CA via des mises en relation ?
- Vous vendez des prestations B2B et vous souhaitez faire du Cross-selling sur un produit ou service non concurrent ?
- Ou vous avez simplement du temps de libre et des compétences en Sales B2B que vous souhaitez exploiter pour générer du CA ?

- Génération d'Opportunités : Identifier activement dans votre réseau des entreprises (PME, ETI, Grands Comptes) susceptibles d'avoir besoin de nos solutions/services.
- Mise en Relation Qualifiée : Contacter le décideur clé (C-Level, DSI, CTO, etc.) et organiser une introduction qualifiée avec notre équipe commerciale.
- Suivi Collaboratif : Participer au kick-off commercial et maintenir un suivi minimal pour garantir la qualité de la relation initiale.
- Reporting : Assurer un reporting transparent et régulier des opportunités identifiées.

- Statut : Vous êtes Freelance, Consultant(e) Indépendant(e), Chef d'entreprise, ou possédez une activité vous permettant d'exercer en tant qu'Apporteur d'Affaires.
- Expérience Commerciale : Expérience confirmée dans la relation B2B et la compréhension des cycles de vente complexes.
- Réseau Cible : Votre réseau comprend des décideurs au sein de PME, d'ETI ou de Grands Comptes.
- Crédibilité : Vous jouissez d'une bonne réputation et d'une crédibilité technique ou fonctionnelle forte auprès de vos contacts (essentiel pour une mise en relation de confiance).
- Disponibilité : Capacité à dédier le temps nécessaire pour identifier et qualifier les opportunités (flexibilité totale, effort/récompense directement lié).

- Commissions : Rémunération basée sur un pourcentage attractif du Chiffre d'Affaires Hors Taxe (CA HT) généré par les clients que vous avez apportés.
- Transparence : Accès à un suivi clair des étapes du cycle de vente et des commissions dues.
- Pas de Plafond : Votre potentiel de gains est directement lié à la qualité et au volume des affaires que vous mettez en relation et qui sont closées par notre équipe commerciale.",ARION Search,https://fr.linkedin.com/company/arion-search?trk=public_jobs_topcard-org-name,https://fr.linkedin.com/jobs/view/freelance-apporteur-d-affaires-partnership-program-h-f-at-arion-search-4341850121?trk=public_jobs_topcard-title,2025-11-20 14:23:35,,,1
4337078164,Machine Learning Engineer,"Senior Machine Learning Engineer – Biotech (Freelance Contract)

Location: Remote or Hybrid

Industry: Biotechnology / Life Sciences | Specialization: Machine Learning & MLOps

Our organization is a rapidly expanding MLOps platform supporting data science, machine learning engineering, and computational biology teams within the biotechnology sector. We enable our partners to develop scalable, reproducible machine learning workflows that accelerate scientific research and operational decision-making.

We are seeking a highly skilled Senior Machine Learning Engineer to lead the development, optimization, and deployment of advanced machine learning solutions across a variety of biological and scientific data streams. This role is offered on a freelance contract basis, with potential for extension.

Key Responsibilities

- Lead the design, development, and optimization of advanced ML and deep learning models for biological datasets, including genomics, imaging, and experimental data.
- Build and automate robust, scalable data pipelines for both structured and unstructured biotech data.
- Develop end-to-end ML workflows covering data preprocessing, model training, evaluation, deployment, and ongoing model lifecycle management.
- Fine-tune and combine models using ensemble and other advanced techniques to maximize predictive accuracy.
- Collaborate closely with engineering, computational biology, and product teams to translate scientific challenges into effective ML solutions.
- Oversee the deployment, monitoring, and management of production ML systems, implementing industry-standard MLOps best practices.
- Provide technical guidance and mentorship to junior team members and contribute to strategic planning.
- Present analytical findings and model insights clearly to both technical and scientific stakeholders.

Requirements

- Strong proficiency in Python and SQL ; familiarity with Scala, Java, or C++ is advantageous.
- Extensive experience with TensorFlow, PyTorch, scikit-learn , and other modern ML frameworks.
- Deep knowledge of MLOps , including Kubernetes, Docker, CI/CD, and scalable model deployment.
- Demonstrated success in developing, deploying, and optimizing machine learning models in production environments, ideally within biotech, healthcare, or scientific domains.
- Excellent analytical and mathematical capabilities, combined with strong problem-solving skills.
- Effective communication skills, with the ability to work cross-functionally with scientific and engineering teams.
- Bachelor’s, Master’s, or PhD in Computer Science, Engineering, Data Science, Computational Biology , Bioinformatics, or a related field.
- Prior freelance or contract-based experience managing technical projects independently is preferred.

Preferred Qualifications

- Experience with cloud platforms such as AWS, GCP, or Azure for ML deployment and data processing.
- Background in NLP, computer vision, or multimodal learning , particularly applied to biological or clinical data.
- Familiarity with scientific data formats (e.g., FASTQ, BAM, assay data, microscopy images).
- Experience with data visualization frameworks for presenting scientific and analytical results.

",Barrington James,https://uk.linkedin.com/company/barrington-james?trk=public_jobs_topcard-org-name,https://uk.linkedin.com/jobs/view/machine-learning-engineer-at-barrington-james-4337078164?trk=public_jobs_topcard-title,2025-11-20 15:40:57,Charlie Dennison,https://uk.linkedin.com/in/charlie-dennison-26a986300,9
4337094635,Head of Clinical Operations,"Position Overview:



My client is seeking an experienced and visionary freelance Head of Clinical Operations in Immunotherapy to lead a phase I project for their growing pipeline of immunotherapeutic treatments. As a key member of the leadership team, you will oversee the strategy, execution, and management of all clinical trials related to our innovative immuno-oncology and immune-modulatory therapies.



You will play a critical role in shaping our clinical development strategy, ensuring the successful execution of their clinical trials, and leading a multidisciplinary team of clinical operations professionals. This is an exciting opportunity to make a significant impact in a rapidly evolving therapeutic area.



Key Responsibilities:



- Clinical Strategy Leadership: Lead the strategic planning and execution of clinical trials for immunotherapy programs, ensuring alignment with corporate objectives and regulatory requirements.
- Trial Design & Oversight: Oversee the design, initiation, and management of complex, multi-center, global clinical trials for immunotherapy products. Ensure rigorous scientific and operational standards are met.
- Team Leadership & Development: Build, mentor, and lead a high-performing clinical operations team to drive success in the execution of clinical trials, ensuring they have the skills, resources, and motivation to excel.
- Cross-Functional Collaboration: Work closely with the R&D, regulatory, medical affairs, and CMC teams to ensure seamless coordination across the clinical development lifecycle.
- Regulatory & Compliance: Ensure that all clinical operations activities adhere to GCP (Good Clinical Practice) and regulatory guidelines. Provide guidance and oversight to ensure regulatory submissions and approvals are achieved efficiently.
- Budget & Resource Management: Develop and manage clinical trial budgets, resources, and timelines. Identify and mitigate risks to ensure trials are completed on schedule and within budget.
- Clinical Site Management: Lead the selection, monitoring, and management of clinical trial sites to ensure high-quality data collection and compliance with study protocols.
- Data Integrity & Reporting: Oversee data integrity for clinical trials and ensure accurate and timely reporting of trial results to key stakeholders.



Qualifications:



- Minimum of 10 years of experience in clinical operations, with at least 5 years in a leadership role within immunotherapy or oncology.
- Proven track record of successfully leading and managing global, multi-center clinical trials in immuno-oncology or immune-modulatory therapies.
- Deep understanding of regulatory requirements (FDA, EMA, ICH, etc.) and GCP compliance in clinical trial management.
- Strong leadership, communication, and interpersonal skills, with the ability to build and manage cross-functional teams.
- Expertise in clinical trial design, execution, and data analysis for biologics, including immune checkpoint inhibitors, CAR-T, and other immunotherapies.
- Exceptional problem-solving abilities and a strategic mindset.
- Ability to thrive in a fast-paced, dynamic, and evolving environment.",Barrington James,https://uk.linkedin.com/company/barrington-james?trk=public_jobs_topcard-org-name,https://nl.linkedin.com/jobs/view/head-of-clinical-operations-at-barrington-james-4337094635?trk=public_jobs_topcard-title,2025-11-20 10:38:30,James Horn,https://uk.linkedin.com/in/james-horn-7888b82a9,1
4341962192,Solutions Architect – Data,"Rate £600-650 per day

Inside IR35

Fully UK remote

Initial 6 month contract with extensions



Want to join a global organisation as a contract Solutions Data Architect?



Do you have strong Data Migration and Azure tooling experience?



We need strong stakeholder skills and experience working on large transformation programmes as a Solution Architect with a focus on Data.



You should have the following skills / experiences –

- Data Modelling Expertise – you should have strong experience in developing and maintaining logical and conceptual data models
- Microsoft Information Architecture – need to have a solid understanding of Microsoft Purview or related data governance tools
- Hands-on experience with ERP implementations, preferably Microsoft Dynamics 365
- Proven experience in planning and executing complex data migration activities



Bonus if you have –

- Proficiency in SQL Server, Azure SQL Database and other enterprise database platforms
- Experience with Azure data services (Azure Data Factory, Azure Synapse, Azure Data Lake)
- ETL/ELT: experience designing and implementing data integration workflows
- Knowledge of reporting and analytics platforms (Power BI, SSRS, or similar)
- Experience with dimensional modelling and data warehouse architecture patterns
- API Integration experience
- Data Security knowledge



Sounds like you? Apply online or call Alasdair Walker from Be-IT to learn more.",Be-IT,https://uk.linkedin.com/company/be-it-resourcing?trk=public_jobs_topcard-org-name,https://uk.linkedin.com/jobs/view/solutions-architect-%E2%80%93-data-at-be-it-4341962192?trk=public_jobs_topcard-title,2025-11-20 12:42:47,Alasdair Walker,https://uk.linkedin.com/in/alasdairwalker-rec,8
4341822418,Solutions Architect – Education,"Rate £600-650 per day

Inside IR35

Fully UK remote

Initial 6 month contract with extensions



Want to join a global educational organisation as a contract Solutions Architect?



Do you have experience in the assessment / education industry ? If so, read on!



I’m looking for an experienced architect with strong background experience or project history working in the educational space such as universities, eLearning platforms etc.



Seeking strong stakeholder skills and experience delivering complex transformation programmes.



For this role, technical background is not important but domain experience as an architect within education is.



Sounds like you? Apply online or call Alasdair Walker from Be-IT to learn more.",Be-IT,https://uk.linkedin.com/company/be-it-resourcing?trk=public_jobs_topcard-org-name,https://uk.linkedin.com/jobs/view/solutions-architect-%E2%80%93-education-at-be-it-4341822418?trk=public_jobs_topcard-title,2025-11-20 12:42:34,Alasdair Walker,https://uk.linkedin.com/in/alasdairwalker-rec,4
4341913399,Project Manager,"Für unser Unternehmen suchen wir einen erfahrenen Projektmanager, der spannende Projekte verantwortet. In dieser Rolle arbeiten Sie eng mit den Professional Services-Teams von Bedford in sämtlichen Regionen zusammen, um Projekte aus dem Dienstleistungs- und Produktportfolio von Bedford erfolgreich zu steuern und somit sowohl für unsere Kunden als auch für Bedford nachhaltigen Mehrwert zu schaffen.

Der Projektmanager untersteht dem Leiter des PMO und ist für das Management und die Umsetzung von Projekten nach der agilen Methodik „Anaplan Way“ verantwortlich. Dabei sind die erforderlichen Governance- und Kontrollmaßnahmen gemäß dem Projektmanagementrahmen von Bedford einzuhalten.

Der Projektmanager, idealerweise mit Erfahrung im Bereich EPM oder Softwareentwicklung, wird mehrere (teilweise große und komplexe) Projekte parallel gemäß den jeweiligen Plänen steuern.

Diese Position spielt eine entscheidende Rolle dabei, die richtigen Ergebnisse zur Zufriedenheit der Kunden von Bedford zu erzielen. Deshalb ist es wichtig, dass der Kandidat über umfassende Erfahrung in der effektiven Kommunikation mit allen Unternehmensebenen sowie externen Stakeholdern verfügt und sich in einem dynamischen, schnelllebigen Umfeld sicher bewegt.

Der ideale Kandidat ist deutscher Muttersprachler oder spricht fließend Deutsch und verfügt über ausgeprägte schriftliche und mündliche Kommunikationsfähigkeiten in Deutsch. Wir bevorzugen zwar Kandidaten mit Wohnsitz in Deutschland, heißen aber auch Bewerber aus Ländern willkommen, in denen Bedford eine juristische Einheit hat, sofern Sie sich in einer ähnlichen Zeitzone befinden, um eine reibungslose Zusammenarbeit mit unserem Team und unseren Kunden zu gewährleisten.

Bedford ist ein Remote-First-Unternehmen. Für diejenigen, die lieber im Büro arbeiten, bieten wir jedoch auch Zugang zu gemeinsamen Arbeitsräumen (z. B. WeWork) an ausgewählten Standorten. Bedford hat derzeit Niederlassungen in: Großbritannien und Irland, Finnland, Frankreich, Deutschland, Italien, den Niederlanden, Norwegen, Polen, Spanien, Schweden und Südafrika.

Unterstellt: Leiter PMO

Standort: Hybrid – Kombination aus Remote-Arbeit und Reisen zum Kundenstandort oder zur Londoner Zentrale ca. 2 Tage pro Woche

Die Aufgaben sind vielfältig und umfassen unter anderem

- Festlegung des Projektumfangs und der Projektziele unter Einbeziehung aller relevanten Stakeholder, um das Projekt durch die „Grundlagenphase” zu führen.
- Entwicklung eines Projektplans zur Verwaltung jedes Projekts unter Einhaltung der Governance-Kriterien und kommerziellen Parameter von Bedford.
- Leitung der internen Ressourcen/Teams sowie aller Partner (Drittanbieter/Lieferanten) und Kunden für die reibungslose Durchführung der Projekte, um sicherzustellen, dass alle Projekte termingerecht, im Rahmen des Umfangs und des Budgets durchgeführt werden.
- Verwaltung von Änderungen am Projektumfang durch geeignete Projekt- oder kommerzielle Kontrollmethoden. Weitergabe der gewonnenen Erkenntnisse an das Management von Bedford zur Ergreifung von Korrekturmaßnahmen im Rahmen des kontinuierlichen Verbesserungsprozesses.
- Identifikation, Bewertung und Steuerung von Projektrisiken und -problemen. Ableitung und Umsetzung passender Maßnahmen in enger Abstimmung mit internen Geschäftsbereichen, Kunden, Partnern oder anderen relevanten Stakeholdern.
- Messung und Berichterstattung der Projektleistung (RAG) unter Einsatz geeigneter Methoden und Tools – wie dem klassischen RAID-Protokoll und gängigen Planungstools. Regelmäßige Kommunikation mit dem Management sowie bedarfsgerechte Eskalation, einschließlich der Darstellung möglicher Lösungsoptionen bei auftretenden Herausforderungen.
- Verantwortung für die durchgehende finanzielle Steuerung des Projekts, einschließlich Budgetkontrolle, Prognosen und Zeiterfassung zur Wahrung der Projektvorgaben und Toleranzen.
- Verwalten Sie die Projektübergabe auf sichere und überprüfbare Weise. Übertragen Sie die Produkte und/oder Lösungen formell an das Bedford Care-Team und Manage Services für den regulären Support, sowohl aus Sicht von Bedford als auch aus Sicht des Kunden, bevor Sie das Projekt „live“ schalten und ordnungsgemäß abschließen.
- Aktive Leitung und Motivation des Professional Services-Teams über alle Projektphasen hinweg. Zusammenarbeit bei der Planung sowie regelmäßige Kommunikation zu Projektfortschritt, Risiken und Lösungen.
- Effektive Zusammenarbeit mit allen wichtigen Stakeholdern, um die Erwartungen des Unternehmens sowohl intern als auch auf Kundenseite zu verwalten. Schaffung von Vertrauen (gestützt durch evidenzbasierte objektive Projektberichte) und Aufbau von Beziehungen, um sicherzustellen, dass die Projektabwicklung von Bedford zu den erwarteten Ergebnissen führt.
- Aktive Weiterbildung und Erkundung neuer Technologien, Methoden und Geschäftsframeworks zur kontinuierlichen Optimierung von Effizienz, Ressourceneinsatz und Kundenerlebnis.

Um diese Rolle erfolgreich auszufüllen, sind folgende Kompetenzen wichtig

- Mindestens 5 Jahre nachgewiesene Erfahrung im technischen Projektmanagement, idealerweise in einer IT-Professional-Services- oder Managed-Services-Umgebung.
- Erfahrung in der IT-Beratung sowie fundierte Kenntnisse im Management von Softwareentwicklungs-Lebenszyklusprojekten.
- Anaplan-Kenntnisse sowie Kenntnisse der zugehörigen Produkte und Dienstleistungen sind von Vorteil.
- Ausgeprägte Fähigkeiten in der schriftlichen und mündlichen Kommunikation mit Kunden sowie internen Stakeholdern.
- Ausgeprägte organisatorische Fähigkeiten, Detailorientierung und Multitasking-Kompetenz sowie die Fähigkeit, anspruchsvolle Aufgaben effektiv zu priorisieren und die Produktivität zu gewährleisten.
- Fundierte Kenntnisse in Microsoft Office (Outlook, Teams, Word, PowerPoint, Excel) sind unerlässlich. Praktische Kenntnisse von Softwareentwicklungswerkzeugen wie Jira wären ebenfalls von Vorteil.
- Eine Zertifizierung in Agile PM, Project Management Professional (PMP), PRINCE2 oder ähnlichem ist erforderlich.
- Abgeschlossenes Studium, eine vergleichbare Ausbildung oder alternativ umfassende praktische Erfahrung in der entsprechenden Branche.
- Fähigkeit, mehrere große und/oder komplexe Projekte gleichzeitig zu managen.
- Hervorragende Präsentationsfähigkeiten mit nachgewiesener Sicherheit im Auftreten vor Gruppen und Führungskräften.
- Fähigkeit, Meetings zu moderieren und Workshops mit unterschiedlichen Zielgruppen zu leiten, Informationen gezielt aufzunehmen und Diskussionen zielorientiert zu steuern.
- Fähigkeit, relevante Branchentechnologien tiefgehend zu verstehen und unter Berücksichtigung kommerzieller Parameter effektive Lösungen zu entwickeln und zu kommunizieren.
- Erfahrung im Umgang mit CRM-, ERP- und ITSM-Plattformen zur Unterstützung des gesamten Projektlebenszyklus von Sales bis Service sowie praktische Kenntnisse von ITIL.
- Teamorientiert, selbstmotiviert und fähig, andere zu inspirieren sowie Konflikte effektiv zu lösen.
- Sympathisches Auftreten und die Fähigkeit, durch einen flexiblen Ansatz wichtige Beziehungen sowie Vertrauen zu Kollegen, Partnern und Kunden aufzubauen.
- Sichere Kommunikation auf Englisch, um in einem internationalen Team zu arbeiten
- Nachweisliche Beiträge zur PMO-Abteilung durch Unterstützung sowohl des PMO als auch des gesamten Unternehmens bei der Umsetzung strategischer Ziele und der Förderung kontinuierlicher Verbesserungsprozesse.

- 30 Tage Urlaub
- Zuschuss für Mobiltelefon
- Mitarbeiterunterstützungsprogramm
- 1.000 EUR jährliches Weiterbildungsbudget
- Verlängerter Elternurlaub
- Belohnungs- und Anerkennungsgutscheine
- Zugang zu WeWork-Räumlichkeiten",Bedford Consulting,https://uk.linkedin.com/company/bedford-consulting?trk=public_jobs_topcard-org-name,https://de.linkedin.com/jobs/view/project-manager-at-bedford-consulting-4341913399?trk=public_jobs_topcard-title,2025-11-20 16:18:13,,,3
4341863585,Legal Counsel (iGaming),"Location : Hybrid - Mrieħel, Malta or Remote from Europe

Reporting to : Head of Legal



Provide legal support, review and negotiate contracts, and navigate the complex global regulatory landscape of the high-growth iGaming industry.



Key Responsibilities

- Draft, review, and negotiate a variety of commercial contracts, including service agreements, marketing agreements, IOs, NDAs and internal contracts;
- Using standard contract templates to prepare/agree to other agreements (e.g., Service Terms and Conditions, subcontracts, consultancy and agency, and reseller agreement).
- Checking terms of standard agreements against Company policy and terms of standard forms. Amendments to/extension of existing agreements.
- Management of renewal/extension dates and related negotiation timetable.
- Provide legal support on a variety of applications, ensuring compliance with regulatory frameworks and liaising with financial institutions as needed.
- Presentation of legal issues to the Head of Legal together with analysis, options, and recommendations.
- Preparation of ongoing Due Diligence requests.
- Advise internal stakeholders on legal risks and compliance related to business transactions.
- Assist with corporate matters, regulatory filings, and risk management policies.
- Work closely with internal departments, including finance, commercial, and operations teams, to ensure legal and commercial alignment.
- Conduct focused legal research on a variety of topics critical to business operations, including marketing regulations, intellectual property matters and terms and conditions issues.
- Any other ad-hoc duties that may be required.



What You Bring

- Law degree from an accredited institution.
- 4 years of relevant legal experience gained at a law firm or within an in-house legal department.
- Demonstrated ability to understand business models (B2C & B2B) and provide practical, risk-balanced legal advice that aligns with commercial goals.
- Ability to work independently and cooperate with different teams.
- Experience gained within the technology sector or other fast-paced industries.
- Previous exposure to the iGaming/Online Gambling industry, including a basic understanding of global regulatory landscapes, particularly the critical jurisdictions (Curacao, Tobique, Kanawake, etc) is highly desirable.
- A proactive, commercial mindset with the ability to identify legal risks while simultaneously supporting and enabling business objectives.
- Experience with JIRA for issue tracking, project management and reporting.



Why Join Us?

- The chance to make a tangible impact in a rapidly growing, global company .
- A culture that rewards ambition, innovation, and collaboration .

",Bet On Talent,https://www.linkedin.com/company/bet-on-talent?trk=public_jobs_topcard-org-name,https://pt.linkedin.com/jobs/view/legal-counsel-igaming-at-bet-on-talent-4341863585?trk=public_jobs_topcard-title,2025-11-20 17:34:23,,,1
4338421354,Principal Scala Engineer - Data Platforms,"- We're looking for a seasoned technical leader and Principal Scala Engineer to drive the modernization and evolution of our core data processing platforms. This role is central to re-architecting high-traffic, mission-critical data pipelines, moving them to a more robust, scalable, and efficient future on the Google Cloud Platform (GCP)
- You will be instrumental in defining the technical strategy for our Scala-based Dataflow processing, ensuring reliability and performance at scale. This is a hands-on leadership role for someone who thrives on solving complex distributed systems problems, confidently leading a group of engineers, and mentoring a team to deliver excellence

- Lead the architectural design and technical roadmap for modernizing and scaling our data ingestion and processing pipelines, primarily using Scala and GCP Dataflow (Apache Beam)
- Drive performance and throughput enhancements, such as migrating services to use Cloud Functions for exporting data from BigQuery to Pub/Sub more efficiently than existing Dataflow jobs
- Partner with Staff Engineers to expand the functionality of our data export systems for external partners. This involves pulling data from BigQuery, creating formatted feed files, and exporting them to various external stores (e.g., FTP, GCS, S3)
- Oversee the support and expansion of existing data integrations, including adding new fields to schemas and ensuring that data is propagated correctly through the entire pipeline
- Drive the refactoring and modernization of legacy Scala codebases, introducing best practices in functional programming, testing, and observability
- Collaborate closely with teams using Node.js APIs (for data ingestion) and Python (for data transformations), defining clear data contracts and robust integration patterns
- Mentor and guide a team of engineers, championing engineering best practices, conducting code reviews, and fostering a culture of high-quality, collaborative development
- Act as a key technical communicator, defining approaches, breaking down complex problems, and engaging in rapid, iterative development cycles by asking questions quickly rather than working in isolation

- Degree in Computer Science or a related technical discipline
- 8+ years of software engineering experience, with a proven track record of designing, building, and operating large-scale, high-traffic distributed systems in production
- Deep expertise in Scala and its functional programming paradigms
- Demonstrable, hands-on experience with GCP Dataflow (Apache Beam). Experience with other major streaming/batch frameworks (e.g., Apache Spark, Akka Streams) is also highly valuable
- Strong proficiency in the GCP ecosystem, including critical services like BigQuery, Pub/Sub, and Cloud Functions
- Solid understanding of data engineering principles, including data modeling, schema design, and data lifecycle management
- Experience building and maintaining data export feeds to external systems (e.g., SFTP, GCS, S3)
- Proven ability to lead technical projects, mentor other engineers, and influence architectural decisions across multiple teams
- Excellent communication skills, with experience working in polyglot environments (interfacing with Node.js, Python, etc.) and a proactive, inquisitive approach to problem-solving
- Ability to be available for key synchronous meetings and standups between 6:00 PM and 7:00 PM GMT

- Familiarity with CI/CD best practices and infrastructure-as-code tools (e.g., Terraform, Docker, Kubernetes)
- Working knowledge of Node.js or Python for data-related tasks
- Experience with other data stores (e.g., NoSQL, time-series databases) or data orchestration tools (e.g., Airflow)",Beyond,https://uk.linkedin.com/company/beyond-technology-consultancy?trk=public_jobs_topcard-org-name,https://pt.linkedin.com/jobs/view/principal-scala-engineer-data-platforms-at-beyond-4338421354?trk=public_jobs_topcard-title,2025-11-21 01:34:13,,,8
4338430890,Senior Scala Engineer - Data Platforms,"- We're looking for an experienced and hands-on Senior Scala Engineer to help drive the modernization and evolution of our core data processing platforms. This role is key to enhancing and scaling high-traffic, mission-critical data pipelines on the Google Cloud Platform (GCP)
- You will be a vital contributor to our Scala-based Dataflow processing, focusing on implementation, performance, and reliability at scale. This is a hands-on technical role for someone who thrives on solving complex distributed systems problems and delivering high-quality, efficient code within a collaborative team

- Implement and enhance sophisticated, high-throughput batch and streaming data pipelines using Scala and GCP Dataflow (Apache Beam)
- Contribute to the architectural design and technical roadmap for modernizing our data ingestion and processing pipelines
- Develop and implement performance optimizations, such as migrating services to use Cloud Functions for exporting data from BigQuery to Pub/Sub more efficiently
- Collaborate with Staff Engineers to expand the functionality of our data export systems for external partners. This includes pulling data from BigQuery, creating formatted feed files, and exporting them to various external stores (e.g., FTP, GCS, S3)
- Support and contribute to the expansion of existing data integrations, including adding new fields to schemas and ensuring that data is propagated correctly through the entire pipeline
- Actively contribute to the refactoring and modernization of legacy Scala codebases, applying best practices in functional programming, testing, and observability
- Collaborate closely with teams using Node.js APIs (for data ingestion) and Python (for data transformations), maintaining clear data contracts and robust integration patterns
- Act as a strong technical communicator, contributing to technical approaches, breaking down complex problems, and engaging in rapid, iterative development cycles by asking questions quickly rather than working in isolation

- Degree in Computer Science or a related technical discipline
- 6+ years of software engineering experience, with a strong background in building and operating large-scale, high-traffic distributed systems in production
- Deep expertise in Scala and its functional programming paradigms
- Demonstrable, hands-on experience with GCP Dataflow (Apache Beam). Experience with other major streaming/batch frameworks (e.g., Apache Spark, Akka Streams) is also highly valuable
- Strong proficiency in the GCP ecosystem, including critical services like BigQuery, Pub/Sub, and Cloud Functions
- Solid understanding of data engineering principles, including data modeling, schema design, and data lifecycle management
- Experience building and maintaining data export feeds to external systems (e.g., SFTP, GCS, S3)
- Proven ability to take ownership of complex technical features and deliver them from design to production
- Excellent communication skills, with experience working in polyglot environments (interfacing with Node.js, Python, etc.) and a proactive, inquisitive approach to problem-solving
- Ability to be available for key synchronous meetings and standups between 6:00 PM and 7:00 PM GMT

- Familiarity with CI/CD best practices and infrastructure-as-code tools (e.g., Terraform, Docker, Kubernetes)
- Working knowledge of Node.js or Python for data-related tasks
- Experience with other data stores (e.g., NoSQL, time-series databases) or data orchestration tools (e.g., Airflow)",Beyond,https://uk.linkedin.com/company/beyond-technology-consultancy?trk=public_jobs_topcard-org-name,https://pt.linkedin.com/jobs/view/senior-scala-engineer-data-platforms-at-beyond-4338430890?trk=public_jobs_topcard-title,2025-11-21 00:34:09,,,5
4336492944,Product Manager,"À propos de BN Nutrition



Depuis plus de 8 ans, BN Nutrition aide chacun à optimiser sa santé physique et mentale grâce à des solutions sur mesure : compléments alimentaires, coaching, alimentation et formations. Co-fondée par Olivier Bourquin, nutritionniste reconnu, notre mission est d’allier expertise, éducation, qualité et plaisir au service du bien-être.

Votre rôle



Vous serez au cœur de la croissance de BN Nutrition. Acteur clé du développement digital, vous pilotez le marketing, optimisez les parcours clients et valorisez nos produits auprès de notre communauté pour maximiser l'impact et les ventes.



Missions principales (liste non exhaustive)



• Piloter la stratégie digitale (SEA, SEO, emailing, social media).

• Gérer les campagnes Meta Ads & Google, MailChimp/ActiveCampaign, CMS

• Optimiser les performances marketing (CAC, ROAS).

• Mettre à jour les sites eCommerce (PrestaShop).

• Créer et optimiser les pages produits et offres.

(PrestaShop, Wix, Thinkific), Canva/Adobe

• Excellente plume en français, anglais professionnel et allemand (suisse alémanique)

• Analyser les ventes et recommander des évolutions.

• S’ajuster avec la vision stratégique et opérationnelle



Profil recherché :



• 3 ans d’expérience en marketing digital.

• Maîtrise Meta Ads, Google Ads, PrestaShop, SEO.

• Excellente plume en français.

• Créatif, analytique, structuré.

• Vous partagez nos valeurs : santé, équilibre, plaisir et performance



Informations pratiques :



Entrée en fonction : Dès que possible.

Lieu : Delémont (JU) – Télétravail 100% possible

Contrat : Freelance / Mandat – Facturation à l’heure par mois

Charges de travail : 50%, à lisser quotidiennement



Pour postuler

Envoyez votre dossier complet (CV, lettre, diplômes et certificats) en un seul PDF à : info@bn-nutrition.ch avant le 30.11.2025.

- (Les candidatures reçues par d’autres canaux ne seront pas traitées.)",BN Nutrition,https://ch.linkedin.com/company/bn-nutrition?trk=public_jobs_topcard-org-name,https://ch.linkedin.com/jobs/view/product-manager-at-bn-nutrition-4336492944?trk=public_jobs_topcard-title,2025-11-20 14:23:08,Olivier Bourquin,https://ch.linkedin.com/in/olivier-bourquin-10941542,2
4341851746,Ingénieur mécanique,"Estamos contratando a un ingeniero con experiencia previa en el sector de la GUIMAUVE / MARSHMALLOW para ayudarnos a desarrollar nuestras líneas de producción. Buscamos a alguien autónomo, motivado y apasionado.

🎯 Su primera misión:

Poner a punto los ajustes, parámetros y recetas de una línea de producción completamente nueva, actualmente en fase de arranque. Se trata de un papel clave para garantizar un inicio óptimo y una rápida mejora de la calidad.

🔧 Su función a largo plazo:

Después de esta fase de instalación, intervendrá algunos días cada mes para:

- Controlar la calidad de la producción
- Diagnosticar posibles desviaciones
- Proponer e implementar mejoras continuas

✈️ Condiciones:

- Desplazamientos y alojamiento cubiertos al 100%
- Remuneración atractiva
- Entorno internacional, ambiente dinámico de una pyme, toma de decisiones rápida

📩 Si usted es ingeniero (o equivalente), tiene experiencia en líneas de producción y desea participar en un bonito proyecto industrial en crecimiento, contácteme directamente por mensaje privado.



+33.621.155.474

------------------------------------------------------------------------------------------------------

Nous recrutons un ingénieur qui a déjà une expérience dans le secteur de la GUIMAUVE/ MARSHMALLOW pour nous aider à développer des lignes de production. Il faut une certaine autonomie et être motivé/passionné.



🎯 Votre première mission :

Mettre au point les réglages, les paramètres et les recettes d’une ligne de production toute neuve, actuellement en phase de démarrage. C’est un rôle clé pour garantir un démarrage optimal et une montée en qualité rapide.

🔧 Votre rôle à long terme :

Après cette phase d’installation, vous interviendrez quelques jours chaque mois pour :

Contrôler la qualité de la production

Diagnostiquer les écarts éventuels

Proposer et mettre en place des améliorations continues

✈️ Conditions :

Déplacements et séjour pris en charge à 100%

Rémunération attractive

Environnement international, ambiance PME dynamique, prise de décisions rapide



📩 Si vous êtes ingénieur (ou équivalent) avec une expérience sur lignes de production, et que vous avez envie de participer à un beau projet industriel en croissance : contactez-moi directement en message privé.



+33.621.155.474",BONBEC SHOW sas,https://www.linkedin.com/company/bonbec-show-sas?trk=public_jobs_topcard-org-name,https://es.linkedin.com/jobs/view/ing%C3%A9nieur-m%C3%A9canique-at-bonbec-show-sas-4341851746?trk=public_jobs_topcard-title,2025-11-20 10:31:48,,,1
4341853407,Quality Control Pre-Shipment per il Made in Italy;,"Cerchiamo per Start-up Innovativa – BOS5 Srl, Società di Quality Control di Ispezioni Pre-Shipment per il Made in Italy multisettoriale;



CHI SIAMO

Abbiamo creato Marketplace avanzato di Digital Export dedicato all’internazionalizzazione delle PMI italiane.

Il nostro ecosistema accelera le operazioni di compravendita Italia–Estero, facilitando l’incontro tra domanda e offerta grazie a un sistema integrato di servizi digitali intelligenti.

Attraverso oltre 60 App multiservizi B2B SaaS, semplifichiamo le negoziazioni e le transazioni internazionali, generando vendite continue e automatizzate per i nostri utenti.



COME LO FACCIAMO

Il cuore tecnologico combina Intelligenza Artificiale Agentica, Blockchain e Mixed Reality (MR) in un unico ambiente digitale.

Queste tecnologie permettono di gestire in modo sicuro, trasparente e automatizzato l’intero ciclo export delle PMI, offrendo strumenti innovativi per Seller (Esportatori italiani) e Buyer (Importatori esteri).

La piattaforma è un punto d’incontro virtuale dove innovazione, sicurezza e funzionalità si fondono per creare nuove opportunità di business globale.



QUALITY CONTROL PARTNER – MADE IN ITALY MULTISETTORIALE

BOS5 è alla ricerca di una società specializzata in servizi di Quality Control per la gestione operativa di ordini multisettoriali legati al Made in Italy , nell’ambito di un ecosistema digitale dedicato all’export di prodotti e macchinari italiani.

L’obiettivo è garantire standard elevati di qualità e trasparenza nelle fasi di pre-spedizione dei prodotti finiti, direttamente presso le aziende manifatturiere italiane.



ATTIVITÀ PRINCIPALI

· Esecuzione di controlli pre-shipment su prodotti finiti presso le sedi dei produttori italiani, in diversi settori della manifatturiera nazionale (meccanica, arredo, alimentare, moda, ecc.).

· Coordinamento del personale operativo sul territorio, con presenza nelle principali regioni italiane, per garantire rapidità di intervento e uniformità di valutazione.

· Gestione digitale delle verifiche tramite una APP dedicata , che consente aggiornamenti in tempo reale sullo stato degli ordini, dei controlli e dei report di conformità.



REQUISITI RICHIESTI

· Esperienza comprovata nel controllo qualità multisettoriale con competenze operative e documentate referenze nel Made in Italy.

· Capacità organizzativa e logistica per gestire interventi su tutto territorio nazionale.

· Struttura flessibile e collaborativa , in grado di integrarsi con un sistema digitale di tracciabilità e gestione contrattuale.



CONDIZIONI ECONOMICHE

·     Tutti i pagamenti sono effettuati anticipatamente , a garanzia della solidità e sostenibilità operativa del rapporto di collaborazione.



Candidati ora e partecipa all’innovazione italiana che conquista i mercati globali.



mail: info@bos5.it",BOS5,https://it.linkedin.com/company/bos5?trk=public_jobs_topcard-org-name,https://it.linkedin.com/jobs/view/quality-control-pre-shipment-per-il-made-in-italy-at-bos5-4341853407?trk=public_jobs_topcard-title,2025-11-20 16:28:49,Salvatore Fiorenza,https://it.linkedin.com/in/salvatore-fiorenza-bb49366,1
4341993371,Specialista IT,"Full Stack Developer & UX/UI Designer (Co-Founders)



CHI SIAMO?



BR3ACH è una startup nel settore della cybersecurity, focalizzata sulla protezione dell’identità digitale di content creator e utenti. Siamo in fase di sviluppo del nostro primo prodotto (SaaS) , con l'uscita nel mercato prevista per inizio 2026. Siamo un team giovane, ambizioso e in crescita.



CHI CERCHIAMO?



Cerchiamo due figure chiave e complementari , entrambe con ruolo di Co-Founder con equity :





COSA FARAI?



Full Stack Developer:

- Progettare e sviluppare le componenti core del SaaS.
- Implementare API e servizi backend modulari, sicuri e scalabili.
- Curare performance, architettura cloud e processi essenziali.
- Collaborare con UX/UI Designer e AI Engineer per integrare le funzionalità.



UX/UI Designer & Visual Content:

- Progettare interfacce mobile-first chiare, fluide e orientate alla fruibilità reale.
- Tradurre funzionalità tecniche in flussi user-friendly in collaborazione con il team tecnico.
- Realizzare contenuti multimediali per social network e comunicazione prodotto, coerenti con brand e design system.
- Definire identità visiva, componenti UI e linee guida del design system.



COMPETENZE RICHIESTE:



Full Stack Developer:

- Ottima conoscenza di JavaScript/TypeScript e React/Next.js o equivalenti.
- Esperienza in frontend e backend.
- Conoscenza di database relazionali e NoSQL.
- Comprensione delle basi di cloud hosting e DevOps.



UX/UI Designer & Visual Content:

- Esperienza in UX/UI mobile-first.
- Ottima padronanza di Figma , componenti e design system.
- Capacità di produrre contenuti multimediali per social network.
- Senso estetico e attenzione alla coerenza del brand.



COSA OFFRIAMO?



- Ruolo da Co-Founder con equity .
- Operatività full remote , modello task-oriented.
- Inserimento in una startup con idea validata , MVP in sviluppo, brand e go-to-market già pianificato.
- Possibilità reale di costruire un prodotto da zero, con margine decisionale e impatto diretto.
- Ambiente collaborativo, giovane e orientato alla crescita personale e professionale.



COME CANDIDARSI?



Invia il tuo CV a: info@br3ach.com.",Br3ach,https://it.linkedin.com/company/br3ach?trk=public_jobs_topcard-org-name,https://it.linkedin.com/jobs/view/specialista-it-at-br3ach-4341993371?trk=public_jobs_topcard-title,2025-11-20 17:27:06,,,7
4337207296,Senior Software Engineer,"Role: .NET Developer (NHS Experience is ESSENTIAL)

Location: Remote with occasional travel to Manchester

Rate: £500 per day Inside IR35

Contract: 6 months

Start: ASAP



Overview

We are supporting a consultancy who are looking for an experienced .NET Developer with strong NHS background and hands-on expertise in FHIR or HL7 integrations. You will contribute to the design and development of clinical and patient facing applications that integrate with core NHS systems. You should be confident building reliable backend services in .NET and delivering modern web front ends using either React or Angular.



Key Responsibilities

- Build and enhance backend services using .NET that support clinical workflows
- Design, develop, and maintain integrations using FHIR or HL7 standards
- Deliver front end components using React or Angular
- Collaborate with technical teams, clinical stakeholders, and integration specialists
- Ensure interoperability, data quality, and safe handling of clinical information
- Contribute to solution design, technical documentation, and sprint planning
- Support testing, troubleshooting, and performance optimisation
- Work within NHS information governance and clinical safety frameworks



Essential Experience

- Proven experience working within NHS environments
- Advanced .NET development skills
- Strong knowledge of FHIR and or HL7 standards
- Experience with React or Angular (either is fine)
- Experience building APIs, microservices, and secure integrations
- Understanding of NHS clinical systems and terminology
- Ability to work autonomously and communicate well with clinical teams



Nice to Have

- Experience with Azure cloud services
- Knowledge of NHS Spine services
- Experience with integration engines like Mirth
- Understanding of DevOps pipelines and CI CD tooling



Apply now or email dom@briodigital.io for more information.",Brio Digital,https://uk.linkedin.com/company/digitalbrio?trk=public_jobs_topcard-org-name,https://uk.linkedin.com/jobs/view/senior-software-engineer-at-brio-digital-4337207296?trk=public_jobs_topcard-title,2025-11-20 15:43:14,Dom Linfield,https://uk.linkedin.com/in/domlinfield,4
4337179494,Sales Consultant [Full REMOTE] - ManagementAcademy.it,"Punti fondamentali



🎯 Posizione: Sales Consultant

📋 Contratto: Freelance (P.IVA)

💰 Fisso: €14.400 annui

⚡ Provvigioni: OTE €38.000-48.000

🎪 Tipologia: Vendita B2C (con lead caldi quotidiani - no outreach a freddo)

⏰ Orario: dalle 11-14 e dalle 15-20 da Lunedì a Venerdì, Sabato mattina opzionale a richiesta dei clienti.







Chi siamo

👋 Benvenuto in ManagementAcademy.it , la piattaforma di formazione manageriale che sta rivoluzionando l'apprendimento professionale in Italia!



Attraverso corsi innovativi e metodologie all'avanguardia, formiamo manager e professionisti che vogliono eccellere nel loro settore. La nostra missione è sviluppare le competenze manageriali necessarie per affrontare le sfide del business moderno.



Stiamo cercando un Sales Consultant esperto che ci aiuti a crescere e a raggiungere sempre più professionisti ambiziosi.

⚡️ Accetti la sfida di entrare nel nostro team vincente?





Le tue responsabilità

- Chiudere vendite ad alto valore sui nostri programmi di formazione manageriale
- Gestire l'intero processo di vendita B2C , dalla prima chiamata alla finalizzazione
- Convertire lead qualificati in clienti soddisfatti attraverso consulenze telefoniche strategiche
- Raggiungere e superare gli obiettivi di fatturato mensili e trimestrali
- Collaborare attivamente con il team marketing per ottimizzare il funnel di vendita
- Mantenere elevati standard di professionalità e customer satisfaction





Requisiti fondamentali

- Esperienza consolidata nelle vendite B2C, preferibilmente in settori formativi o consulenziali.
- Comprovate competenze da closer : capacità di gestire obiezioni e chiudere vendite ad alto ticket
- Track record dimostrabile di risultati raggiunti e superamento target
- Eccellenti doti comunicative e capacità di costruire rapport con i clienti
- Orientamento al risultato e forte motivazione al raggiungimento degli obiettivi
- Partita IVA attiva e disponibilità immediata
- Flessibilità oraria per gestire chiamate anche in fascia serale





Plus che fanno la differenza

- Esperienza specifica nel settore formazione/education
- Background in vendita di servizi high-ticket (€3.000+)
- Conoscenza di CRM e strumenti di sales automation
- Competenze digitali e familiarità con l'ecosistema online



Cosa offriamo

- Compenso strutturato : €14.400K fissi + provvigioni fino a €48K (OTE totale €38-48K)
- Formazione completa sui nostri prodotti e metodologie di vendita
- Crescita professionale in un'azienda in forte espansione
- Ambiente stimolante con un team di professionisti motivati
- Flessibilità di lavoro da remoto
- Supporto continuo del management per il raggiungimento degli obiettivi



Il processo di selezione

- Step 1: Test psicoattitudinale e video presentazione
- Breve test psicoattitudinale e presentazione video.



- Step 2: Colloquio conoscitivo
- Colloquio con HR per conoscere tutti gli step e modalità di lavoro.



- Step 3: Test di vendita su prodotti formativi
- Test Live per la vendita dei prodotti formativi con breve percorso di formazione



- Step 4: Contrattualizzazione e onboarding
- Contrattualizzazione, onboarding e formazione per avvio alle attività.



Come candidarti

Se sei un closer esperto con la fame di successo e vuoi far parte di un progetto ambizioso nel settore della formazione manageriale, questa è la tua opportunità!

",Castro & Partners - The Product Management Firm,https://it.linkedin.com/school/castroandpartners/?trk=public_jobs_topcard-org-name,https://it.linkedin.com/jobs/view/sales-consultant-full-remote-managementacademy-it-at-castro-partners-the-product-management-firm-4337179494?trk=public_jobs_topcard-title,2025-11-20 19:28:36,Luciano Castro,https://it.linkedin.com/in/lucianocastro,1
4337246671,Solutions Architect,"Solution Architect

Type: Contract

Must Have Experience: Experience with Power Platform & .NET Architecture



Description:

The Solution Architect will work within a multi-disciplinary team to design and deliver a new digital service. The role includes creating solution designs, assessing existing systems and integrations, and defining scalable architecture aligned with organisational standards. The architect will ensure all documentation meets governance requirements and secure necessary approvals from central architecture teams.



Key Responsibilities:

- Create a new solution design for a new digital service.
- Assess existing technology, integrations and data points and create a new solution building on the existing estate.
- Ensure all documentation is reviewed and approved by the central architecture team.
- Develop Architecture and Governance Plans.
- Get central sign-off and approval for architectural plans.



Mandatory Requirements:

- Experience in the UK public sector or working with government digital standards
- Knowledge of building and designing solutions built upon Power Platform and Microsoft .NET.

",Ceox Services Ltd,https://uk.linkedin.com/company/ceox-services-ltd?trk=public_jobs_topcard-org-name,https://uk.linkedin.com/jobs/view/solutions-architect-at-ceox-services-ltd-4337246671?trk=public_jobs_topcard-title,2025-11-20 14:42:36,Gurinder Mann,https://uk.linkedin.com/in/gurindermannsidhu,6
4347001314,Homeoffice Tätigkeit (m/w/d) Nebenjob in Datenerfassung & Terminorganisation - 100% Remote,"Wir arbeiten im Bereich Gesundheit & Fitness und suchen zuverlässige Unterstützung für digitale Backoffice-Tätigkeiten.

Dazu gehören die strukturierte Erfassung von Interessentendaten, das Planen von Terminen sowie das Veröffentlichen von Online-Anzeigen nach klaren Vorgaben.

Alles erfolgt ruhig, konzentriert und vollständig remote mit verständlichen Abläufen. Wenn du gerne digital, sorgfältig und organisiert arbeitest, passt diese Tätigkeit sehr gut zu dir.

• Online-Anzeigen nach Vorlagen veröffentlichen • Digitale Datenerfassung und Pflege von Interessenten • Terminplanung & Koordination nach festen Abläufen • Leichte administrative Tätigkeiten im digitalen Workflow

Alle Aufgaben finden online statt, ohne Telefonpflicht.

• Sorgfältige und ruhige Arbeitsweise • Verlässlichkeit und Verantwortungsbewusstsein • Freude an digitaler Organisation • Grundkenntnisse im Umgang mit PC & Online-Tools • Sehr gutes Deutsch in Wort & Schrift

Eine ausführliche Einarbeitung erfolgt Schritt für Schritt.

• 100% Homeoffice • Freie Zeiteinteilung – morgens, abends oder flexibel dazwischen • Klare Strukturen & verständliche Schritt-für-Schritt-Anleitung • Persönliche Begleitung während der Einarbeitung • Möglichkeit auf langfristige Zusammenarbeit • Weitere Aufgabenbereiche möglich (erklären wir später ganz entspannt)

Klicke bitte auf „Bewerben“ und stell dich kurz vor. Mehr braucht es im ersten Schritt nicht.

Nach deiner Bewerbung erhältst du alle weiteren Informationen.

Liebe Grüße Chris Bornemann",Chris Bornemann,https://www.linkedin.com/company/chris-bornemann?trk=public_jobs_topcard-org-name,https://de.linkedin.com/jobs/view/homeoffice-t%C3%A4tigkeit-m-w-d-nebenjob-in-datenerfassung-terminorganisation-100%25-remote-at-chris-bornemann-4347001314?trk=public_jobs_topcard-title,2025-11-20 08:16:47,,,1
4341842302,"Immobilienentwickler gesucht! Du findest das Objekt, wir realisieren es als gemeinsame Geschäftspartner","Die Cirrus Real Estate GmbH ist ein etabliertes und erfolgreiches Immobilienunternehmen in Berlin, welches sich auf den Kauf, die Entwicklung und Vermietung von Wohn- und Gewerbeimmobilien, sowie auf die Immobilienentwicklung spezialisiert hat.

Wir agieren unter verschiedenen Marken, für verschiedene Vermietungsansprüche. Als Bestandshalter sind wir besonders an einer nachhaltigen und qualitativen Entwicklung interessiert.

In der Immobilienentwicklung, suchen wir attraktive und spannende Immobilienentwicklungen in Berlin und auch deutschlandweit.

Wir scheuen uns nicht vor komplexen Sachverhalten, sind kreativ in der Lösungsfindung, profitieren von einer schnellen Entscheidungsfindung und zeichnen uns durch Fleiß und Einsatz aus.

Du brennst für Immobilienentwicklung und hast deine ersten Immobilienentwicklungen bereits erfolgreich selber durchführen können und möchtest nun weiter wachsen und dich an größere und weitere Projekte wagen?

Wir suchen Talente, welche bereit sind, gemeinsam mit uns den nächsten Schritt zu gehen, um mit einem erfahrenen Partner spannende Projekte im Bereich der Immobilienentwicklung umzusetzen. Dabei kümmern wir uns vor allem um die Bereiche Strukturierung, Finanzierung (wir stellen das Eigenkapital) und ein aktives Coaching und begleiten entlang des gesamten Prozesses von der Akquise bis zu Abwicllung. So profitierst du von unserer Erfahrung aus über 100 erfolgreichen Immobilienprojekten.

Wir suchen keinen Angestellten, sondern echte Mit-Unternehmer, wir nennen Sie Co-Developer . Da du als Mitgesellschafter bei der Projektgesellschaft beteiligt bist, erhältst du kein Gehalt, sondern partizipierst am realisierten Projektgewinn. Als Projektverantwortlicher kannst du diesen maßgeblich durch dein Können beeinflussen.

Deine zukünftigen Tätigkeiten werden sein:

- Deal Sourcing: Du findest die in deiner Region besten Deals / Projekte und pitchst uns diese zur Beurteilung
- Du leitest die ""Due Diligence"" im Ankauf für deine Projekte
- Du sitzt im Driver Seat für die erfolgreiche operative Durchführung
- Wir erwerben das Objekt gemeinsam und du verantwortest als Geschäftsführer die Objektgesellschaft

Du solltest mitbringen:

- Nachweisebare substantielle Erfolge im Bereich Immobilienentwicklung (bsp. Fix & Flip, Sanierung, Vermietung, Nutzungsänderung, Grundstücksentwicklung, etc.)
- Extrem hohes Maß an Motivation und Eigenantrieb
- Unternehmerisches Denken und Handeln

Als Geschäftspartner und Mitgesellschafter bist du an den Projekten als Gesellschafter unternehmerisch beteiligt und partizipierst am Projektgewinn. Ein Gehalt wird nicht bezahlt.

Falls wir Dein Interesse an dieser einzigartigen unternehmerischen Herausforderung im Bereich Immobilienentwicklung wecken konnten, freuen ich mich über deine Kontaktaufnahme.

Wir freuen uns über deine Kontaktaufnahme und ein Kennenlernen.",Cirrus Real Estate GmbH,https://de.linkedin.com/company/cirrus-real?trk=public_jobs_topcard-org-name,https://de.linkedin.com/jobs/view/immobilienentwickler-gesucht%21-du-findest-das-objekt-wir-realisieren-es-als-gemeinsame-gesch%C3%A4ftspartner-at-cirrus-real-estate-gmbh-4341842302?trk=public_jobs_topcard-title,2025-11-20 12:17:31,,,1
4341873135,Data steward/ Data specialist,"La mission principale du Data Steward/Data specialist sera de transformer la vision du responsable du domaine commercial en actions quotidiennes. Votre rôle s’inscrit dans le cadre d'une fusion de deux entités et donc de l’unification des processus de vente soutenu par un CRM commun et un catalogue produit unifié soutenu par le PIM ( SAP/Salesforce ). Vous serez positionné en priorité sur la partie produit.

Cette mission s'articule donc autour des piliers suivants :

Data Gouvernance :

Aider le responsable des processus métier de l'équipe Excellence commerciale à définir les actifs de données.

Comprendre et analyser les points faibles commerciaux en termes de gestion des données (en mettant l'accent sur les matériaux, les clients et les prix)

Mettre en place un plan de remédiation et le communiquer

Avec l'aide des équipes opérationnelle et commerciale, définir les règles et les contrôles de qualité à mettre en place dans les solutions commerciales afin de garantir la fiabilité des données (intégrité, exhaustivité, accessibilité...)

Garantir les données commerciales : documentation adéquate dans le catalogue de données, définir, suivre et partager les indicateurs clés de performance (KPI) concernant l'état et l'évolution de la qualité des données, l'utilisation des données dans le domaine commercial, etc.

Maîtrise/Culture des données :

Participer à la démocratisation des données en formant et en animant tous les utilisateurs commerciaux des données

Communiquer largement sur les applications de reporting « officielles »

Partager les règles de qualité à respecter par l'équipe opérationnelle

Analyse des données :

Aider les équipes commerciales à analyser les données, identifier les tendances, les modèles et les opportunités d'amélioration commerciale.

Le Data Steward/Data specialist sera en étroite collaboration avec :

Business Process Managers : en charge de la gestion du catalogue de produits, services et options ; gestion de l'entonnoir de vente ; gestion des devis, gestion des demandes des clients, gestion des tarifs.

Force commerciale : responsable produit PIM, SALESFORCE et base de données tarifaire

Data steward/ Data specialist possédant 5 à 8 ans d'expérience. Vous disposez de solides compétences sur :

Solution de visualisation des données (solutions Low-Code) : Qlik, Tableau, PowerBI, Knime

Solution de gouvernance des données

Solutions CRM / PIM

Connaissances de SAP et de Salesforce

Anglais oral/écrit obligatoire

Secteur de l'industrie

Localisation : Région Lilloise

TT : 1 à 2 jours/semaine

Durée : 6 mois

Démarrage : 1er décembre",Collective.work,https://fr.linkedin.com/company/usecollective?trk=public_jobs_topcard-org-name,https://fr.linkedin.com/jobs/view/data-steward-data-specialist-at-collective-work-4341873135?trk=public_jobs_topcard-title,2025-11-20 15:23:31,,,4
4341961404,Sales Manager B2B (m/w/d) - Schweiz (freiberuflich),"COLMENA – Innovation und Positivität. Wir glauben an die Vorteile, die unsere moderne Arbeitsrealität für Arbeitnehmer und Arbeitgeber bietet und fördern diese mit innovativen Ideen und Technologien. Entsprechend ist das COLMENA Team offen, kreativ und vielschichtig.

Die Kombination aus der Arbeit mit Menschen und dem Einsatz moderner Informations-technologie prägt COLMENA und mit der Balance beider Bereiche stärken wir Mitarbeiterinnen und Mitarbeiter und Unternehmen nachhaltig. Unter dem Motto “New Work is here to stay” streben wir einen Wandel im Denken an, bei dem alle Beteiligten mitwirken können und gehört werden.

Als junges Softwareunternehmen leisten wir einen innovativen Beitrag zum Themenkomplex Unternehmenssteuerung und -entwicklung durch eine KI-basierte, integrierte Lösung und strukturiertes Counseling der Belegschaft und dem Management.

Zum Aufbau unserer Vertriebsstruktur in der DACH-Region suchen wir mehrere engagierte Sales Manager (m/w/d), die mit uns neue Märkte erschließen und unsere Vision vorantreiben.

Als Sales Manager B2B (freiberuflich) bist du verantwortlich für den Ausbau und die operative Umsetzung unserer Vertriebsaktivitäten in der Schweiz.

Du trägst entscheidend zur Marktexpansion, Neukundengewinnung und Umsatzsteigerung bei und fungierst als zentrale Schnittstelle zwischen Kunden, Management und internen Fachbereichen.

- Aktiver Vertrieb der COLMENA Value Suite (Softwarelösung) und COLMENA Counseling (Fachberatung) bei Unternehmenskunden
- Eigenständige Akquise von Neukunden sowie Betreuung und Ausbau von Bestandskunden
- Steuerung des gesamten Vertriebsprozesses – von der Lead-Generierung bis zum Vertragsabschluss unter Einbindung von Produkt und Sales Spezialisten
- Entwicklung und Umsetzung von Vertriebsstrategien zur Erreichung der Unternehmensziele
- Verantwortung für Umsatzziele deines Kundensegments
- Teilnahme an Messen, Fachveranstaltungen und Networking-Events zur Repräsentation des Unternehmens

Dein Profil:

Fachliche Qualifikationen:

- Abgeschlossenes Studium in Betriebswirtschaft oder vergleichbare Qualifikation
- Mindestens 5–8 Jahre Erfahrung im B2B-Lösungsvertrieb
- Nachweisbare Erfolge in der nachhaltigen Umsatzsteigerung (im B2B Vertrieb)
- Fundierte Kenntnisse im Sales Pipeline Management und im Umgang mit CRM-Systemen (z.  Salesforce)
- Sicherer Umgang mit MS Office
- Freiberufliche Tätigkeit

Persönliche Kompetenzen:

- Strategisches Denken mit hoher operativer Umsetzungsstärke
- Ausgeprägte Kommunikations- und Verhandlungskompetenz
- Überzeugende Darstellung des COLMENA Produkts
- Analytisches Denkvermögen und KPI-orientiertes Arbeiten
- Hohe Eigenmotivation, Selbstorganisation und Belastbarkeit
- Reisebereitschaft innerhalb der Schweiz

Sprachkenntnisse:

- Verhandlungssichere Deutschkenntnisse (C1-Level)Sehr gute Englischkenntnisse in Wort und Schrift

Wir bieten:

- Überdurchschnittliches, rein provisionsbasiertes Vergütungsmodel – ohne Deckelung
- Flexible Gestaltung: Als Haupt- oder Nebentätigkeit angelegt und ausbaubar
- Maximale Freiheit: Selbstständige Tätigkeit mit vollem Gestaltungsspielraum
- Innovatives Umfeld: Flache Hierarchien und kurze Entscheidungswege
- Weiterentwicklung: Persönliche und fachliche Weiterentwicklungsmöglichkeiten
- Flexibilität: Freie Wahl von Arbeitszeit und -ort",COLMENA,https://de.linkedin.com/company/colmena-gmbh-co-kg?trk=public_jobs_topcard-org-name,https://de.linkedin.com/jobs/view/sales-manager-b2b-m-w-d-schweiz-freiberuflich-at-colmena-4341961404?trk=public_jobs_topcard-title,2025-11-20 08:16:05,,,1
4337174316,Software Dev Engineer,"Software Dev Engineer

4 Months

Hybrid London

Up to £300 a day

Inside IR35

Key Skills: Python, React + Javascript / Typescript



As a Software Development Engineer in the European Technical Operations Solutions team, you will develop software solutions to support Customer Fulfillment programs, driving operational improvements across the global fulfillment network.



Key Responsibilities

• Solution Development: Create applications for workstations and mobile devices used in daily fulfillment operations.

• Optimization Tools: Develop web tools and real-time dashboards to optimize resource utilization and drive operational processes.

• Service Enhancements: Improve services managed by Ops engineering teams, such as Amazon Fulfillment Technologies (AFT).

• Operational Processes: Standardize processes and reduce manual touchpoints to enhance efficiency.

• Automation: Implement automation to improve operational tasks, reduce manual efforts, and speed up response times.

• KPIs: Directly influence scale KPIs (e.g., manual effort, response times) and core customer fulfillment KPIs (e.g., cost, speed, DEA, transportation capacity).

Collaboration and Implementation

• Team Collaboration: Work closely with Product Managers, Operations teams, and peers on projects with clear business solutions and high-level technical strategies.

• Design and Development: Perform in-depth analysis of the business requirements and create comprehensive low-level technical designs for you and your team to implement





Qualifications

• Technical experience: Experience with cloud computing (preferably AWS) and software development including programming in any modern object-oriented language (preferably Java and Python). Some frontend development experience preferable (React + Javascript / Typescript).

• Stakeholder Management: Ability to collaborate with both technical and non-technical stakeholders.

• Autonomy and Drive: Capable of driving software development and resolving issues independently.“



If you are interested please apply or send your CV to luke.sandilands@cpl.com",Cpl Life Sciences,https://uk.linkedin.com/company/cpl-life-sciences?trk=public_jobs_topcard-org-name,https://uk.linkedin.com/jobs/view/software-dev-engineer-at-cpl-life-sciences-4337174316?trk=public_jobs_topcard-title,2025-11-20 10:43:18,Luke Sandilands,https://uk.linkedin.com/in/luke-sandilands-56267299,7
4337194063,Applied Data Scientists | $100/hr Remote | Mercor,"At Crossing Hurdles, we work as a referral partner. We refer candidates to Mercor that collaborates with the world’s leading AI research labs to build and train cutting-edge AI models.



Organization: Mercor

Position: Applied Data Scientist

Referral Partner: Crossing Hurdles

Type: Hourly contract

Compensation: $75–$100 per hour

Location: Remote

Commitment: 10–40 hours/week, flexible and asynchronous

Duration: Flexible



Role Responsibilities:

- Translate business questions into data science problems and analytical workflows.
- Conduct data wrangling, exploratory analysis, and hypothesis testing.
- Develop statistical models and predictive tools for decision support.
- Create compelling data visualizations and dashboards for business users.
- Present findings and recommendations to non-technical stakeholders.



Ideal Qualifications:

- Strong applied data science or analytics experience in business settings.
- Proficiency in Python or R (pandas, NumPy, Jupyter) and strong SQL skills.
- Experience with data visualization tools (e.g., Tableau, Power BI).
- Solid understanding of statistical modeling, experimentation, and A/B testing.
- Strong communication skills for translating technical work into strategic insights.



Application Process (Takes 20 min):

- Submit your resume
- AI interview based on your resume (15 min)
- Submit form",Crossing Hurdles,https://www.linkedin.com/company/crossinghurdles?trk=public_jobs_topcard-org-name,https://uk.linkedin.com/jobs/view/applied-data-scientists-%24100-hr-remote-mercor-at-crossing-hurdles-4337194063?trk=public_jobs_topcard-title,2025-11-20 09:41:00,,,8
4337106035,"REVISORE TECNICO (TECHNICAL REVIEWER) – Certificazioni Food (BRCGS, IFS, FSSC22000)","- Condurre revisioni tecniche a garanzia della qualità dei report di audit, nel rispetto dei volumi di lavoro desiderato, i KPI e i tempi di consegna prescritti.
- Esaminare, valutare ed eventualmente respingere/restituire all’auditor i report di audit che non soddisfano i requisiti di qualità, accreditamento o schema.
- Decidere se il certificato debba essere rilasciato o meno ed interagire con le altre funzioni aziendali per la corretta gestione dell’iter di certificazione.

- Qualifica di Auditor in corso di validità per lo standard IFS Food.

- Laurea in scienze alimentari o bioscienze.
- Almeno 3 anni di esperienza professionale a tempo pieno nell’industria alimentare che includa le seguenti funzioni: funzioni relative alle attività di produzione alimentare (ad es. assicurazione qualità e sicurezza alimentare, R & D) nell’industria alimentare o nella distribuzione; audit e/o ispezione o messa in atto di misure di sicurezza dei prodotti alimentari
- Completamento con successo di un corso HACCP di 2 giorni (16 ore)",CSQA Certificazioni,https://it.linkedin.com/company/csqa-certificazioni-srl?trk=public_jobs_topcard-org-name,https://it.linkedin.com/jobs/view/revisore-tecnico-technical-reviewer-%E2%80%93-certificazioni-food-brcgs-ifs-fssc22000-at-csqa-certificazioni-4337106035?trk=public_jobs_topcard-title,2025-11-20 13:27:08,,,1
4337158255,Freiberufliche(r) Luxusmarkenbewerter(in) in Deutschland,"- Louis Vuitton, Saint Laurent, Balenciaga, Versace, Prada, Moncler, Fendi, Bottega Veneta, Ferragamo, COS, Bally, Dolce & Gabbana

- Tiffany & Co, De Beers, Piaget, IWC, Boucheron, Pandora

- Guerlain, Sephora, L'Oréal, Givenchy

- Bentley, Jaguar, Genesis, Maserati, Vespa

- Wählen Sie Ihre Aufgaben - stimmen Sie Ihre Missionen mit Ihren persönlichen Vorlieben und Ihrem Profil ab
- Besuchen Sie Luxusgeschäfte oder bewerten Sie online - sprechen Sie mit den Verkäufern in den Geschäften oder online, bequem von zu Hause aus
- Beobachten Sie genau - prüfen Sie das Ambiente, die Servicequalität und das allgemeine Kundenerlebnis
- Geben Sie ehrliches Feedback - nutzen Sie unsere Plattform, um Ihre Beobachtungen über Fragebögen mitzuteilen

- Registrieren: Melden Sie sich unter live.cxg.com an und bestätigen Sie Ihre E-Mail
- Vervollständigen Sie Ihr Profil: Füllen Sie Ihre Daten zu 100% aus und lassen Sie sich verifizieren
- Lassen Sie sich zertifizieren: Bestehen Sie die allgemeine Zertifizierung, um Zugang zu den Missionen zu erhalten
- Bewerben Sie sich für Missionen: Erkunden Sie Aufträge mit Marken, die Sie begeistern
- Beginnen Sie mit der Evaluierung: Beginnen Sie, auf dem Luxusmarkt etwas zu bewegen. Vergütung:

- Sie müssen mindestens 18 Jahre alt sein
- Derzeitiger Kunde von Premium- und Luxusmarken
- Steht derzeit nicht unter Vertrag mit einer Einzelhandelsmarke, um Unparteilichkeit zu gewährleisten
- Pünktlich, organisiert, detailorientiert und zuverlässig
- Aufmerksam und leidenschaftlich in Bezug auf Kundenerfahrungen
- Es sind keine Vorkenntnisse erforderlich; wir schätzen ehrliches Feedback von echten Kunden",CXG,https://ae.linkedin.com/company/cxgroup?trk=public_jobs_topcard-org-name,https://de.linkedin.com/jobs/view/freiberufliche-r-luxusmarkenbewerter-in-in-deutschland-at-cxg-4337158255?trk=public_jobs_topcard-title,2025-11-20 16:17:35,,,1
4324775582,Freelance Contractor,"- This is a full-time or part-time REMOTE position
- You’ll be able to choose which projects you want to work on
- You can work on your own schedule
- Projects are paid hourly starting at $20+ USD per hour, with bonuses on high-quality and high-volume work

- Give AI chatbots writing and editing tasks and evaluate their outputs
- Evaluate the quality produced by AI models for correctness and performance

- Fluency in English (native or bilingual level)
- Detail-oriented
- Excellent command of grammar, style, and brand voice
- A current, in progress, or completed Bachelor's is preferred but not required",DataAnnotation,https://www.linkedin.com/company/dataannotationtech?trk=public_jobs_topcard-org-name,https://ie.linkedin.com/jobs/view/freelance-contractor-at-dataannotation-4324775582?trk=public_jobs_topcard-title,2025-11-20 15:46:13,,,2
4323532571,Senior Data Scientist (SC Clearance) - Causal Inference and Bayesian Modelling,"Senior Data Scientist (SC Clearance) - Causal Inference and Bayesian Modelling

Location: Remote – Occasional Workshop attendance (London)

Contract: 3 months

Rate: Negotiable

Ref: J13035



A Senior Data Scientist is required with strong experience in causal inference, causal AI, Bayesian modelling and Python, to support highly specialised work involving advanced statistical techniques, graph based methods and experimentation to uncover true cause and effect within complex datasets.



The role requires active SC clearance, the ability to work independently, and confidence contributing to a small, highly technical team.



This is a three month engagement starting mid-December, mostly remote with occasional workshops in London.



If you have strong hands on experience in Python, causal modelling, Bayesian methods, and statistical reasoning, we want be keen to speak with you.



Please contact Datatech on 01256314660 or email adrian.clarke@datatech.org.uk.",Datatech Analytics,https://uk.linkedin.com/company/datatech-analytics?trk=public_jobs_topcard-org-name,https://uk.linkedin.com/jobs/view/senior-data-scientist-sc-clearance-causal-inference-and-bayesian-modelling-at-datatech-analytics-4323532571?trk=public_jobs_topcard-title,2025-11-20 13:41:16,Adrian Clarke,https://uk.linkedin.com/in/adrian-clarke-819a5346,8
4323389931,Web Designer,"A digital agency specialising in high-quality website design and build is looking for a Freelance Web Designer to support its growing project workload. This is a rolling contract for someone who is confident owning website concepts, wireframes, and UI design in Figma, with a strong understanding of how great design translates into build.



You’ll be working on a range of client sites across different sectors, collaborating with developers and project teams to deliver polished, modern, conversion-focused designs.



Role: Freelance Web Designer

Rate: £300 per day (Outside IR35)

Location: Remote with occasional team collaboration as needed



What you’ll be doing:



- Producing website concepts, wireframes, and high-fidelity UI designs in Figma
- Working closely with developers to ensure designs translate accurately into build
- Creating component libraries and scalable design systems for consistent delivery
- Designing intuitive site layouts and user flows with a strong focus on UX
- Delivering clean, modern, brand-led visuals across web pages and digital assets
- Supporting multiple projects at pace with clear communication and attention to detail



What you’ll need:



- Proven experience as a Web Designer with a strong portfolio of website work
- Advanced Figma skills, including components, auto layout, prototyping, and design systems
- Solid understanding of UX principles, responsive design, and accessibility
- Ability to collaborate with developers and project teams effectively
- Strong visual design skills with an eye for typography, layout, and brand alignment
- Experience in an agency environment is a bonus but not essential



What’s on offer:



- £300 per day
- Outside IR35
- Rolling freelance engagement
- Opportunity to work on varied, high-quality design projects
- Work with a creative, collaborative digital team



If you’re a Figma-led Web Designer with an eye for detail and the ability to design beautifully functional websites, this is a great ongoing freelance opportunity.",Digital Waffle,https://uk.linkedin.com/company/digitalwaffle?trk=public_jobs_topcard-org-name,https://uk.linkedin.com/jobs/view/web-designer-at-digital-waffle-4323389931?trk=public_jobs_topcard-title,2025-11-20 09:42:32,Harry Griffiths,https://uk.linkedin.com/in/harry-griffiths1,1
4347042058,Dozent:in für Buchhaltungssoftware Lexware,"DWW Akademie ist eine moderne Akademie für Büroberufe, die sich auf die Weiterbildung und Vorbereitung von Migrantinnen und Migranten zur erfolgreichen Integration in den deutschen Arbeitsmarkt spezialisiert.

Wir arbeiten vollständig online, sodass unsere Teilnehmenden von jedem Ort in Deutschland aus flexibel lernen können.

Aktuell sind wir auf der Suche nach einem Experten/einer Expertin für Lexware, der/die komplexe Themen verständlich erklären kann und Freude daran hat, Wissen praxisnah zu vermitteln.

- Durchführung des Moduls Lexware im Rahmen unseres Kurses;
- Unterrichten auf Deutsch, unsere Teilnehmer verfügen über ein Sprachniveau B1-B2;
- Die Unterrichtseinheiten finden ab 17 Uhr statt;
- Praktische Einführung der Teilnehmenden in die Nutzung von Arztabrechnungssoftware ( Lexware );

- Mindestens 3 Jahre Berufserfahrung in der Buchhaltung in deutschen Unternehmen;
- Sicherer Umgang mit Lexware;
- Kommunikationsstärke und Fähigkeit, komplexe Themen in verständlicher Sprache zu erklären.

- Remote-Arbeit von überall auf der Welt;
- Stundensatz: 50 €;
- Teilzeit (Arbeitsumfang je nach Verfügbarkeit, ca. 8-12 Stunden pro Woche);
- Stärkung Ihrer persönlichen Marke – Möglichkeit, Online-Events durchzuführen, Fachkräfte auszubilden und sich als Experte zu etablieren;
- Karrierechancen – Möglichkeit, Dekan zu werden und die Fakultät zu leiten;

Wir freuen uns auf Ihre Bewerbung!",DWW Akademie,https://de.linkedin.com/company/dwwakademie?trk=public_jobs_topcard-org-name,https://de.linkedin.com/jobs/view/dozent-in-f%C3%BCr-buchhaltungssoftware-lexware-at-dww-akademie-4347042058?trk=public_jobs_topcard-title,2025-11-20 12:17:41,,,1
4337168357,Full Stack Engineer,"We are looking for a senior fullstack software engineer to join one of our clients. You will be the main developer responsible for the backend service, with a strong focus on performance, reliability, and scalability to support thousands of concurrent users and high-frequency external service integrations. While backend expertise is essential, you should also have solid experience in modern frontend development and be ready to suggest improvements and adopt new technologies across the stack.



Our tech stack includes: Python, FastAPI, ReactJS, Typescript, Tailwind, Vite, Redis, MongoDB, PostgreSQL, Alembic, Azure DevOps, Docker, Kubernetes, and AWS. Experience with infrastructure is a plus, but not a main requirement—our infra team handles deployments and operations.



Responsibilities

- Lead backend architecture and development, ensuring high performance and reliability.
- Make key technical decisions and drive architectural improvements.
- Proactively propose and implement enhancements on both backend and frontend.
- Ensure backend and frontend code are well tested, using Playwright for end-to-end and integration tests.
- Collaborate with other engineers and stakeholders to deliver robust, user-friendly solutions.



Requirements

- 3+ years of professional experience in full stack development.
- Proficiency in React.js , JavaScript (ES6+), HTML5, and CSS3.
- Strong experience in Python and at least one web framework (Django, Flask, or FastAPI).
- Experience with RESTful API design and integration.
- Familiarity with relational and/or NoSQL databases (e.g., PostgreSQL, MySQL, MongoDB).
- Knowledge of Git and version control workflows.
- Understanding of software development best practices, including agile methodologies and test-driven development.
- Fluent in English (B2/C1 level)



What can you expect

- Team of passionate people who love what they do.
- Opportunity to learn and grow.
- Possible training or certification subsidies.

",Engenious,https://pl.linkedin.com/company/engenious?trk=public_jobs_topcard-org-name,https://es.linkedin.com/jobs/view/full-stack-engineer-at-engenious-4337168357?trk=public_jobs_topcard-title,2025-11-20 16:30:36,Konrad Olszówka,https://pl.linkedin.com/in/konrad-olszowka-507607114,8
4337204113,"Founder, (Its not a job, its getting your startup\idea supported)","Founder Opportunity | Build & Own Your Company with Expert Backing

Commitment: Full-time



Starting your own business can feel risky, lonely, and overwhelming. But with the right partner, proven strategies, and access to capital, your vision can turn into a thriving company faster than you think.

I’m Eric Frank, a Startup Consultant & Investor Relations Professional with:

- 10+ years of experience guiding founders and ventures globally
- A strong network of 5,000+ investors, VCs, and startup founders
- Experience raising over $35M across 30+ equity and debt deals
- Expertise in strategy, fundraising, branding, and scaling businesses

Now, I’m looking for ambitious Founders ready to take the leap and build their own company or brand—with professional guidance and support every step of the way.



Who This Is For

- Professionals with skills or domain expertise (tech, consulting, design, marketing, finance, operations, etc.) who want to own their own venture
- Ambitious individuals ready to commit resources (time, money, or both) toward building a business
- People who have an idea but no roadmap, or those who don’t yet have an idea but know they want to build
- Anyone seeking a trusted partner with the network, credibility, and experience to make things happen

Potential Venture Areas

- SaaS & Tech (AI, B2B tools, marketplaces)
- Consumer Brands (Lifestyle, D2C, Fashion)
- Social Impact & EdTech ventures
- Investment & Consulting platforms
- Creative Ventures (Design, Media, Arts-driven businesses)



Why Join as a Founder?

Because waiting rarely makes risk disappear—it only delays opportunity. With the right foundation, your risk becomes an investment. This is your chance to own a company, shape its direction, and benefit directly from its growth.

I provide the strategy, capital access, and credibility—you bring passion, skills, and ambition. Together, we turn ideas into profitable ventures.

📩 How to Take the First Step

If you’ve ever thought, “I want to start something, but I don’t know how or with whom” , this is your invitation. Send me a short introduction about your background, skills, and the type of business you’d love to build.

Let’s make your entrepreneurial leap safer, faster, and more rewarding.

",Eric Frank,https://www.linkedin.com/company/eric-frank?trk=public_jobs_topcard-org-name,https://ch.linkedin.com/jobs/view/founder-its-not-a-job-its-getting-your-startup-idea-supported-at-eric-frank-4337204113?trk=public_jobs_topcard-title,2025-11-20 11:19:54,,,9
4347023461,Interim Transformation Lead (SaaS Company),"We are supporting a private-equity backed international software group that is entering a major organisational transformation. As the company moves toward a more focused operating model, we are assembling an interim transformation team to work closely with senior leadership.



Role: Interim Senior Transformation Consultant (individual or small team)



Scope

You will help shape and execute a company-wide transformation roadmap, working alongside a senior PMO lead and C-level stakeholders. The focus is on simplifying the organization, sharpening commercial direction, improving cross-functional effectiveness and preparing the business for its next growth phase.



Profile

We are looking for a mid- to senior-level professional with experience in:

• enterprise software or tech-enabled business models

• transformation / PMO work in complex organizations

• hands-on execution, structured problem solving, and, stakeholder management

• working in PE-backed environments (a plus)



This project offers close exposure to the investor, high strategic relevance, and the opportunity to drive a multi-year transformation end-to-end.

- If you are interested in being considered, feel free to reach out or join the vetted network at Fintalent.com — the platform for on-demand M&A, transformation and corporate development professionals.",Fintalent.com,https://uk.linkedin.com/company/fintalentio?trk=public_jobs_topcard-org-name,https://de.linkedin.com/jobs/view/interim-transformation-lead-saas-company-at-fintalent-com-4347023461?trk=public_jobs_topcard-title,2025-11-20 17:16:53,,,5
4337199134,Freelance Producer Zeitschrift / Magazin (m/f/d),"FRATCH ist ein KI-Assistent, der Unternehmen innerhalb von Sekunden mit Freiberuflern und Interimsmanagern verbindet. Wir suchen mehrere Producer für Zeitschriften und Magazine.



Aufgaben



- Verantwortung für die Koordination und Steuerung des gesamten Produktionsprozesses von Zeitschriftenmagazinen
- Planung und Überwachung von Heftstruktur, Terminen, Anzeigen und Workflows
- Enge Zusammenarbeit mit Redaktion, Verlagsleitung, Vermarktung, Technik, Marketing, Vertrieb, Druckerei und Dienstleister:innen
- Qualitätssicherung bei Layouts, Texten und Druckfreigaben
- Kalkulation und Organisation von Zusatzprodukten (z. B. Beileger, Poster, Erweiterungen)
- Aktive Rolle in strategischen Projekten, Konferenzen und bei der Einführung neuer Formate





Qualifikation



- Fundiertes Wissen über den gesamten Print-Produktionsprozess (inkl. Tief- und Offsetdruck)
- Mehrjährige Erfahrung im Bereich Programm- oder Zeitschriftenredaktionen sowie ein gutes Verständnis der Medienlandschaft
- Sehr gute organisatorische Fähigkeiten und Belastbarkeit, auch unter Zeitdruck
- Sicherer Umgang mit Redaktionssystemen und Layoutprogrammen (z.B. K4, InDesign, Journal Designer)
- Hohe Qualitätsorientierung, Blick fürs Detail und Verständnis für journalistische Standards
- Kommunikationsstärke und Koordinationsgeschick im Umgang mit internen und externen Partner:innen
- Entscheidungsfreude und souveränes Handeln in zeitkritischen Situationen",FRATCH,https://de.linkedin.com/company/fratch?trk=public_jobs_topcard-org-name,https://de.linkedin.com/jobs/view/freelance-producer-zeitschrift-magazin-m-f-d-at-fratch-4337199134?trk=public_jobs_topcard-title,2025-11-20 19:17:39,,,1
4337186742,Entrepreneur Franchisé(e),"🎯 Entrepreneur Franchisé(e) - French Acai



French Acai, concept innovant dans les machines de Bowls d'Acai, recherche son/sa futur(e) entrepreneur franchisé. Le Franchisé pourra acquérir une ou plusieurs de nos machines French Acai et identifier des emplacements stratégiques afin d'assurer le succès de son implantation.



🚀 Vos missions



- Identifier et sélectionner les meilleurs emplacements pour implanter la machine.
- Gérer et exploiter vos points de vente.
- Garantir l'application des standards qualité, hygiène et service client.
- Mettre en place des actions marketing locales.
- Collaborer avec le siège pour le suivi des performances.



🎓 Ce que nous apportons



- Un concept clé en main
- Une formation complète : exploitation, qualité, hygiène, opérations.
- Accompagnement pour l'installation, l'ouverture et le suivi opérationnel.
- Outils, supports marketing et logiciel de suivi des performances.



👫 Profil recherché



- Esprit entrepreneurial et motivation à développer une/ou de nos machines.
- Sens du service, de la gestion et de l'organisation
- Aucune expérience en restauration requise.



📩 Intéressé(e) ?



Toutes les informations complémentaires ( Apport minimum de 10K conditions, modalité, process) sont communiquées exclusivement en privé.

Contactez-nous directement via Linkedln pour échanger sur votre projet.

Ou par téléphone au 06.01.48.53.23 ou 07.64.43.19.78",French Acai,https://fr.linkedin.com/company/french-acai?trk=public_jobs_topcard-org-name,https://fr.linkedin.com/jobs/view/entrepreneur-franchis%C3%A9-e-at-french-acai-4337186742?trk=public_jobs_topcard-title,2025-11-20 14:23:33,Baptiste Bregere,https://fr.linkedin.com/in/baptiste-bregere-676845260,1
4337098455,Senior Backend Engineer,"Senior Backend Engineer

UK Remote

6 Month Contract





A fantastic contract role has opened up for a highly skilled Senior Backend Engineer with strong expertise in Python or Java. This is an exciting chance to join a leading technology company known for its high engineering standards and innovative approach to distributed systems.



In this position, the Senior Backend Engineer will play a central role in building and scaling mission-critical, data-heavy applications. You'll be involved across the full engineering lifecycle - from system design through to development and delivery - taking ownership of solutions that drive real impact.



Working closely with an Engineering Manager and collaborating with cross-functional teams, the Senior Backend Engineer will help shape and implement microservices-based architectures, while making use of modern technologies such as AWS, Kubernetes, Docker, and Kafka. You'll also focus on improving performance, reliability, and scalability, contributing to design discussions, code reviews, and knowledge sharing across the team.





Senior Backend Engineer - Key Skills & Experience:



- Strong background in backend software engineering, with significant commercial experience
- Advanced proficiency in Python or Java, with hands-on expertise in AWS, Kubernetes, and Docker
- Experience designing and architecting systems end-to-end
- Proven track record of working with complex, large-scale data applications
- Product-driven mindset and experience working in fast-moving, tech-focused organisations (e.g. start-ups or scale-ups)
- Additional skills with Kafka, Cassandra, gRPC, and microservices design are highly advantageous
- Open-source contributions are a plus





This is an excellent opportunity for a Senior Backend Engineer who thrives on tackling technical challenges and wants to make a tangible impact. The client is looking to move quickly, so if this sounds like the role for you, don't hesitate to apply.



We are an equal opportunities employer and welcome applications from all suitably qualified persons regardless of their race, sex, disability, religion/belief, sexual orientation, or age.",Fruition Group,https://uk.linkedin.com/company/fruition-it?trk=public_jobs_topcard-org-name,https://uk.linkedin.com/jobs/view/senior-backend-engineer-at-fruition-group-4337098455?trk=public_jobs_topcard-title,2025-11-20 15:43:13,Caitlin Chapman,https://uk.linkedin.com/in/caitlin-chapman-65461a207,8
4341861646,Salesforce/Omnistudio Developer,"Wanted! - Senior Omnistudio / Salesforce Developer Needed

Role: Senior Omnistudio Developer (x2) - Remote Contract: 12 months | Banking Sector | Competitive Daily Rate

We're on the hunt for two experienced Salesforce professionals with strong Omnistudio expertise to join a major international banking transformation project. The initiative is currently in the analysis phase , so you'll be stepping in at a critical point to help shape the future of digital banking experiences.

What we're looking for: ✅ Deep knowledge of Omnistudio (FlexCards, OmniScripts, Integration Procedures) and Salesforce Core functionality ✅ Proven ability to work in large-scale, global environments (bonus points if you've mastered the art of juggling time zones!) ✅ Strong communication skills and fluent English (Italian language skills? Bellissimo! That's a plus!) ✅ A proactive mindset and ability to collaborate effectively with cross-functional teams

The deal: 🌍 Fully remote work - flexibility to work from anywhere 🚀 Start ASAP - interviews are already underway 📅 12-month contract with potential for extension 💼 Opportunity to work on high-impact banking solutions that will be used globally

If you're ready to bring your Salesforce and Omnistudio expertise to a project that's shaping the future of banking, we'd love to hear from you! Reply to this post or send a direct message to start the conversation. Let's make banking smarter, faster, and more brilliant-together!",Glocomms,https://www.linkedin.com/company/glocomms?trk=public_jobs_topcard-org-name,https://it.linkedin.com/jobs/view/salesforce-omnistudio-developer-at-glocomms-4341861646?trk=public_jobs_topcard-title,2025-11-20 09:28:39,Opeyemi Agbolade,https://uk.linkedin.com/in/opeyemi-agbolade-b9952818a,1
4337144701,Artificial Intelligence Engineer,"AI Engineer (SC) - Inside IR35 - Remote (UK)

£800 - 850/day



Harvey Nash are working with a UK Government body on an exciting project requiring an experienced AI Engineer. You will take over the AI leadership from a development perspective to work on a new experimental programme of work.

You will be highly experienced in Python, Generative AI & Large Language APIs.



Contract Details:

- 4 Months - extensions likely
- Remote (UK)
- £800 - 850/Day
- Inside IR35
- SC Clearance required
- ASAP Start



If you're interested in this role & meet the above requirements, please don't hesitate to apply.",Harvey Nash,https://uk.linkedin.com/company/harvey-nash?trk=public_jobs_topcard-org-name,https://uk.linkedin.com/jobs/view/artificial-intelligence-engineer-at-harvey-nash-4337144701?trk=public_jobs_topcard-title,2025-11-20 11:41:01,Frazer Allen,https://uk.linkedin.com/in/frazer-allen,10
4337227750,Student Placement: iHawk (Cricket) Systems Operators 26/27,"- Tracking sessions remotely, both live and retrospectively
- Being the key point of contact for analysts and providing remote support
- Working with developers to test software elements of the system and offer improvements
- Building and maintenance of kits in the office
- Going away to install broadcast services and permanent installations for cricket boards

- A technical grounding
- Strong problem-solving skills
- Excellent communication with the ability to liaise with clients and customers in a professional and approachable manner
- Great teamwork skills
- A passion for innovation
- A willingness to learn
- Flexible and willing to travel worldwide
- The ability to thrive in a fast-paced and pressurised environment
- An interest in the sport of Cricket
- Must be currently studying towards an undergraduate degree

- Innovation: We constantly seek new ways to improve and innovate in the sports entertainment industry.
- Teamwork: We celebrate our successes and learn from our experiences as a team.
- Passion: Our love for sports drives everything we do.

- Application: If you're interested in this position, please submit your CV, complete the application form and hit submit.
- Task Submissions: Successful candidates from the application stage will receive an invitation to access our video assessment systems. We will ask you to complete a one-way video interview (Hireflix platform).
- Review Period: Once you have completed the tasks, our team will take a period of time to review all tasks and provide application updates.
- Assessment Event: Successful candidates from the video interview stage will be invited to one of our Hawk-Eye Assessment Events. This will be in-person, and you will be provided with further details and preparation material prior to the event.
- Offers & Feedback: The team will take time to review all feedback and conduct our final reviews.",Hawk-Eye Innovations,https://uk.linkedin.com/company/hawk-eye-innovations-ltd?trk=public_jobs_topcard-org-name,https://uk.linkedin.com/jobs/view/student-placement-ihawk-cricket-systems-operators-26-27-at-hawk-eye-innovations-4337227750?trk=public_jobs_topcard-title,2025-11-20 15:44:08,,,1
4347001322,BE YOUR OWN BOSS IN RECRUITMENT — POWERED BY HIRE ABROAD,"BE YOUR OWN BOSS IN RECRUITMENT — POWERED BY HIRE ABROAD



About the job

Dreamed of running your own recruitment business—without chasing clients or building everything from scratch?



HireAbroad is a recruitment marketplace that connects freelance recruiters with verified blue-collar job openings across the EU, enabling them to earn commissions for each successful hire. We provide the open vacancies in the Dutch and EU employers—recruiters choose what to fill and earn per hire. No fixed hours. No agency license. Just your own business on your terms.



If you’re entrepreneurial, socially connected, and eager to work on your own terms—this is for you.



| NOTE : This is not a salaried job — you earn commission for each successful hire.



✅ Key Benefits

- Earn up to €1,000 per candidate placed – fully commission-based
- Access to verified vacancies from Dutch and EU employers
- Your own website with all jobs listed — ready to share instantly
- No need to look for clients – we bring the jobs, you bring the talent
- Work remotely & on your own schedule
- Ongoing support, training, and collaboration with experienced mentors
- We provide free marketplace with vacancies



⚙️ What You’ll Do

- Match EU-based blue-collar talent with open Dutch and EU roles (EU citizens only)
- Build your own quality candidate pool using your social skills and smart tech— your key asset for future growth.
- Use social platforms and  automation tools to reach candidates faster and smarter.
- Select vacancies you want to fill—focus where your strengths lie
- Learn fast, adapt quickly, and scale your sourcing power
- Collaborate with the HireAbroad team to refine your process and boost results



🚀What You’ll Need

- Ability to grow candidate pools via social channels, strong people skills.
- Tech-savviness and openness to using automation tools (we’ll guide you)
- Real ambition to build your own business and earn from results
- Good English (other EU languages a plus)
- Entrepreneurial mindset and independence
- Recruitment experience is a bonus—but drive, tech use, and social skills matter more



Ready to build something of your own—without starting from scratch?

Apply now and start building your HR business with HireAbroad



https://webforms.pipedrive.com/f/72ohdKfck5WLtq4fjZ0AxUJnxGrpDVgfnjmJp4ZeiNu2lIDlKia2OLSWExIP6ihMNZ

",Hire Abroad,https://lt.linkedin.com/company/hire-abroad?trk=public_jobs_topcard-org-name,https://es.linkedin.com/jobs/view/be-your-own-boss-in-recruitment-%E2%80%94-powered-by-hire-abroad-at-hire-abroad-4347001322?trk=public_jobs_topcard-title,2025-11-20 08:31:45,,,1
4322138507,Senior Firmware Engineer,"Job Title: Firmware Engineer (7-10 Years Experience)

Type - Contract

Location - Hybrid Barcelona, Spain



Introduction: We are seeking a highly skilled and experienced Firmware Engineer to join our dynamic team. This role is pivotal in developing and maintaining embedded firmware for advanced printing devices, directly impacting product performance, reliability, and customer satisfaction. The ideal candidate will leverage their expertise in Firmware development , particularly within the printer domain, to drive innovation and ensure seamless integration of hardware and software components.



Roles and Responsibilities:

- Design, develop, and optimize embedded firmware for printer systems, ensuring high performance and reliability.
- Collaborate with hardware engineers to integrate and validate firmware with printer hardware components.
- Write, test, and debug code primarily in C Programming and C++ , ensuring adherence to coding standards and best practices.
- Develop and maintain automation scripts using Python and TCL to support firmware testing and validation processes.
- Analyze system requirements and translate them into efficient firmware solutions that meet product specifications.
- Participate in code reviews, design discussions, and contribute to continuous improvement initiatives.
- Troubleshoot and resolve firmware-related issues in both development and production environments.
- Document firmware designs, test plans, and troubleshooting guides to support cross-functional teams.
- Stay updated with emerging technologies and industry trends to enhance firmware capabilities and printer functionalities.



Qualifications:

- Bachelor’s or Master’s degree in Electrical Engineering, Computer Science, or a related field.
- 7 to 10 years of professional experience in embedded firmware development, preferably in the printing or related hardware domain.
- Strong proficiency in C Programming and C++ for embedded systems.
- Hands-on experience with scripting languages such as Python and TCL for automation and testing.
- Demonstrated expertise in firmware design, debugging, and optimization for printer hardware.
- Familiarity with embedded system architectures, real-time operating systems (RTOS), and hardware interfaces.
- Excellent problem-solving skills and ability to work effectively in a collaborative team environment.
- Strong communication skills to articulate technical concepts and collaborate with cross-functional teams.



Tools and Technologies:

- Embedded development environments and toolchains (e.g., Keil, IAR, GCC).
- Debugging tools such as JTAG, oscilloscopes, and logic analyzers.
- Version control systems like Git or SVN.
- Scripting and automation tools: Python , TCL .
- Familiarity with printer firmware platforms and protocols.
- Integrated development environments (IDEs) supporting C and C++ development.

",Hyqoo,https://www.linkedin.com/company/hyqoocom?trk=public_jobs_topcard-org-name,https://es.linkedin.com/jobs/view/senior-firmware-engineer-at-hyqoo-4322138507?trk=public_jobs_topcard-title,2025-11-20 14:32:53,Mohd Faizan,https://in.linkedin.com/in/mohd-faizan-273453147,3
4338280577,Business Analyst,"Contract Agile Business Analyst (Tech Consultancy: Client Facing)



Location: UK (Hybrid/Remote)

Contract Length: 4–6 months (possible extensions)

Day Rate: £500 - £525 per day (Inside IR35)

Start Date: ASAP



We’re hiring an Agile Business Analyst on behalf of a (scale up) technology consultancy team on a contract basis, working directly with clients to shape and deliver digital solutions. You’ll work closely with stakeholders, product teams, and software engineers through digital transformation, to define requirements, run discovery workshops, and support delivery in fast-paced agile environments.



What You’ll Do:



- Lead discovery workshops & stakeholder interviews
- Capture clear, value-driven requirements (user stories, acceptance criteria, process flows)
- Work hands-on with software engineering teams
- Support backlog refinement, sprint planning & agile ceremonies
- Communicate insights and recommendations to senior client stakeholders



We’re Looking For:



- Strong Agile BA experience in digital/software delivery
- Consultancy or client-facing experience
- Confident facilitator with excellent communication skills
- Ability to translate business needs into technical requirements
- Public sector/GDS experience is a bonus, not essential



If you’re an experienced BA who enjoys collaborating with delivery teams and helping clients solve real problems, we’d love to hear from you.",Inara,https://uk.linkedin.com/company/inara-talent?trk=public_jobs_topcard-org-name,https://uk.linkedin.com/jobs/view/business-analyst-at-inara-4338280577?trk=public_jobs_topcard-title,2025-11-20 22:41:07,Jason Ouston,https://uk.linkedin.com/in/jasonouston,3
4337224118,Sap Business Intelligence Consultant,"- Overall, 10-14 Years of experience with minimum 5-7 Years of Experience in SAP Analytic Cloud with at least 3 End to End projects implementations in SAC – Business Intelligence Analytics Application Dashboards
- Strong Technical experience with advanced scripting must develop SAC solutions to meet client expectations.
- Ability to manage the team, recommend best practices and optimized configuration in SAC .
- Hands on experience in SAC with BW/BW on HANA/BW4H.
- Good knowledge on Live and Import data model functionality.
- Experience in creation of complex stories using Linked Analysis, cross calculation, Input control, calculated measures, Aggregation, Threshold.
- Experience in working with hierarchies in dashboards in SAC.
- Experience in designing complex Analytical App using scripts.
- Good experience in SAC Security and administration, exposure to dimension and model level permissions.
- Good knowledge of visualization concept of reporting.
- Great communication client facing skills.

",Infoplus Technologies UK Limited,https://uk.linkedin.com/company/infoplus-technologies-uk-limited?trk=public_jobs_topcard-org-name,https://uk.linkedin.com/jobs/view/sap-business-intelligence-consultant-at-infoplus-technologies-uk-limited-4337224118?trk=public_jobs_topcard-title,2025-11-20 10:44:35,Santhosh L,https://in.linkedin.com/in/santhosh-l-ab6ab4227,4
4341813416,Legal Specialist,"Required Skills

- Legal expert, experienced in primary sources of law in the European region
- Excellent communication skills (written and oral)
- Excellent presentation skills, including creating and delivering presentations
- Bilingual preferred (EU languages), English required
- Experience in legal business process consulting required
- Self starter and proactive communicator



Job Description

Innodata is seeking a legal specialist to serve as a consultant for a client in the legal and regulatory space. This legal specialist will support standardization activities across multiple siloed legal processes in different countries, pertaining to the legal primary sources workflow. Activities include:

- Working with business analysts and legal experts to analyze individual countries’ primary source workflow, data and files
- Working with business analysts to create consolidated and standardized processes and data based on individual countries’ processes, highlighting instances in which local countries cannot conform to standard
- Producing deliverables for standardized process (with the support of business analysts), including but not limited to:
- Process documentation (as-is documentation and to-be process design)
- Spreadsheets containing standardized data elements for various processes
- Understanding status of standardization efforts across all active countries, and reporting status to program leadership
- Attending regular Program Board meetings and serving as legal expert representative
- Attending regular Operational Committee meetings and serving as legal expert representative

Attending and contributing to meetings between business analysts and client to provide guidance and context",Innodata Inc.,https://www.linkedin.com/company/innodata-inc-?trk=public_jobs_topcard-org-name,https://nl.linkedin.com/jobs/view/legal-specialist-at-innodata-inc-4341813416?trk=public_jobs_topcard-title,2025-11-20 16:38:28,Prankit Chaturvedi,https://in.linkedin.com/in/prankit,1
4323554041,Revenue Analyst,"Insight Global is assisting a large Cyber Security and Bug bounty client of ours in hiring a Associate Revenue Operations Analyst position that they have open. This is an Inside IR35 contract and will sit remotely in the UK.



In this role, you will support reporting, data management, and project execution that helps drive revenue growth and contributes to company key objectives. This is a great opportunity for someone with prior operations or business analysis experience who is eager to grow in a fast-paced environment.



Key Responsibilities:

- Create and maintain basic to moderately complex reports and dashboards for key revenue metrics
- Automate and streamline the process of creating accurate quotes for complex products and services by guiding them through product configuration, setting correct pricing, and generating professional proposals
- Assist with data quality initiatives, ensuring accuracy and consistency across revenue systems
- Manage and deliver on low-complexity projects or contribute to larger initiatives
- Perform ad-hoc analyses to support business decisions and identify trends
- Apply company policies and processes to solve routine problems and make informed recommendations
- Collaborate with cross-functional stakeholders including Sales, Marketing, Finance, and Customer Success
- Seek and incorporate feedback from your manager and stakeholders to continuously improve deliverables
- Build internal relationships within the Revenue Operations team and the broader business



Must Haves

- Experience in Revenue Operations, Sales Operations, Business Operations, or a related field
- Experience in configuring, pricing, and quoting in Salesforce
- Knowledge on lite troubleshooting and debugging issues in Salesforce
- Proficiency with Excel/Google Sheets and experience with CRM or business intelligence tools (Salesforce, Looker, or similar)
- Familiarity with revenue processes and the ability to learn new tools and systems quickly
- Self-starter mentality with the ability to manage day-to-day tasks independently



Plusses

- A background with a SaaS or Cyber Security company
- Experience using Slack for internal communications
- Experience using the Google Suite and Zoom

",Insight Global,https://www.linkedin.com/company/insight-global?trk=public_jobs_topcard-org-name,https://uk.linkedin.com/jobs/view/revenue-analyst-at-insight-global-4323554041?trk=public_jobs_topcard-title,2025-11-20 17:44:29,Laura Conroy,https://uk.linkedin.com/in/laura-conroy-b1b933a4,3
4323631700,"Data Scientist (NLP, LLM)","Job Description:

We are seeking a Data Scientist with expertise in Natural Language Processing (NLP) and Large Language Models (LLM). The ideal candidate should have a solid foundation in machine learning fundamentals and a passion for deriving insights from unstructured text data.



Key Responsibilities:

- Develop and implement NLP models and algorithms.
- Work with Large Language Models to enhance text-based applications.
- Apply machine learning techniques to solve business problems.
- Collaborate with cross-functional teams to integrate data-driven solutions.



Required Skills:

- Proficiency in NLP and working with LLMs.
- Basic understanding of machine learning concepts and techniques.
- Strong programming skills in Python or R.
- Experience with data manipulation and processing.",Insight International (UK) Ltd,https://uk.linkedin.com/company/insight-international-uk-ltd?trk=public_jobs_topcard-org-name,https://nl.linkedin.com/jobs/view/data-scientist-nlp-llm-at-insight-international-uk-ltd-4323631700?trk=public_jobs_topcard-title,2025-11-20 12:37:12,Priyanka Chelluri,https://in.linkedin.com/in/priyanka-chelluri-693778b3,9
4337247827,Data Architect (Contract),"- Proven experience designing analytics data platforms & warehouses
- Strong data modelling (dimensional, semantic layers)
- Pipeline engineering with Airflow, DBT, Python
- Columnar/OLAP database experience
- Postgres performance tuning for analytics
- BI optimisation (Superset or similar)
- DataOps practices (testing, CI/CD, lineage)
- Open-source/on‑prem delivery experience

- Columnar stores (ClickHouse, Iceberg/Delta)
- Event-driven ingestion (Kafka, CDC)
- Superset advanced config
- HashiCorp Nomad/Terraform
- Data governance tools (Great Expectations, OpenLineage)",Instil,https://uk.linkedin.com/company/instilhq?trk=public_jobs_topcard-org-name,https://uk.linkedin.com/jobs/view/data-architect-contract-at-instil-4337247827?trk=public_jobs_topcard-title,2025-11-20 15:41:52,,,9
4347031846,Site Reliability Engineer,"Our client is one of the world’s leading manufacturers of semiconductor chip-making equipment. A majority of the world’s microchips receive their critical lithographic patterning in machines made by this organisation. In addition, they produce metrology tools and advanced applications to analyze and optimize the performance of the customer production process.



Job Mission

Troubleshoot short-term problems and translate, develop into structural improvements on our distributed data and compute platform infrastructure. Be accurate, be precise and help drive up the aggregate availability of the installs of these distributed computing systems in Korea, Taiwan, Israel, China and the US (etc.). Be part of the computing platform that is one of the main pillars under the production of the next-generation microchips of Apple, Samsung and many others.



Responsibilities:

- Create awareness in other teams about methods and procedures we use to help them to prevent repetitive help requests.
- Help application developers to understand the infrastructure / cluster / system
- “We are the team that is in charge of understanding & explaining how the system fits into the customer’s ecosystem”
- Share knowledge / mindset to other teams (dev/infra engineers)
- Cross functional, share knowledge between infra engineers
- Contribute towards building VCP as a Product which meets our standards of quality
- Increase stability and reliability of VCP by automated testing and automation
- Customer satisfaction and product reliability
- Improve the functionality and reliability of VCP
- Translate customer ecosystem needs to engineering deliverables
- Find the broken pieces of the puzzle at system/cluster level
- Combination of individual ‘stories’ in a complete book
- Make the VCP reliable by improving system resilience (bug-fixing and beyond)
- Resolve bugs in a sustaining way (implement regression test, design structural fixes)
- Ambassador of predictable component lifecycle management
- Technical roadmap maintenance (App life cycle management)
- Support feature and service request from the field
- Suggest improvements to our technical solutions and way of working, and implement them in alignment with your team and their stakeholders



Highly valued qualifications & experiences:

- Experience with DC/OS
- Experience with new technology introduction @ zero downtime including data migration
- Fan of automatic testing and qualification, if can be part of CI/CD pipeline.
- Affinity to dig deep into the details of networking issues
- Available to work (remotely) outside regular office hours when it proves that attempt to build a fail-safe system was not yet successful. We really want this to be an exception, not a rule.



Required qualifications & experiences:

- Knowledge of distributed computing systems, practical experience (must!)
- Experienced in build and release infrastructure, Maven, Nexus, Bamboo, Github
- Familiar with at least one scripting language (Python)
- Experience with Ansible
- Linux expert

",InterEx Group,https://uk.linkedin.com/company/interex-group?trk=public_jobs_topcard-org-name,https://de.linkedin.com/jobs/view/site-reliability-engineer-at-interex-group-4347031846?trk=public_jobs_topcard-title,2025-11-20 11:16:43,,,8
4347041571,Site Reliability Engineer,"Our client is one of the world’s leading manufacturers of semiconductor chip-making equipment. A majority of the world’s microchips receive their critical lithographic patterning in machines made by this organisation. In addition, they produce metrology tools and advanced applications to analyze and optimize the performance of the customer production process.



Job Mission

Troubleshoot short-term problems and translate, develop into structural improvements on our distributed data and compute platform infrastructure. Be accurate, be precise and help drive up the aggregate availability of the installs of these distributed computing systems in Korea, Taiwan, Israel, China and the US (etc.). Be part of the computing platform that is one of the main pillars under the production of the next-generation microchips of Apple, Samsung and many others.



Responsibilities:

- Create awareness in other teams about methods and procedures we use to help them to prevent repetitive help requests.
- Help application developers to understand the infrastructure / cluster / system
- “We are the team that is in charge of understanding & explaining how the system fits into the customer’s ecosystem”
- Share knowledge / mindset to other teams (dev/infra engineers)
- Cross functional, share knowledge between infra engineers
- Contribute towards building VCP as a Product which meets our standards of quality
- Increase stability and reliability of VCP by automated testing and automation
- Customer satisfaction and product reliability
- Improve the functionality and reliability of VCP
- Translate customer ecosystem needs to engineering deliverables
- Find the broken pieces of the puzzle at system/cluster level
- Combination of individual ‘stories’ in a complete book
- Make the VCP reliable by improving system resilience (bug-fixing and beyond)
- Resolve bugs in a sustaining way (implement regression test, design structural fixes)
- Ambassador of predictable component lifecycle management
- Technical roadmap maintenance (App life cycle management)
- Support feature and service request from the field
- Suggest improvements to our technical solutions and way of working, and implement them in alignment with your team and their stakeholders



Highly valued qualifications & experiences:

- Experience with DC/OS
- Experience with new technology introduction @ zero downtime including data migration
- Fan of automatic testing and qualification, if can be part of CI/CD pipeline.
- Affinity to dig deep into the details of networking issues
- Available to work (remotely) outside regular office hours when it proves that attempt to build a fail-safe system was not yet successful. We really want this to be an exception, not a rule.



Required qualifications & experiences:

- Knowledge of distributed computing systems, practical experience (must!)
- Experienced in build and release infrastructure, Maven, Nexus, Bamboo, Github
- Familiar with at least one scripting language (Python)
- Experience with Ansible
- Linux expert

",InterEx Group,https://uk.linkedin.com/company/interex-group?trk=public_jobs_topcard-org-name,https://de.linkedin.com/jobs/view/site-reliability-engineer-at-interex-group-4347041571?trk=public_jobs_topcard-title,2025-11-20 10:16:45,,,8
4341851915,Python Developer,"The role: You will be the team lead in the infrastructure and data engineering team. You will insure the full implementation of the software development life cycle and must look after your team.



Key Skills:

- Senior level of Python development
- Must have experience with data
- SQL, SALT and Linux is important for the role
- Past experience leading a team is required
- English fluency is a hard requirement
- Dutch is a bonus
- Any experience in machine learning or AI is a bonus



Details:

– Location: Almere

– Duration: 12 months

– Start date: ASAP

– Number of positions x1",InterEx Group,https://uk.linkedin.com/company/interex-group?trk=public_jobs_topcard-org-name,https://nl.linkedin.com/jobs/view/python-developer-at-interex-group-4341851915?trk=public_jobs_topcard-title,2025-11-20 10:37:11,,,8
4341832081,Senior Backend Java Developer,"CONTRACT - Backend developer - Java - Hybrid/Remote - 6 - 12 MONTHS



Our client is currently Java Initiative programme which will be rolled out across their entire business in multiple entities and countries across Europe.



Currently, we are looking for a Senior solution architect with a specialism in sales and marketing.



- ASAP start
- Full Time but can ramp up slowly
- 4+ year project
- Fully remote



Must have great knowledge of Spring and Maven along with other backend tools.



I am looking to speak with professional English-speaking Developers. If you are interested in this position or know someone who would be perfect for this role please contact us.



- Seniority Level
- Mid-Senior level
- Industry
- Staffing and RecruitingInformation Technology and Services
- Employment Type
- Contract
- Job Functions
- Information Technology



We look forward to receiving your application!",InterEx Group,https://uk.linkedin.com/company/interex-group?trk=public_jobs_topcard-org-name,https://ch.linkedin.com/jobs/view/senior-backend-java-developer-at-interex-group-4341832081?trk=public_jobs_topcard-title,2025-11-20 11:20:38,,,5
4341812011,Salesforce Experience Cloud Developer,"Job Opportunity: Salesforce Experience Cloud Specialist - Elevate Our Customer Engagement



Why This Role Is Exciting:

- Customer-Centric Impact: Play a key role in designing and implementing Salesforce Experience Cloud solutions that will transform how our customers interact with our services.
- Strategic Influence: Your expertise will drive the creation of seamless, user-friendly portals that enhance customer engagement and streamline their experience.
- Professional Growth: As our projects evolve, you’ll have the opportunity to deepen your Salesforce skills and take on leadership responsibilities in a dynamic environment.



What You'll Be Doing:

- Solution Design: Lead the customization and deployment of Salesforce Experience Cloud solutions tailored to meet the unique needs of our customer base.
- Cross-Functional Collaboration: Partner with product managers, marketing teams, and developers to create engaging, high-performance customer portals and communities.
- Best Practice Implementation: Provide expert guidance on Experience Cloud best practices, ensuring our platforms are innovative, scalable, and secure.



Why You Should Join Us:

- High-Visibility Project: Contribute to a high-profile initiative that will redefine our customer engagement strategies.
- Work-Life Balance: We offer flexible working arrangements to support a healthy work-life balance.
- Rewarding Compensation: Enjoy a competitive salary package with benefits that recognize your specialised skills and contributions.

",InterEx Group,https://uk.linkedin.com/company/interex-group?trk=public_jobs_topcard-org-name,https://pt.linkedin.com/jobs/view/salesforce-experience-cloud-developer-at-interex-group-4341812011?trk=public_jobs_topcard-title,2025-11-20 11:34:14,,,2
4347021594,Active Directory Specialist,"Key Responsibilities:

- Provide expert troubleshooting for multi-forest Active Directory service issues (DFS, DNS, WINS, LDAP etc)
- Promote and demote domain controllers
- Support AD name resolution technologies (DNS, WINS, DHCP, Infoblox)
- Implement AD security methodologies (JEA, JIT, Delegation models and Tiered Admin model etc)
- Perform AD schema extensions
- Create PowerShell scripts
- Support Azure AD, AAD-DS and other Azure technologies
- IDAM project delivery & process design
- Simplification of complex IDAM processes & tools
- Maintaining security, standards and high availability of AD architecture
- Design and review any required changes to Active Directory with a specific focus on structure, delegation models, tiering and management.



We look forward to receiving your application!",InterEx Group,https://uk.linkedin.com/company/interex-group?trk=public_jobs_topcard-org-name,https://es.linkedin.com/jobs/view/active-directory-specialist-at-interex-group-4347021594?trk=public_jobs_topcard-title,2025-11-20 10:30:40,,,1
4347011882,Active Directory Specialist,"Key Responsibilities:

- Provide expert troubleshooting for multi-forest Active Directory service issues (DFS, DNS, WINS, LDAP etc)
- Promote and demote domain controllers
- Support AD name resolution technologies (DNS, WINS, DHCP, Infoblox)
- Implement AD security methodologies (JEA, JIT, Delegation models and Tiered Admin model etc)
- Perform AD schema extensions
- Create PowerShell scripts
- Support Azure AD, AAD-DS and other Azure technologies
- IDAM project delivery & process design
- Simplification of complex IDAM processes & tools
- Maintaining security, standards and high availability of AD architecture
- Design and review any required changes to Active Directory with a specific focus on structure, delegation models, tiering and management.



We look forward to receiving your application!",InterEx Group,https://uk.linkedin.com/company/interex-group?trk=public_jobs_topcard-org-name,https://es.linkedin.com/jobs/view/active-directory-specialist-at-interex-group-4347011882?trk=public_jobs_topcard-title,2025-11-20 11:30:42,,,1
4341911527,"Legal Counsel, Labor & Employment Law","Start Date: Immediate

Duration: Ongoing (open-ended)

Utilization: 30%

Location(s): Switzerland (Remote)



THE ROLE

We are seeking a Legal Counsel for a multinational food and beverages company in Switzerland. This role is suited for a legal professional with strong experience in labor and employment law, particularly within international corporate environments. The successful candidate will partner closely with global HR and Legal teams to support workforce-related legal matters across multiple jurisdictions. This position requires a sound understanding of Swiss and European employment regulations and fluency in both English and French.



KEY RESPONSIBILITIES

- Advise on a wide range of employment law issues across European jurisdictions, providing strategic legal input on day-to-day and complex matters
- Support HR in navigating sensitive workforce matters, including workplace conduct, restructurings, and dispute resolution strategies.
- Review and tailor employment contracts, templates, and HR policies to reflect local legal requirements and evolving compliance standards.
- Contribute to the development and rollout of internal guidelines for employment practices, ensuring legal alignment with corporate policy across multiple regions.
- Provide legal support on employee separation processes, including negotiated exits and collective processes, as applicable.
- Monitor regulatory developments in labor and employment law and translate them into actionable advice and internal training for stakeholders.



YOUR PROFILE

- Law degree from a recognized university; bar admission is strongly preferred.
- Minimum of 8 years of experience in labor and employment law, gained in-house or at a reputable law firm
- Proven ability to work across jurisdictions and collaborate with international stakeholders in complex environments.
- Excellent communication and advisory skills; fluent in English and French (written and spoken); German is an asset.
- Prior exposure to the food and beverages or FMCG sector is advantageous but not essential.





HOW TO APPLY

Please submit your application via our Careers portal, including a resume. Please note that we can only accept applications from candidates who are based in Switzerland, with a valid Swiss work permit. For any queries, please reach out to info@interimlegal.ch



ABOUT INTERIM LEGAL

Interim Legal is a trusted Alternative Legal Services Provider (ALSP) based in Zurich, Switzerland. We help legal departments modernize their operating model while keeping the human element at its center. Specializing in various practice areas, our solutions encompass commercial and corporate law, healthcare and life sciences, financial services, technology, and compliance.



WHAT WE OFFER:

- A workplace that champions diversity and inclusivity
- Opportunities for continuous growth
- Exposure to a network of legal & compliance professionals and thought leaders in the legal industry
- A competitive salary range that reflects your experience and Swiss market standards



Interim Legal is an equal opportunity employer. We are dedicated to creating an equitable workplace and encourage candidates from diverse backgrounds to apply. We believe in nurturing talent and are committed to the professional success of our team members.",Interim Legal,https://ch.linkedin.com/company/interim-legal?trk=public_jobs_topcard-org-name,https://ch.linkedin.com/jobs/view/legal-counsel-labor-employment-law-at-interim-legal-4341911527?trk=public_jobs_topcard-title,2025-11-20 09:22:54,,,1
4332964160,Python Coding Specialist - AI Trainer,,Invisible Expert Marketplace,https://www.linkedin.com/company/invisible-expert-marketplace?trk=public_jobs_topcard-org-name,https://es.linkedin.com/jobs/view/python-coding-specialist-ai-trainer-at-invisible-expert-marketplace-4332964160?trk=public_jobs_topcard-title,2025-11-20 14:30:31,,,8
4333073965,Python Coding Specialist - AI Trainer,,Invisible Expert Marketplace,https://www.linkedin.com/company/invisible-expert-marketplace?trk=public_jobs_topcard-org-name,https://uk.linkedin.com/jobs/view/python-coding-specialist-ai-trainer-at-invisible-expert-marketplace-4333073965?trk=public_jobs_topcard-title,2025-11-20 13:41:14,,,8
4333050246,Kinyarwanda Language Specialist - AI Trainer,,Invisible Expert Marketplace,https://www.linkedin.com/company/invisible-expert-marketplace?trk=public_jobs_topcard-org-name,https://es.linkedin.com/jobs/view/kinyarwanda-language-specialist-ai-trainer-at-invisible-expert-marketplace-4333050246?trk=public_jobs_topcard-title,2025-11-20 14:32:47,,,2
4341912204,Backend Developer (Spring Boot / Node),"Backend Developer (Spring Boot / Node)



- Senior experience in Spring Boot
- Experience in Node
- AWS
- Camunda experience is beneficial
- 100% remote - MUST be based in Spain ONLY



For immediate consideration, please send your latest CV",ITHR Group plc,https://uk.linkedin.com/company/ithr-group-plc?trk=public_jobs_topcard-org-name,https://es.linkedin.com/jobs/view/backend-developer-spring-boot-node-at-ithr-group-plc-4341912204?trk=public_jobs_topcard-title,2025-11-20 12:30:46,Andrew M.,https://uk.linkedin.com/in/am-ithr,5
4338200481,Elektricien,"Over het Bedrijf

J. de Groot Elektro B.V. is een innovatief bedrijf. We zijn gespecialiseerd in elektrotechnische installaties voor grootschalige nieuwbouw- en renovatieprojecten, maar bieden ook oplossingen voor kleine elektrotechnische werkzaamheden en storingen. Door de uitbreiding van ons klantenbestand en het aantal projecten bij onze vaste aannemers, zijn we op zoek naar een zelfstandige elektro monteur om ons team te versterken.



Wij zijn op zoek naar een zelfstandige elektro monteur die een (bijna) afgeronde opleiding in de elektrotechniek (mbo-niveau) heeft en/of relevantie werkervaring heeft in de elektrotechniek, bij voorkeur in de nieuwbouw- of renovatiesector.





Over de Rol





Je bent verantwoordelijk voor het uitvoeren van elektrotechnische installaties, het verhelpen van storingen en het uitvoeren van onderhoudswerkzaamheden bij zowel particuliere als zakelijke klanten.





Verantwoordelijkheden





- Uitvoeren van elektrotechnische installaties
- Verhelpen van storingen
- Uitvoeren van onderhoudswerkzaamheden
- Overleg met projectleiders en andere teamleden





Kwalificaties





- (Bijna) afgeronde opleiding in de elektrotechniek (mbo-niveau)
- Relevante werkervaring in de elektrotechniek





Vereiste Vaardigheden





- Zelfstandig kunnen werken
- Communicatieve vaardigheden voor overleg met teamleden





Voorkeursvaardigheden





- Ervaring in de nieuwbouw- of renovatiesector

",J. de Groot,https://www.linkedin.com/company/j-de-groot?trk=public_jobs_topcard-org-name,https://nl.linkedin.com/jobs/view/elektricien-at-j-de-groot-4338200481?trk=public_jobs_topcard-title,2025-11-20 21:38:19,Patrick van der Meer,https://nl.linkedin.com/in/patrick-van-der-meer-a9928549,1
4341931464,Freelance - Account Manager/ in,"Die JK Media Group ist ein dynamisches und wachsendes Unternehmen, das ursprünglich aus der Medienbranche stammt.

Mittlerweile bringen wir große Unternehmen und Konzerne vertrieblich nach vorne und vermitteln Aufträge, die sich in achtstelligen Umsatzgrößen bewegen.

Zur Verstärkung unseres Vertriebsteams suchen wir einen motivierten und zielorientierten Vertriebsprofi , der als leistungsstarker Freelancer eine entscheidende Rolle bei der Erweiterung unseres Kundenstamms spielt und maßgeblich zum Wachstum unserer Partner beiträgt.

Wenn du über ausgezeichnete Kommunikationsfähigkeiten verfügst und gerne in einem kreativen Umfeld arbeitest, freuen wir uns auf deine Bewerbung.

- Ansprache potenzieller Kunden zur Erweiterung des Kundenstamms
- Aufbau und Pflege von langfristigen Kundenbeziehungen durch regelmäßige Kommunikation und Betreuung
- Zusammenarbeit mit dem Marketing-Team zur Entwicklung und Umsetzung von Verkaufsförderungsmaßnahmen

- Erfolgsbasierte Vertriebserfahrung
- Kommunikations- und Verhandlungsfähigkeiten
- Selbständige und ergebnisorientierte Arbeitsweise
- Kenntnisse in MS Office und CRM-Systemen

Deine Belohnung

Du genießt bei uns eine Vielzahl von Vorteilen:

- Arbeiten von wo Du willst, wann Du willst und so viel Du willst. Flexibilität ist bei uns keine Phrase, sondern Programm
- Die Provisionen, bewegen sich jeweils im fünf- bis sechstelligen Bereich!
- Power, Rückhalt und Unterstützung von uns um Deine Ziele zu erreichen
- Regelmäßige Sales- und Mindsettrainings
- Eine bestehende Infrastruktur, bei welcher Du nur gewinnen kannst
- Im Homeoffice, von zu Hause aus arbeiten

Schließ dich unserem dynamischen Team bei JK Media Group an und gestalte die Zukunft mit.

Bewirb dich jetzt bei uns als leistungsstarker Freelancer/ in und wachse mit uns!",JK Media Group,https://de.linkedin.com/company/jk-media-group-vp?trk=public_jobs_topcard-org-name,https://de.linkedin.com/jobs/view/freelance-account-manager-in-at-jk-media-group-4341931464?trk=public_jobs_topcard-title,2025-11-20 09:17:45,,,1
4347044386,Junior Marketing Operations Coordinator (6-Month Contract),"ABOUT THE ROLE



The Junior Marketing Operations Coordinator plays a key role in executing and optimizing email campaigns and marketing automation programs that support Launchmetrics’ nurturing, conversion, and ABM objectives. This role also contributes to maintaining and improving our marketing automation platform and database - identifying challenges, uncovering opportunities for optimization, and implementing solutions to accelerate the contact and account lifecycle.



Reporting to the VP Marketing and working closely with the consultancy operations agency, the Coordinator will support marketing automation and CRM initiatives. This includes enhancing workflows, improving lead generation and nurturing campaigns, setting up and monitoring emails and contributing to the continuous evolution of our marketing processes.

Additionally, the role supports broader marketing operations efforts, including setting up and optimizing landing pages, as well as developing guides, training materials, documentation, and videos to help scale best practices and strengthen the marketing team’s operational excellence.



What you’ll do:



- Support the implementation, optimization, and synchronization of marketing automation, CRM, and lead qualification processes, following guidelines from senior consultants.
- Conceptualize, design and measure email campaigns that support marketing objectives and overall company goals—from copywriting and visual concept development to template creation and performance reporting.
- Stay informed on the latest trends in email design, UX, and copywriting to introduce new formats that enhance email campaign engagement and results.
- Develop a deep understanding of our marketing automation tools, CRM, and analytical systems, including database structure and automated workflows.
- Conduct quality assurance during testing and release phases to ensure smooth and accurate execution of marketing operation processes.
- Assist in optimizing workflows and marketing operations processes to better meet stakeholder needs, including landing page setup in Unbounce or WordPress.
- Support developing reports and dashboards to monitor lead nurturing results across email and database performance.
- Provide transversal support to marketing operations: tools set-up, process coordination, internal documentation development, training, etc.



ABOUT YOU



Who You Are:

- One to two years of experience in digital or email marketing with strong communication skills, someone that knows the impact copywriting can have in driving action, and a solid understanding of processes, data analysis, and the creation of cadences and strategies shaped by buyer behavior.
- Organized and detail-driven with a focus on building and optimizing efficient workflows, tracking performance, and refining strategies.
- Collaborative and proactive team player able to manage multiple projects in a fast paced environment with shifting priorities.

Extra Credit:

- Strong command of English required to collaborate effectively with an international team.
- Tools: Familiarity with marketing automation tools such as HubSpot, Marketo (Adobe) or Pardot (Salesforce).



W e value diverse perspectives and recognize that skills and experiences can be gained in various ways. If you're excited about this opportunity but don't meet every single requirement listed, we would love to hear from you and encourage you to submit an application!



ABOUT THE MARKETING TEAM



We are a global and highly diverse team – distributed in six different countries, with multiple nationalities and varied expertise – we always work collaboratively to understand each other in a ""glocal"" way to achieve the best results as one team. The Marketing team works daily on the ideation, production and distribution of campaigns with the objective of attracting the Launchmetrics' target audience.



OUR RECRUITMENT PROCESS





WHY YOU’LL LOVE LAUNCHMETRICS



We're a company that prioritizes people, fostering a relaxed yet dynamic atmosphere. Our international team is filled with enthusiastic, motivated individuals who enjoy their work. Autonomy empowers our team members, allowing them to make a substantial difference in our business, for our customers, and within our organization. When you become part of our team, you'll have access to growth and advancement possibilities, including a learning and development allowance, a benefits package tailored to each location, and flexible work arrangements, along with support for establishing your home office and other perks.



OUR COMMITMENT



Launchmetrics is proud to be an Equal Opportunity Employer building a diverse and inclusive workforce. If there is anything extra we can do to help you feel at ease during your interview process, please let the PeopleOps team member you’ll be meeting with know.



This role is a 6 month temporary contract and we are open to applicants located in Spain & the UK.",Launchmetrics,https://www.linkedin.com/company/launchmetrics?trk=public_jobs_topcard-org-name,https://es.linkedin.com/jobs/view/junior-marketing-operations-coordinator-6-month-contract-at-launchmetrics-4347044386?trk=public_jobs_topcard-title,2025-11-20 19:32:55,,,1
4257428164,Senior AI Full Stack Developer (Full Remote) - 1014961622,"- Extensive knowledge of Python
- Develop and maintain features on both our React frontend and Node.js (Express) backend
- Build intuitive user interfaces using TypeScript, Vite, and our Shadcn UI component library, enabling users to upload media, manage their analyses, and interact with our AI agents
- Design, implement, and maintain RESTful APIs with Express to manage user authentication, data processing, and orchestrate analysis workflows
- Build AI Agents with LangGraph that can handle multi-step reasoning, Create workflows where AI agents collaborate or hand off tasks to other agents. Maintain conversation state and context across interactions and Handle complex decision trees and conditional logic
- Model Context Protocol (MCP) Knowledge Agents with Claude: to Build AI agents access to real-time data, APIs, and tools Create AI assistants that can actually take actions, Combine the reasoning power of LLMs with real-world integration
- Integrate our platform with various external services and APIs, and handle incoming webhooks for processing asynchronous tasks
- Collaborate on the integration with our n8n-based workflow automation engine, helping to connect our backend with the AI agents that power our analyses
- Collaborate closely with product managers and AI specialists to translate complex requirements into robust, scalable features
- Contribute to database schema design and write migrations for our PostgreSQL & BigQuery databases
- Knowledge of GCP to Collaborate with the team on application deployment and help maintain our cloud infrastructure on Google Cloud Platform

- Experience: 5+ years of professional experience in a Senior full-stack development role
- Extensive experience with the Python framework
- TypeScript Proficiency: You are highly proficient in TypeScript and its application in both frontend (React) and backend (Node.js) environments
- Frontend Expertise: Strong experience with React and modern state management, including Hooks and the Context API
- Backend Expertise: Solid experience building and consuming REST APIs with Node.js and Express
- Database Skills: Experience with like PostgreSQL, and working with an ORM or query builder
- experience in BigQuery
- Knowledge of n8n.io, LangGraph, LangChain
- Problem-Solving Mindset: You are a collaborative problem-solver, eager to take on new challenges and contribute to a fast-paced development cycle
- Passion for AI: A genuine passion and awareness for artificial intelligence and a strong desire to build products that leverage its capabilities to solve real-world problems
- Creativity and Proactivity: You have a passion for building great products, are eager to propose new features, and enjoy finding creative solutions to improve the user experience.

- AI Project Experience: Previous experience working on projects involving AI, machine learning, or interacting with large language models (LLMs)
- Familiarity with UI component libraries like Shadcn UI
- Knowledge of cloud platforms like Google Cloud Platform (GCP)

- High-Impact Role: Be a key player in a small, agile team building a greenfield project with the potential to transform an industry
- Modern Technology: Work with a cutting-edge, carefully selected tech stack with a focus on best practices
- Growth & Learning: Gain deep experience in AI-driven applications, cloud-native architecture, and real-time systems
- Stability & Vision: Enjoy the energy of a startup environment backed by the resources and stability of a large, successful company
- Collaborative Culture: We value open communication, teamwork, and a shared passion for building exceptional products

- At Leadtech, we prioritize your growth. Enjoy a flexible career path with personalized internal training and an annual budget for external learning opportunities

- Benefit from a flexible schedule with flextime (7 - 9:30 a.m. start, 3:30 - 6 p.m. end) and the option of working full remote or from our Barcelona office. Enjoy free Friday afternoons with a 7-hour workday, plus a 35-hour workweek in July and August so you can savor summer!

- Competitive salary, full-time permanent contract, and top-tier private health insurance (including dental and psychological services)
- 25 days of vacation plus your birthday off, with flexible vacation options—no blackout days!

- If you wish to come, in our office in Barcelona you'll find it coplete with free coffee, fresh fruit, snacks, a game room, and a rooftop terrace with stunning Mediterranean views
- Additional benefits include ticket restaurant and nursery vouchers, paid directly from your gross salary",Leadtech Group,https://es.linkedin.com/company/leadtech-group?trk=public_jobs_topcard-org-name,https://es.linkedin.com/jobs/view/senior-ai-full-stack-developer-full-remote-1014961622-at-leadtech-group-4257428164?trk=public_jobs_topcard-title,2025-11-20 12:30:38,,,9
4323500019,Ireland Online Language School Franchise Partner,"Lingua Learn is a virtual, global, online training school with an excess of 40 franchise hubs in 6 Continents  that offer more than 35 languages to public and corporate clients.



We are offering the opportunity to operate one of our Virtual Language Training Hubs covering Ireland (EU) with the full support and training of our Corporate Sales, Social Media Marketing, Academic and HR teams.



The online language industry growth is increasing at a huge rate due to remote working over the past 5 years and Lingua Learn has capitalized on this by operating with Franchise Partners in target regions which our internal and external research teams have identified as having increased growth potential in online, instructor led training.



We are offering an agreement for Lingua Learn products and services exclusively in Ireland to a successful candidate.

This is an exciting opportunity for a go-getting entrepreneur who can work independently and has knowledge of the target region.



Please apply via the the Linkedin application button or you can view further details on this and other career opportunities at lingua Learn via our our website https://lingua-learn.com/career-opportunity/",Lingua Learn,https://ae.linkedin.com/company/lingua-assess?trk=public_jobs_topcard-org-name,https://ie.linkedin.com/jobs/view/ireland-online-language-school-franchise-partner-at-lingua-learn-4323500019?trk=public_jobs_topcard-title,2025-11-20 07:47:06,Fiona Brook,https://qa.linkedin.com/in/fiona-brook-75ab0576,1
4337147938,EU Projects & Innovation Manager,"LiNK is a fast-growing technology company building next-generation software products with a strong focus on digital innovation, AI-driven solutions, and scalable technologies. We are now expanding our strategic activities into high-profile EU-funded projects (Horizon Europe, DIGITAL, CEF, Erasmus+, EIC, etc.) to accelerate innovation, strengthen partnerships, and bring impactful technological solutions to European ecosystems.

We are looking for a dynamic, proactive EU Projects & Innovation Manager to join our core team and help position LiNK as a leading digital innovation partner in European consortia.



Key Responsibilities



- Support the development of new EU-funded project proposals in collaboration with international partners.
- Participate in strategic networking , consortium building, and partner outreach.
- Coordinate and monitor technical, administrative, and financial aspects of EU project activities.
- Ensure high-quality and timely delivery of project milestones, KPIs, reports, and deliverables .
- Represent LiNK in consortia meetings, workshops, conferences, and stakeholder events .
- Track EU funding opportunities aligned with LiNK’s technology roadmap (AI, digital transformation, data governance, XR/VR, sustainability tech, etc.).
- Contribute to LiNK’s business development strategy , identifying opportunities for growth through EU innovation frameworks.
- Prepare documentation, communication materials, and dissemination outputs.
- Facilitate internal alignment between LiNK’s product teams and EU-funded R&D activities.



Required Qualifications



- Bachelor’s degree in Computer Science, Engineering, Economics, Management, or a related field.
- Excellent written and spoken English.
- Strong coordination, communication, and analytical skills.
- Familiarity with digital technologies, software development, or AI.
- Proficiency in Microsoft Office and online collaboration tools.
- Ability and willingness to travel for project meetings within the EU.



Desired Qualifications



- Master’s degree in a relevant field.
- Prior experience (2-3 years minimum) with EU‐funded project management or proposal writing .
- Understanding of Horizon Europe, DIGITAL Europe, Erasmus+, CEF Digital, or other EU frameworks.
- Experience working with interdisciplinary teams or technology-focused projects.
- Knowledge of project management tools and methodologies.



What We Offer



- The opportunity to shape LiNK’s presence in major EU innovation ecosystems .
- A collaborative, ambitious environment built around technology and impact.
- Hands-on involvement in cutting-edge digital and AI projects .
- Continuous learning and professional development in EU funding.
- International exposure through workshops, conferences, and project meetings.
- Long-term growth opportunities within a rapidly expanding company.





If you are passionate about innovation, technology, and European collaboration, we would love to share your CV.",LiNK,https://ch.linkedin.com/company/linkenterprise?trk=public_jobs_topcard-org-name,https://ch.linkedin.com/jobs/view/eu-projects-innovation-manager-at-link-4337147938?trk=public_jobs_topcard-title,2025-11-21 05:02:07,,,3
4336473619,Governance Manager,"Siamo il Gruppo Lottomatica, leader nel settore del gioco regolamentato in Italia e uno dei maggiori operatori europei, in tutte le aree di attività: scommesse sportive, gioco online e macchine da intrattenimento. Offriamo ai nostri clienti esperienze di gioco sicure e di qualità, attraverso tutti i canali, ponendo la responsabilità e la sostenibilità al centro del business. Essere in Lottomatica è molto più che far parte di un'azienda: significa contribuire a un progetto imprenditoriale grande e responsabile.

Siamo alla ricerca, per una società del Gruppo, di un Governance Manager che supporterà il management Betflag nella gestione della governance progettuale, garantendo coerenza, controllo e trasparenza nei processi aziendali strategici. È responsabile della redazione e del monitoraggio della documentazione di avanzamento dei progetti e della preparazione della reportistica direzionale a supporto delle decisioni del management.

Responsabilità Principali

Governance Progettuale:

Reporting e Documentazione Direzionale:

Supporto al Management



Competenze Richieste

- Laurea in Ingegneria Gestionale, Economia o altre materie STEM
- Project Management.
- Capacità di gestione e analisi di KPI e reportistica direzionale.
- Competenze di business analysis e di strutturazione della documentazione.
- Eccellenti capacità organizzative e di problem solving.
- Ottime competenze di comunicazione scritta e orale, con capacità di



Cosa offriamo:

- Contratto a tempo indeterminato e opportunità di lavoro full remote;
- Laptop aziendale;
- Formazione continua su hard skills e soft skills;
- Stipendio annuo lordo commisurato all'esperienza (da 50k a 55k)
- Job Grade: 2



Lottomatica attua una politica che garantisce pari opportunità e promuove diversità e inclusione, contro ogni forma di discriminazione.

In Lottomatica crediamo che ogni persona sia unica e consideriamo la diversity come una fonte di arricchimento personale e organizzativo.

Ci impegniamo ogni giorno affinché il nostro sia un ambiente aperto, sicuro e inclusivo, dove ogni persona possa essere pienamente se stessa indipendentemente da genere, religione, sesso, età, etnia, nazionalità, disabilità, stato civile o orientamento sessuale.",Lottomatica,https://it.linkedin.com/company/lottomatica?trk=public_jobs_topcard-org-name,https://it.linkedin.com/jobs/view/governance-manager-at-lottomatica-4336473619?trk=public_jobs_topcard-title,2025-11-20 09:26:57,,,2
4337099131,Node Engineer - Mid Level,"At Lumenalta, we create impactful software solutions that drive innovation and transform businesses. Since 2000, we’ve partnered with visionary leaders to build cutting-edge tech, solve complex challenges, and deliver results faster through our elite teams and tech-driven approach. Join us in shaping the future of technology.



Experience Remote done Right. Over 20 years of remote experience, all 500+ staff are 100% remote and we still grow vibrant relationships, provide exceptional opportunities for career growth while working with stellar clients on ambitious projects



What we're working on:

Enterprise companies turn to us to help them launch innovative digital products that interact with hundreds of millions of customers, transactions and data points. The problems we solve daily are real and require creativity, grit and determination. We are building a culture that challenges norms while fostering experimentation and personal growth. In order to grasp the scale of problems we face, ideally, you have some exposure to Logistics, FinTech, Transportation, Insurance, Media or other complex multifactor industries



Requirements

- 3+ years of professional experience (A technical assessment will be required)
- Experience with Javascript, NodeJS, Express, Mongo
- Ability to create clean, modern, testable, well-documented code
- Serverless experience with AWS lambda or Azure functions
- Advanced English fluency, verbal and written
- Professional, empathic, team player
- Problem solver, proactive, go-getter



Why Lumenalta is an amazing place to work at

At Lumenalta, you can expect that you will:

- Be 100% dedicated to one project at a time so that you can innovate and grow.
- Be a part of a team of talented and friendly senior-level developers.
- Work on projects that allow you to use leading tech.



The result? We produce meaningful outcomes for our clients that break barriers in their industries.



The job is 100% remote, please ensure you have a comfortable office setup at your desired work location.



Lumenalta is committed to hiring exceptional talent from a wide variety of diverse backgrounds. If you share our values and enthusiasm for digital transformation, we encourage you to apply.



Location:

This is a fully remote position open to candidates based in Europe or regions with compatible time zones . To ensure effective collaboration with our client and team, candidates must maintain a 6-hour overlap with Eastern U.S. business hours .



Application Deadline

This is an evergreen opening with no set deadline; we’re always excited to connect with professionals who want to help us build the future",Lumenalta,https://www.linkedin.com/company/lumenalta?trk=public_jobs_topcard-org-name,https://es.linkedin.com/jobs/view/node-engineer-mid-level-at-lumenalta-4337099131?trk=public_jobs_topcard-title,2025-11-20 17:33:00,,,6
4337228572,Node Engineer - Mid Level,"At Lumenalta, we create impactful software solutions that drive innovation and transform businesses. Since 2000, we’ve partnered with visionary leaders to build cutting-edge tech, solve complex challenges, and deliver results faster through our elite teams and tech-driven approach. Join us in shaping the future of technology.



Experience Remote done Right. Over 20 years of remote experience, all 500+ staff are 100% remote and we still grow vibrant relationships, provide exceptional opportunities for career growth while working with stellar clients on ambitious projects



What we're working on:

Enterprise companies turn to us to help them launch innovative digital products that interact with hundreds of millions of customers, transactions and data points. The problems we solve daily are real and require creativity, grit and determination. We are building a culture that challenges norms while fostering experimentation and personal growth. In order to grasp the scale of problems we face, ideally, you have some exposure to Logistics, FinTech, Transportation, Insurance, Media or other complex multifactor industries



Requirements

- 3+ years of professional experience (A technical assessment will be required)
- Experience with Javascript, NodeJS, Express, Mongo
- Ability to create clean, modern, testable, well-documented code
- Serverless experience with AWS lambda or Azure functions
- Advanced English fluency, verbal and written
- Professional, empathic, team player
- Problem solver, proactive, go-getter



Why Lumenalta is an amazing place to work at

At Lumenalta, you can expect that you will:

- Be 100% dedicated to one project at a time so that you can innovate and grow.
- Be a part of a team of talented and friendly senior-level developers.
- Work on projects that allow you to use leading tech.



The result? We produce meaningful outcomes for our clients that break barriers in their industries.



The job is 100% remote, please ensure you have a comfortable office setup at your desired work location.



Lumenalta is committed to hiring exceptional talent from a wide variety of diverse backgrounds. If you share our values and enthusiasm for digital transformation, we encourage you to apply.



Location:

This is a fully remote position open to candidates based in Europe or regions with compatible time zones . To ensure effective collaboration with our client and team, candidates must maintain a 6-hour overlap with Eastern U.S. business hours .



Application Deadline

This is an evergreen opening with no set deadline; we’re always excited to connect with professionals who want to help us build the future",Lumenalta,https://www.linkedin.com/company/lumenalta?trk=public_jobs_topcard-org-name,https://nl.linkedin.com/jobs/view/node-engineer-mid-level-at-lumenalta-4337228572?trk=public_jobs_topcard-title,2025-11-20 17:37:57,,,6
4337168663,Javascript Fullstack Engineer - Mid-Level,"At Lumenalta, we create impactful software solutions that drive innovation and transform businesses. Since 2000, we’ve partnered with visionary leaders to build cutting-edge tech, solve complex challenges, and deliver results faster through our elite teams and tech-driven approach. Join us in shaping the future of technology.



What we're working on:

We help enterprise clients launch digital products that reach millions of users. Solving our daily challenges requires creativity and grit. Our culture supports experimentation and growth. Experience in complex industries like Logistics, FinTech, or Media is a plus.



Requirements

- 3+ years of professional experience (technical assessment required)
- Frontend (React.js) and backend (Node, Express, Mongo, SQL) expertise
- Clean, testable, well-documented code
- Advanced English fluency
- Team player, proactive problem solver



The job is 100% remote, please make sure you have a comfortable office setup at your desired work location.



Location:

This is a fully remote position open to candidates based in Europe or regions with compatible time zones . To ensure effective collaboration with our client and team, candidates must maintain a 6-hour overlap with Eastern U.S. business hours .



Application Deadline

This is an evergreen opening with no set deadline; we’re always excited to connect with professionals who want to help us build the future",Lumenalta,https://www.linkedin.com/company/lumenalta?trk=public_jobs_topcard-org-name,https://nl.linkedin.com/jobs/view/javascript-fullstack-engineer-mid-level-at-lumenalta-4337168663?trk=public_jobs_topcard-title,2025-11-20 16:37:59,,,6
4337079111,Node Engineer - Mid Level,"At Lumenalta, we create impactful software solutions that drive innovation and transform businesses. Since 2000, we’ve partnered with visionary leaders to build cutting-edge tech, solve complex challenges, and deliver results faster through our elite teams and tech-driven approach. Join us in shaping the future of technology.



Experience Remote done Right. Over 20 years of remote experience, all 500+ staff are 100% remote and we still grow vibrant relationships, provide exceptional opportunities for career growth while working with stellar clients on ambitious projects



What we're working on:

Enterprise companies turn to us to help them launch innovative digital products that interact with hundreds of millions of customers, transactions and data points. The problems we solve daily are real and require creativity, grit and determination. We are building a culture that challenges norms while fostering experimentation and personal growth. In order to grasp the scale of problems we face, ideally, you have some exposure to Logistics, FinTech, Transportation, Insurance, Media or other complex multifactor industries



Requirements

- 3+ years of professional experience (A technical assessment will be required)
- Experience with Javascript, NodeJS, Express, Mongo
- Ability to create clean, modern, testable, well-documented code
- Serverless experience with AWS lambda or Azure functions
- Advanced English fluency, verbal and written
- Professional, empathic, team player
- Problem solver, proactive, go-getter



Why Lumenalta is an amazing place to work at

At Lumenalta, you can expect that you will:

- Be 100% dedicated to one project at a time so that you can innovate and grow.
- Be a part of a team of talented and friendly senior-level developers.
- Work on projects that allow you to use leading tech.



The result? We produce meaningful outcomes for our clients that break barriers in their industries.



The job is 100% remote, please ensure you have a comfortable office setup at your desired work location.



Lumenalta is committed to hiring exceptional talent from a wide variety of diverse backgrounds. If you share our values and enthusiasm for digital transformation, we encourage you to apply.



Location:

This is a fully remote position open to candidates based in Europe or regions with compatible time zones . To ensure effective collaboration with our client and team, candidates must maintain a 6-hour overlap with Eastern U.S. business hours .



Application Deadline

This is an evergreen opening with no set deadline; we’re always excited to connect with professionals who want to help us build the future",Lumenalta,https://www.linkedin.com/company/lumenalta?trk=public_jobs_topcard-org-name,https://nl.linkedin.com/jobs/view/node-engineer-mid-level-at-lumenalta-4337079111?trk=public_jobs_topcard-title,2025-11-20 17:40:32,,,6
4337168654,Javascript Fullstack Engineer - Mid-Level,"At Lumenalta, we create impactful software solutions that drive innovation and transform businesses. Since 2000, we’ve partnered with visionary leaders to build cutting-edge tech, solve complex challenges, and deliver results faster through our elite teams and tech-driven approach. Join us in shaping the future of technology.



What we're working on:

We help enterprise clients launch digital products that reach millions of users. Solving our daily challenges requires creativity and grit. Our culture supports experimentation and growth. Experience in complex industries like Logistics, FinTech, or Media is a plus.



Requirements

- 3+ years of professional experience (technical assessment required)
- Frontend (React.js) and backend (Node, Express, Mongo, SQL) expertise
- Clean, testable, well-documented code
- Advanced English fluency
- Team player, proactive problem solver



The job is 100% remote, please make sure you have a comfortable office setup at your desired work location.



Location:

This is a fully remote position open to candidates based in Europe or regions with compatible time zones . To ensure effective collaboration with our client and team, candidates must maintain a 6-hour overlap with Eastern U.S. business hours .



Application Deadline

This is an evergreen opening with no set deadline; we’re always excited to connect with professionals who want to help us build the future",Lumenalta,https://www.linkedin.com/company/lumenalta?trk=public_jobs_topcard-org-name,https://es.linkedin.com/jobs/view/javascript-fullstack-engineer-mid-level-at-lumenalta-4337168654?trk=public_jobs_topcard-title,2025-11-20 16:32:08,,,5
4337228292,Javascript Fullstack Engineer - Mid-Level,"At Lumenalta, we create impactful software solutions that drive innovation and transform businesses. Since 2000, we’ve partnered with visionary leaders to build cutting-edge tech, solve complex challenges, and deliver results faster through our elite teams and tech-driven approach. Join us in shaping the future of technology.



What we're working on:

We help enterprise clients launch digital products that reach millions of users. Solving our daily challenges requires creativity and grit. Our culture supports experimentation and growth. Experience in complex industries like Logistics, FinTech, or Media is a plus.



Requirements

- 3+ years of professional experience (technical assessment required)
- Frontend (React.js) and backend (Node, Express, Mongo, SQL) expertise
- Clean, testable, well-documented code
- Advanced English fluency
- Team player, proactive problem solver



The job is 100% remote, please make sure you have a comfortable office setup at your desired work location.



Location:

This is a fully remote position open to candidates based in Europe or regions with compatible time zones . To ensure effective collaboration with our client and team, candidates must maintain a 6-hour overlap with Eastern U.S. business hours .



Application Deadline

This is an evergreen opening with no set deadline; we’re always excited to connect with professionals who want to help us build the future",Lumenalta,https://www.linkedin.com/company/lumenalta?trk=public_jobs_topcard-org-name,https://pt.linkedin.com/jobs/view/javascript-fullstack-engineer-mid-level-at-lumenalta-4337228292?trk=public_jobs_topcard-title,2025-11-20 16:34:18,,,5
4337089077,Node Engineer - Mid Level,"At Lumenalta, we create impactful software solutions that drive innovation and transform businesses. Since 2000, we’ve partnered with visionary leaders to build cutting-edge tech, solve complex challenges, and deliver results faster through our elite teams and tech-driven approach. Join us in shaping the future of technology.



Experience Remote done Right. Over 20 years of remote experience, all 500+ staff are 100% remote and we still grow vibrant relationships, provide exceptional opportunities for career growth while working with stellar clients on ambitious projects



What we're working on:

Enterprise companies turn to us to help them launch innovative digital products that interact with hundreds of millions of customers, transactions and data points. The problems we solve daily are real and require creativity, grit and determination. We are building a culture that challenges norms while fostering experimentation and personal growth. In order to grasp the scale of problems we face, ideally, you have some exposure to Logistics, FinTech, Transportation, Insurance, Media or other complex multifactor industries



Requirements

- 3+ years of professional experience (A technical assessment will be required)
- Experience with Javascript, NodeJS, Express, Mongo
- Ability to create clean, modern, testable, well-documented code
- Serverless experience with AWS lambda or Azure functions
- Advanced English fluency, verbal and written
- Professional, empathic, team player
- Problem solver, proactive, go-getter



Why Lumenalta is an amazing place to work at

At Lumenalta, you can expect that you will:

- Be 100% dedicated to one project at a time so that you can innovate and grow.
- Be a part of a team of talented and friendly senior-level developers.
- Work on projects that allow you to use leading tech.



The result? We produce meaningful outcomes for our clients that break barriers in their industries.



The job is 100% remote, please ensure you have a comfortable office setup at your desired work location.



Lumenalta is committed to hiring exceptional talent from a wide variety of diverse backgrounds. If you share our values and enthusiasm for digital transformation, we encourage you to apply.



Location:

This is a fully remote position open to candidates based in Europe or regions with compatible time zones . To ensure effective collaboration with our client and team, candidates must maintain a 6-hour overlap with Eastern U.S. business hours .



Application Deadline

This is an evergreen opening with no set deadline; we’re always excited to connect with professionals who want to help us build the future",Lumenalta,https://www.linkedin.com/company/lumenalta?trk=public_jobs_topcard-org-name,https://pt.linkedin.com/jobs/view/node-engineer-mid-level-at-lumenalta-4337089077?trk=public_jobs_topcard-title,2025-11-20 17:34:21,,,5
4337068709,Javascript Fullstack Engineer - Mid-Level,"At Lumenalta, we create impactful software solutions that drive innovation and transform businesses. Since 2000, we’ve partnered with visionary leaders to build cutting-edge tech, solve complex challenges, and deliver results faster through our elite teams and tech-driven approach. Join us in shaping the future of technology.



What we're working on:

We help enterprise clients launch digital products that reach millions of users. Solving our daily challenges requires creativity and grit. Our culture supports experimentation and growth. Experience in complex industries like Logistics, FinTech, or Media is a plus.



Requirements

- 3+ years of professional experience (technical assessment required)
- Frontend (React.js) and backend (Node, Express, Mongo, SQL) expertise
- Clean, testable, well-documented code
- Advanced English fluency
- Team player, proactive problem solver



The job is 100% remote, please make sure you have a comfortable office setup at your desired work location.



Location:

This is a fully remote position open to candidates based in Europe or regions with compatible time zones . To ensure effective collaboration with our client and team, candidates must maintain a 6-hour overlap with Eastern U.S. business hours .



Application Deadline

This is an evergreen opening with no set deadline; we’re always excited to connect with professionals who want to help us build the future",Lumenalta,https://www.linkedin.com/company/lumenalta?trk=public_jobs_topcard-org-name,https://nl.linkedin.com/jobs/view/javascript-fullstack-engineer-mid-level-at-lumenalta-4337068709?trk=public_jobs_topcard-title,2025-11-20 16:38:58,,,5
4337068713,Javascript Fullstack Engineer - Mid-Level,"At Lumenalta, we create impactful software solutions that drive innovation and transform businesses. Since 2000, we’ve partnered with visionary leaders to build cutting-edge tech, solve complex challenges, and deliver results faster through our elite teams and tech-driven approach. Join us in shaping the future of technology.



What we're working on:

We help enterprise clients launch digital products that reach millions of users. Solving our daily challenges requires creativity and grit. Our culture supports experimentation and growth. Experience in complex industries like Logistics, FinTech, or Media is a plus.



Requirements

- 3+ years of professional experience (technical assessment required)
- Frontend (React.js) and backend (Node, Express, Mongo, SQL) expertise
- Clean, testable, well-documented code
- Advanced English fluency
- Team player, proactive problem solver



The job is 100% remote, please make sure you have a comfortable office setup at your desired work location.



Location:

This is a fully remote position open to candidates based in Europe or regions with compatible time zones . To ensure effective collaboration with our client and team, candidates must maintain a 6-hour overlap with Eastern U.S. business hours .



Application Deadline

This is an evergreen opening with no set deadline; we’re always excited to connect with professionals who want to help us build the future",Lumenalta,https://www.linkedin.com/company/lumenalta?trk=public_jobs_topcard-org-name,https://nl.linkedin.com/jobs/view/javascript-fullstack-engineer-mid-level-at-lumenalta-4337068713?trk=public_jobs_topcard-title,2025-11-20 16:39:00,,,5
4337188440,Javascript Fullstack Engineer - Mid-Level,"At Lumenalta, we create impactful software solutions that drive innovation and transform businesses. Since 2000, we’ve partnered with visionary leaders to build cutting-edge tech, solve complex challenges, and deliver results faster through our elite teams and tech-driven approach. Join us in shaping the future of technology.



What we're working on:

We help enterprise clients launch digital products that reach millions of users. Solving our daily challenges requires creativity and grit. Our culture supports experimentation and growth. Experience in complex industries like Logistics, FinTech, or Media is a plus.



Requirements

- 3+ years of professional experience (technical assessment required)
- Frontend (React.js) and backend (Node, Express, Mongo, SQL) expertise
- Clean, testable, well-documented code
- Advanced English fluency
- Team player, proactive problem solver



The job is 100% remote, please make sure you have a comfortable office setup at your desired work location.



Location:

This is a fully remote position open to candidates based in Europe or regions with compatible time zones . To ensure effective collaboration with our client and team, candidates must maintain a 6-hour overlap with Eastern U.S. business hours .



Application Deadline

This is an evergreen opening with no set deadline; we’re always excited to connect with professionals who want to help us build the future",Lumenalta,https://www.linkedin.com/company/lumenalta?trk=public_jobs_topcard-org-name,https://ie.linkedin.com/jobs/view/javascript-fullstack-engineer-mid-level-at-lumenalta-4337188440?trk=public_jobs_topcard-title,2025-11-20 16:46:50,,,5
4337238522,Node Engineer - Mid Level,"At Lumenalta, we create impactful software solutions that drive innovation and transform businesses. Since 2000, we’ve partnered with visionary leaders to build cutting-edge tech, solve complex challenges, and deliver results faster through our elite teams and tech-driven approach. Join us in shaping the future of technology.



Experience Remote done Right. Over 20 years of remote experience, all 500+ staff are 100% remote and we still grow vibrant relationships, provide exceptional opportunities for career growth while working with stellar clients on ambitious projects



What we're working on:

Enterprise companies turn to us to help them launch innovative digital products that interact with hundreds of millions of customers, transactions and data points. The problems we solve daily are real and require creativity, grit and determination. We are building a culture that challenges norms while fostering experimentation and personal growth. In order to grasp the scale of problems we face, ideally, you have some exposure to Logistics, FinTech, Transportation, Insurance, Media or other complex multifactor industries



Requirements

- 3+ years of professional experience (A technical assessment will be required)
- Experience with Javascript, NodeJS, Express, Mongo
- Ability to create clean, modern, testable, well-documented code
- Serverless experience with AWS lambda or Azure functions
- Advanced English fluency, verbal and written
- Professional, empathic, team player
- Problem solver, proactive, go-getter



Why Lumenalta is an amazing place to work at

At Lumenalta, you can expect that you will:

- Be 100% dedicated to one project at a time so that you can innovate and grow.
- Be a part of a team of talented and friendly senior-level developers.
- Work on projects that allow you to use leading tech.



The result? We produce meaningful outcomes for our clients that break barriers in their industries.



The job is 100% remote, please ensure you have a comfortable office setup at your desired work location.



Lumenalta is committed to hiring exceptional talent from a wide variety of diverse backgrounds. If you share our values and enthusiasm for digital transformation, we encourage you to apply.



Location:

This is a fully remote position open to candidates based in Europe or regions with compatible time zones . To ensure effective collaboration with our client and team, candidates must maintain a 6-hour overlap with Eastern U.S. business hours .



Application Deadline

This is an evergreen opening with no set deadline; we’re always excited to connect with professionals who want to help us build the future",Lumenalta,https://www.linkedin.com/company/lumenalta?trk=public_jobs_topcard-org-name,https://ie.linkedin.com/jobs/view/node-engineer-mid-level-at-lumenalta-4337238522?trk=public_jobs_topcard-title,2025-11-20 17:47:38,,,5
4337089252,React Developer - Mid Level,"At Lumenalta, we create impactful software solutions that drive innovation and transform businesses. Since 2000, we’ve partnered with visionary leaders to build cutting-edge tech, solve complex challenges, and deliver results faster through our elite teams and tech-driven approach. Join us in shaping the future of technology.



Experience Remote done Right. Over 20 years of remote experience, all 500+ staff are 100% remote and we still grow vibrant relationships, provide exceptional opportunities for career growth while working with stellar clients on ambitious projects



What we're working on:

Enterprise companies turn to us to help them launch innovative digital products that interact with hundreds of millions of customers, transactions and data points. The problems we solve every day are real and require creativity, grit and determination. We are building a culture that challenges norms while fostering experimentation and personal growth. In order to grasp the scale of problems we face, ideally, you have some exposure to Logistics, FinTech, Transportation, Insurance, Media or other complex multifactor industries



Requirements

- 3+ years of professional experience (A technical assessment will be required)
- Experience with Javascript, React, Redux, Websockets, Async/Await
- Ability to create clean, modern, testable, well-documented code
- Advanced English fluency, verbal and written
- Professional, empathic, team player
- Problem solver, proactive, go-getter



Why Lumenalta is an amazing place to work at

At Lumenalta, you can expect that you will:

- Be 100% dedicated to one project at a time so that you can innovate and grow.
- Be a part of a team of talented and friendly senior-level developers.
- Work on projects that allow you to use leading tech.



The result? We produce meaningful outcomes for our clients that break barriers in their industries.



The job is 100% remote, please make sure you have a comfortable office setup at your desired work location.



Lumenalta is committed to hiring exceptional talent from a wide variety of diverse backgrounds. If you share our values and enthusiasm for digital transformation, we encourage you to apply



Location:

This is a fully remote position open to candidates based in Europe or regions with compatible time zones . To ensure effective collaboration with our client and team, candidates must maintain a 6-hour overlap with Eastern U.S. business hours .



Application Deadline

This is an evergreen opening with no set deadline; we’re always excited to connect with professionals who want to help us build the future",Lumenalta,https://www.linkedin.com/company/lumenalta?trk=public_jobs_topcard-org-name,https://es.linkedin.com/jobs/view/react-developer-mid-level-at-lumenalta-4337089252?trk=public_jobs_topcard-title,2025-11-20 18:32:09,,,3
4337069112,React Developer - Mid Level,"At Lumenalta, we create impactful software solutions that drive innovation and transform businesses. Since 2000, we’ve partnered with visionary leaders to build cutting-edge tech, solve complex challenges, and deliver results faster through our elite teams and tech-driven approach. Join us in shaping the future of technology.



Experience Remote done Right. Over 20 years of remote experience, all 500+ staff are 100% remote and we still grow vibrant relationships, provide exceptional opportunities for career growth while working with stellar clients on ambitious projects



What we're working on:

Enterprise companies turn to us to help them launch innovative digital products that interact with hundreds of millions of customers, transactions and data points. The problems we solve every day are real and require creativity, grit and determination. We are building a culture that challenges norms while fostering experimentation and personal growth. In order to grasp the scale of problems we face, ideally, you have some exposure to Logistics, FinTech, Transportation, Insurance, Media or other complex multifactor industries



Requirements

- 3+ years of professional experience (A technical assessment will be required)
- Experience with Javascript, React, Redux, Websockets, Async/Await
- Ability to create clean, modern, testable, well-documented code
- Advanced English fluency, verbal and written
- Professional, empathic, team player
- Problem solver, proactive, go-getter



Why Lumenalta is an amazing place to work at

At Lumenalta, you can expect that you will:

- Be 100% dedicated to one project at a time so that you can innovate and grow.
- Be a part of a team of talented and friendly senior-level developers.
- Work on projects that allow you to use leading tech.



The result? We produce meaningful outcomes for our clients that break barriers in their industries.



The job is 100% remote, please make sure you have a comfortable office setup at your desired work location.



Lumenalta is committed to hiring exceptional talent from a wide variety of diverse backgrounds. If you share our values and enthusiasm for digital transformation, we encourage you to apply



Location:

This is a fully remote position open to candidates based in Europe or regions with compatible time zones . To ensure effective collaboration with our client and team, candidates must maintain a 6-hour overlap with Eastern U.S. business hours .



Application Deadline

This is an evergreen opening with no set deadline; we’re always excited to connect with professionals who want to help us build the future",Lumenalta,https://www.linkedin.com/company/lumenalta?trk=public_jobs_topcard-org-name,https://pt.linkedin.com/jobs/view/react-developer-mid-level-at-lumenalta-4337069112?trk=public_jobs_topcard-title,2025-11-20 18:34:16,,,2
4337198874,React Developer - Mid Level,"At Lumenalta, we create impactful software solutions that drive innovation and transform businesses. Since 2000, we’ve partnered with visionary leaders to build cutting-edge tech, solve complex challenges, and deliver results faster through our elite teams and tech-driven approach. Join us in shaping the future of technology.



Experience Remote done Right. Over 20 years of remote experience, all 500+ staff are 100% remote and we still grow vibrant relationships, provide exceptional opportunities for career growth while working with stellar clients on ambitious projects



What we're working on:

Enterprise companies turn to us to help them launch innovative digital products that interact with hundreds of millions of customers, transactions and data points. The problems we solve every day are real and require creativity, grit and determination. We are building a culture that challenges norms while fostering experimentation and personal growth. In order to grasp the scale of problems we face, ideally, you have some exposure to Logistics, FinTech, Transportation, Insurance, Media or other complex multifactor industries



Requirements

- 3+ years of professional experience (A technical assessment will be required)
- Experience with Javascript, React, Redux, Websockets, Async/Await
- Ability to create clean, modern, testable, well-documented code
- Advanced English fluency, verbal and written
- Professional, empathic, team player
- Problem solver, proactive, go-getter



Why Lumenalta is an amazing place to work at

At Lumenalta, you can expect that you will:

- Be 100% dedicated to one project at a time so that you can innovate and grow.
- Be a part of a team of talented and friendly senior-level developers.
- Work on projects that allow you to use leading tech.



The result? We produce meaningful outcomes for our clients that break barriers in their industries.



The job is 100% remote, please make sure you have a comfortable office setup at your desired work location.



Lumenalta is committed to hiring exceptional talent from a wide variety of diverse backgrounds. If you share our values and enthusiasm for digital transformation, we encourage you to apply



Location:

This is a fully remote position open to candidates based in Europe or regions with compatible time zones . To ensure effective collaboration with our client and team, candidates must maintain a 6-hour overlap with Eastern U.S. business hours .



Application Deadline

This is an evergreen opening with no set deadline; we’re always excited to connect with professionals who want to help us build the future",Lumenalta,https://www.linkedin.com/company/lumenalta?trk=public_jobs_topcard-org-name,https://nl.linkedin.com/jobs/view/react-developer-mid-level-at-lumenalta-4337198874?trk=public_jobs_topcard-title,2025-11-20 18:37:21,,,2
4337129177,React Developer - Mid Level,"At Lumenalta, we create impactful software solutions that drive innovation and transform businesses. Since 2000, we’ve partnered with visionary leaders to build cutting-edge tech, solve complex challenges, and deliver results faster through our elite teams and tech-driven approach. Join us in shaping the future of technology.



Experience Remote done Right. Over 20 years of remote experience, all 500+ staff are 100% remote and we still grow vibrant relationships, provide exceptional opportunities for career growth while working with stellar clients on ambitious projects



What we're working on:

Enterprise companies turn to us to help them launch innovative digital products that interact with hundreds of millions of customers, transactions and data points. The problems we solve every day are real and require creativity, grit and determination. We are building a culture that challenges norms while fostering experimentation and personal growth. In order to grasp the scale of problems we face, ideally, you have some exposure to Logistics, FinTech, Transportation, Insurance, Media or other complex multifactor industries



Requirements

- 3+ years of professional experience (A technical assessment will be required)
- Experience with Javascript, React, Redux, Websockets, Async/Await
- Ability to create clean, modern, testable, well-documented code
- Advanced English fluency, verbal and written
- Professional, empathic, team player
- Problem solver, proactive, go-getter



Why Lumenalta is an amazing place to work at

At Lumenalta, you can expect that you will:

- Be 100% dedicated to one project at a time so that you can innovate and grow.
- Be a part of a team of talented and friendly senior-level developers.
- Work on projects that allow you to use leading tech.



The result? We produce meaningful outcomes for our clients that break barriers in their industries.



The job is 100% remote, please make sure you have a comfortable office setup at your desired work location.



Lumenalta is committed to hiring exceptional talent from a wide variety of diverse backgrounds. If you share our values and enthusiasm for digital transformation, we encourage you to apply



Location:

This is a fully remote position open to candidates based in Europe or regions with compatible time zones . To ensure effective collaboration with our client and team, candidates must maintain a 6-hour overlap with Eastern U.S. business hours .



Application Deadline

This is an evergreen opening with no set deadline; we’re always excited to connect with professionals who want to help us build the future",Lumenalta,https://www.linkedin.com/company/lumenalta?trk=public_jobs_topcard-org-name,https://nl.linkedin.com/jobs/view/react-developer-mid-level-at-lumenalta-4337129177?trk=public_jobs_topcard-title,2025-11-20 18:37:23,,,2
4337238710,React Developer - Mid Level,"At Lumenalta, we create impactful software solutions that drive innovation and transform businesses. Since 2000, we’ve partnered with visionary leaders to build cutting-edge tech, solve complex challenges, and deliver results faster through our elite teams and tech-driven approach. Join us in shaping the future of technology.



Experience Remote done Right. Over 20 years of remote experience, all 500+ staff are 100% remote and we still grow vibrant relationships, provide exceptional opportunities for career growth while working with stellar clients on ambitious projects



What we're working on:

Enterprise companies turn to us to help them launch innovative digital products that interact with hundreds of millions of customers, transactions and data points. The problems we solve every day are real and require creativity, grit and determination. We are building a culture that challenges norms while fostering experimentation and personal growth. In order to grasp the scale of problems we face, ideally, you have some exposure to Logistics, FinTech, Transportation, Insurance, Media or other complex multifactor industries



Requirements

- 3+ years of professional experience (A technical assessment will be required)
- Experience with Javascript, React, Redux, Websockets, Async/Await
- Ability to create clean, modern, testable, well-documented code
- Advanced English fluency, verbal and written
- Professional, empathic, team player
- Problem solver, proactive, go-getter



Why Lumenalta is an amazing place to work at

At Lumenalta, you can expect that you will:

- Be 100% dedicated to one project at a time so that you can innovate and grow.
- Be a part of a team of talented and friendly senior-level developers.
- Work on projects that allow you to use leading tech.



The result? We produce meaningful outcomes for our clients that break barriers in their industries.



The job is 100% remote, please make sure you have a comfortable office setup at your desired work location.



Lumenalta is committed to hiring exceptional talent from a wide variety of diverse backgrounds. If you share our values and enthusiasm for digital transformation, we encourage you to apply



Location:

This is a fully remote position open to candidates based in Europe or regions with compatible time zones . To ensure effective collaboration with our client and team, candidates must maintain a 6-hour overlap with Eastern U.S. business hours .



Application Deadline

This is an evergreen opening with no set deadline; we’re always excited to connect with professionals who want to help us build the future",Lumenalta,https://www.linkedin.com/company/lumenalta?trk=public_jobs_topcard-org-name,https://nl.linkedin.com/jobs/view/react-developer-mid-level-at-lumenalta-4337238710?trk=public_jobs_topcard-title,2025-11-20 18:37:26,,,2
4337268494,React Developer - Mid Level,"At Lumenalta, we create impactful software solutions that drive innovation and transform businesses. Since 2000, we’ve partnered with visionary leaders to build cutting-edge tech, solve complex challenges, and deliver results faster through our elite teams and tech-driven approach. Join us in shaping the future of technology.



Experience Remote done Right. Over 20 years of remote experience, all 500+ staff are 100% remote and we still grow vibrant relationships, provide exceptional opportunities for career growth while working with stellar clients on ambitious projects



What we're working on:

Enterprise companies turn to us to help them launch innovative digital products that interact with hundreds of millions of customers, transactions and data points. The problems we solve every day are real and require creativity, grit and determination. We are building a culture that challenges norms while fostering experimentation and personal growth. In order to grasp the scale of problems we face, ideally, you have some exposure to Logistics, FinTech, Transportation, Insurance, Media or other complex multifactor industries



Requirements

- 3+ years of professional experience (A technical assessment will be required)
- Experience with Javascript, React, Redux, Websockets, Async/Await
- Ability to create clean, modern, testable, well-documented code
- Advanced English fluency, verbal and written
- Professional, empathic, team player
- Problem solver, proactive, go-getter



Why Lumenalta is an amazing place to work at

At Lumenalta, you can expect that you will:

- Be 100% dedicated to one project at a time so that you can innovate and grow.
- Be a part of a team of talented and friendly senior-level developers.
- Work on projects that allow you to use leading tech.



The result? We produce meaningful outcomes for our clients that break barriers in their industries.



The job is 100% remote, please make sure you have a comfortable office setup at your desired work location.



Lumenalta is committed to hiring exceptional talent from a wide variety of diverse backgrounds. If you share our values and enthusiasm for digital transformation, we encourage you to apply



Location:

This is a fully remote position open to candidates based in Europe or regions with compatible time zones . To ensure effective collaboration with our client and team, candidates must maintain a 6-hour overlap with Eastern U.S. business hours .



Application Deadline

This is an evergreen opening with no set deadline; we’re always excited to connect with professionals who want to help us build the future",Lumenalta,https://www.linkedin.com/company/lumenalta?trk=public_jobs_topcard-org-name,https://ie.linkedin.com/jobs/view/react-developer-mid-level-at-lumenalta-4337268494?trk=public_jobs_topcard-title,2025-11-20 17:46:10,,,1
4341663309,Technical Consultant Freelance,"Technical Consultant Freelance – Full Remote (Italia)



Tipo di impiego: Full Time

Durata contratto: 12 mesi (inizio previsto 11/01/2026)

Seniority richiesta: Senior (>5 anni)

Sede: Full Remote – Italia



Descrizione del ruolo:

Cerchiamo un Technical Consultant esperto in grado di fare da ponte tra stakeholder e team di sviluppo. Il candidato ideale sarà capace di raccogliere, analizzare e trasferire i requisiti in modo chiaro ed efficace, seguendo processi complessi in ambienti cloud e basati su microservizi. Il ruolo richiede solide competenze tecniche, eccellenti capacità comunicative e la gestione completa delle attività, dal requirement gathering alla validazione.

Responsabilità principali:

- Raccogliere e documentare i requisiti dagli stakeholder e tradurli in specifiche tecniche per i team di sviluppo.
- Monitorare le attività di sviluppo tramite Jira e garantire il follow-up dei punti aperti.
- Validare casi di test funzionali e tecnici.
- Supportare gli sviluppatori durante l’implementazione di soluzioni basate su microservizi.
- Produrre documentazione tecnica chiara per team interni e stakeholder.
- Comprendere i processi CI/CD e i deployment pipeline per supportare le attività di delivery.

Competenze tecniche obbligatorie:

- AWS: buona conoscenza dell’ambiente e dei principali servizi (non è richiesta la certificazione di Solution Architect).
- Kubernetes: conoscenza di pod, deployment, job e ingress.
- Git: ottima comprensione di pull request e workflow di versionamento.
- REST API: conoscenza dei principi e delle best practice.
- Esperienza diretta nello sviluppo di soluzioni a microservizi.
- Capacità di scrivere documentazione tecnica.

Competenze non tecniche obbligatorie:

- Jira: capacità di tracciare le attività, monitorare gli aggiornamenti e coordinarsi con i team di sviluppo.
- Validazione dei casi di test tecnici e funzionali.
- Gestione dei punti aperti e follow-up con gli stakeholder fino alla risoluzione.
- Inglese: livello C1 (B2 considerato se il candidato è molto forte nelle altre competenze e disposto a migliorare).

Competenze aggiuntive (Nice-to-Have):

- Esperienza nello sviluppo con Node.js, Typescript, Angular o SQL.
- Conoscenza di altri cloud provider (Azure/GCP) e BigQuery.
- Esperienza con strumenti CI/CD come ArgoCD, Concourse o Kustomize.
- Comprensione dei processi di release management e pipeline automatizzate.

Lingue richieste:

- Inglese (C1) – obbligatorio
- Italiano (B2) – opzionale

Requisiti di seniority:

- Esperienza di almeno 5 anni in ruoli di technical consulting o ambienti di sviluppo.

",MA (Montreal Associates),https://es.linkedin.com/company/montreal-associates?trk=public_jobs_topcard-org-name,https://it.linkedin.com/jobs/view/technical-consultant-freelance-at-ma-montreal-associates-4341663309?trk=public_jobs_topcard-title,2025-11-20 09:27:03,Giorgia Rosati,https://uk.linkedin.com/in/giorgia-rosati,5
4341393608,Senior Release Manager Freelance,"Senior Release Manager – Full Time / Freelance (Full Remote)



Tipo di impiego: Full Time

Durata contratto: 12 mesi (inizio previsto 24/11/2025)

Seniority richiesta: Alta (>5 anni)

Sede: Full Remote – Europa



Descrizione del ruolo:

Cerchiamo Senior Release Manager Freelance con consolidata esperienza nella gestione dei rilasci in contesti complessi e multi-fornitore. Il candidato ideale sarà in grado di coordinare le attività di rilascio, interfacciarsi con stakeholder internazionali, guidare il miglioramento dei processi e garantire la qualità e puntualità dei rilasci software.

Responsabilità principali:

- Gestire l’intero ciclo di vita dei rilasci in contesti complessi, coordinando team multi-fornitore.
- Interfacciarsi con stakeholder senior, partecipando anche a incontri dirigenziali e SAL per la gestione di criticità.
- Produrre reportistica e documentazione di avanzamento chiara ed efficace.
- Proporre e guidare iniziative di miglioramento dei processi di release dove necessario.
- Garantire l’allineamento tra team tecnici e business, assicurando il rispetto dei tempi e degli standard di qualità.

Competenze obbligatorie:

- Release Management: eccellente esperienza nella gestione dei rilasci.
- DevOps: conoscenza dei principi DevOps e delle pratiche di automazione e CI/CD.
- Capacità di operare in contesti internazionali e multi-fornitore.
- Ottime capacità di comunicazione scritta e orale in inglese (C1) .
- Esperienza di almeno 3-5 anni nel ruolo di Release Manager.

Competenze aggiuntive / desiderabili:

- Capacità di interfacciarsi con figure dirigenziali per aggiornamenti e gestione criticità.
- Esperienza nella produzione di documentazione tecnica e report di avanzamento.
- Attitudine proattiva nel proporre miglioramenti ai processi di release e delivery.

Lingue richieste:

- Inglese (C1) – obbligatorio

",MA (Montreal Associates),https://es.linkedin.com/company/montreal-associates?trk=public_jobs_topcard-org-name,https://it.linkedin.com/jobs/view/senior-release-manager-freelance-at-ma-montreal-associates-4341393608?trk=public_jobs_topcard-title,2025-11-20 17:27:47,Giorgia Rosati,https://uk.linkedin.com/in/giorgia-rosati,2
4341623445,Test Manager Senior – Freelance,"Test Manager Senior – Freelance

Durata prevista: 12 mesi

Seniority: Alta (>5 anni di esperienza)

Numero di risorse richieste: 1

Contratto: Freelance



Descrizione del ruolo

Cerchiamo un Test Manager Senior freelance con esperienza consolidata, in grado di gestire e coordinare attività di test in contesti complessi e multi-fornitore. Il candidato ideale possiede una visione completa di tutte le fasi del testing, dal test funzionale al test automation, e sa interagire con il Business e con stakeholder a livello dirigenziale.

Responsabilità principali

- Coordinare e supervisionare tutte le attività di test come freelance , garantendo qualità e tempistiche.
- Gestire test funzionali, test automation e supportare le attività di UAT come freelance .
- Preparare e fornire reportistica dettagliata sullo stato dei test a stakeholder e dirigenti.
- Gestire incontri con team interni e fornitori esterni come freelance , assicurando l’allineamento con gli obiettivi di business.
- Applicare le best practice di Test Management freelance , migliorando continuamente processi e metodologie.
- Collaborare con i team di sviluppo, QA e Business per assicurare una visione integrata dei progetti come freelance .

Requisiti obbligatori

- Esperienza pluriennale come Test Manager freelance (>5 anni).
- Conoscenza completa dei processi di test: functional testing , test automation e gestione UAT come freelance .
- Capacità di coordinare team e gestire contesti multi-fornitore come freelance .
- Inglese C1 obbligatorio.
- Eccellenti competenze in Test Management freelance , reportistica e comunicazione con stakeholder senior.

Competenze aggiuntive valutate positivamente

- Conoscenza di PassInsurance .
- Esperienza nel settore assicurativo

",MA (Montreal Associates),https://es.linkedin.com/company/montreal-associates?trk=public_jobs_topcard-org-name,https://it.linkedin.com/jobs/view/test-manager-senior-%E2%80%93-freelance-at-ma-montreal-associates-4341623445?trk=public_jobs_topcard-title,2025-11-20 16:28:13,Giorgia Rosati,https://uk.linkedin.com/in/giorgia-rosati,2
4323622040,Clinical Dietitian,"MantraCare is an innovative healthcare company focused on delivering AI-powered therapy, chronic care, and holistic wellness solutions for employers and payers worldwide. The platform spans a wide range of services, including mental health, diabetes care, musculoskeletal health, nutrition, and telehealth. Operating with a hybrid model, MantraCare combines AI-driven triage with support from over 51,000 licensed experts. Its unique approach delivers better outcomes, deeper engagement, and significant cost savings for healthcare systems, insurers, and employers globally.

This is a contract-based remote role for a Clinical Dietitian. The Clinical Dietitian will collaborate with clients to provide personalized nutritional counseling and medical nutrition therapy. Responsibilities include conducting dietary assessments, creating tailored nutrition plans, monitoring progress, and offering professional advice to promote better health outcomes. The role also involves staying up-to-date with current research in nutrition and implementing evidence-based practices to achieve client goals effectively.

- Expertise in Dietetics and Human Nutrition
- Proficiency in Medical Nutrition Therapy and Nutritional Counseling
- Strong knowledge and experience in creating personalized nutrition plans
- Ability to leverage evidence-based practices and adapt to client-specific needs
- Strong communication and interpersonal skills to promote client engagement
- Registered Dietitian Nutritionist (RDN) or equivalent certification preferred
- Bachelor’s degree in Nutrition, Dietetics, or related field
- Experience in remote work and familiarity with telehealth practices is a plus",MantraCare,https://www.linkedin.com/company/mantra-care?trk=public_jobs_topcard-org-name,https://fr.linkedin.com/jobs/view/clinical-dietitian-at-mantracare-4323622040?trk=public_jobs_topcard-title,2025-11-20 13:24:52,Sanjay Gupta,https://in.linkedin.com/in/sanjay-gupta-4741589a,1
4341813304,COACHS - CONSULTANTS - FACILITATEURS - ENTREPRENEURS-LEADERS,"Rejoignez Le Cercle Vertueux en tant qu’Animateur de Groupes Mastermind pour entrepreneurs/indépendants/freelances.



Le Cercle Vertueux recherche des COACHS, CONSULTANTS, FACILITATEURS… mais aussi des ENTREPRENEURS-LEADERS capables d’animer et de fédérer des groupes d’entrepreneurs.





Qui sommes-nous ?



Créé en 2017, Le Cercle Vertueux s’est donné une mission ambitieuse : aider des milliers d’entrepreneurs à devenir libres et épanouis sur tous les plans.

- Un réseau de plus de 120 facilitateurs et experts indépendants
- Des journées Mastermind, workshops, masterclass, séminaires et programmes en ligne
- Des clients entrepreneurs issus de tous secteurs qui viennent travailler leur stratégie, leur posture et leur leadership
- Une philosophie unique : nous ne sommes pas un club d’affaires, mais un comité de direction externalisé , où l’intelligence collective fait avancer chacun



Votre rôle en tant qu’animateur



- Animer et piloter un ou plusieurs groupes Mastermind d’entrepreneurs
- Créer un cadre stimulant, exigeant et bienveillant
- Identifier les priorités, faciliter les prises de décision et les passages à l’action
- Incarner la posture du leader qui accompagne sans diriger



Profil recherché



Vous êtes :

- Indépendant , coach, consultant, facilitateur… ou entrepreneur expérimenté (ayant déjà fédéré une équipe, un réseau ou un collectif)
- Curieux et motivé à prendre la tête de votre propre groupe d’entrepreneurs
- Orienté résultats mais aussi passionné par l’humain et la réussite collective
- Prêt à travailler avec exigence et ouverture, dans un esprit de contribution



État d’esprit attendu



- Vous aimez aider les entrepreneurs à réussir
- Vous visez l’excellence dans votre accompagnement
- Vous êtes prêt à apprendre et à grandir avec notre méthode et notre communauté



Ce que nous vous offrons



- Un partenariat de 12 mois dans un écosystème reconnu et en forte croissance
- Un cadre, des outils et une méthode éprouvée pour vos animations
- Rémunération : facturation sur chaque client accompagné
- Flexibilité : missions variables selon vos disponibilités (≈ 6 jours/an par groupe)
- Des opportunités uniques de croissance personnelle et professionnelle
- La force d’une communauté soudée et inspirante



Où ?

Nos accompagnements collectifs se déploient partout en France et dans les zones francophones .



Si vous vous reconnaissez dans cette annonce et souhaitez rejoindre une aventure humaine et entrepreneuriale unique, candidatez dès maintenant et nous discuterons de la possibilité de devenir un animateur du Cercle Vertueux .

",MASTERMINDs LE CERCLE VERTUEUX,https://fr.linkedin.com/company/mastermind-le-cercle-vertueux?trk=public_jobs_topcard-org-name,https://fr.linkedin.com/jobs/view/coachs-consultants-facilitateurs-entrepreneurs-leaders-at-masterminds-le-cercle-vertueux-4341813304?trk=public_jobs_topcard-title,2025-11-20 16:24:44,Damien Valli,https://fr.linkedin.com/in/damien-valli-887343b8,1
4347032979,"Telefonakquise-Freelancer, Remote DACH - Cold Calling - rein erfolgsbasiert","Wir suchen eine/n erfahrene/n und zuverlässige/n Freelancer/in aus dem deutschsprachigen Raum (DACH) , die/der uns remote beim telefonischen B2B Cold Calling unterstützt.

Wichtig: Es handelt sich nicht um ein Angestelltenverhältnis , sondern um eine freie rein erfolgsbasierte Mitarbeit auf Rechnungsbasis (Freelancer-Modell) .

Deine Aufgabe:

- Du führst strukturierte Gespräche mit Interessenten, die bereits vorab per E-Mail oder LinkedIn angesprochen wurden.
- (Kalt)Akquise neuer Leads und Kunden.
- Ziel: Interesse prüfen, Einwände klären und den Weg zum Abschluss ebnen – entweder direkt oder durch Terminvereinbarung für unser Sales-Team.
- Die Unternehmen stammen aus Bereichen wie E-Commerce, Hotellerie oder Gesundheitswesen im deutschsprachigen Raum.

Was du mitbringen solltest:

- Professionelles Auftreten am Telefon und starke Kommunikationsfähigkeiten
- Verhandlungssicheres Deutsch in Wort und Schrift
- Erfahrung in Akquise, B2B-Vertrieb oder Kundenkontakt
- Selbstständige, strukturierte Arbeitsweise
- Motivation und Abschlussorientierung
- Eigene technische Ausstattung & stabiles Internet (Homeoffice)
- Freelancer-Status und Möglichkeit zur Rechnungsstellung

Vergütung (100 % provisionsbasiert)

- Du wirst ausschließlich auf Erfolgsbasis vergütet.
- Für jeden gelegten SQL Termin erhältst du 100,- € . Zusätzlich erhältst du pro Abschluss, der aus deinen Terminen hervorgeht, 3% des Umsatzwertes.
- Keine Fixvergütung oder Stundenlohn – Bezahlung erfolgt nur bei Erfolg .
- Abrechnung erfolgt durch dich als Freelancer per Rechnung .

Was wir bieten:

- Hohe Terminquote
- Flexible Arbeitszeiten und freie Zeiteinteilung
- Klare Briefings und einfache Prozesse
- Langfristige Zusammenarbeit möglich
- Schnelle Kommunikation & Support durch unser Team
- Sei Teil des Aufbaus eines jungen Unternehmens

So bewirbst du dich:

Bitte sende eine kurze E-Mail mit folgenden Angaben an uns:

- Kurze Vorstellung: Wer bist du, was bringst du mit?
- Optional: Lebenslauf oder Referenzen
- Deine aktuelle Verfügbarkeit (Stunden pro Woche)
- Hinweis, dass du als Freelancer arbeiten und Rechnungen stellen kannst

📧 E-Mail: Bitte nur über das Join Formular bewerben. Andere Bewerbungen können nicht berücksichtigt werden.

Betreff: Bewerbung Nachfass-Akquise – [Vorname Nachname]

Vielen Dank.",MicroBuzz,https://de.linkedin.com/company/microbuzz?trk=public_jobs_topcard-org-name,https://de.linkedin.com/jobs/view/telefonakquise-freelancer-remote-dach-cold-calling-rein-erfolgsbasiert-at-microbuzz-4347032979?trk=public_jobs_topcard-title,2025-11-20 15:17:00,,,1
4347031331,Email Marketing / Retention Specialist for Pet Brand - REMOTE & Freelance,"We’re looking for a passionate Email Marketing Manager/Retention Specialist to join our dynamic e-commerce pet brand. If you're experienced in building high-performing email flows and campaigns and want to be part of a brand that offers unmatched creative freedom, scaling potential, and incredible benefits as a freelancer: join us now, as you won’t find an opportunity like this anywhere else!

👎🏼 NO AGENCIES

We’re on a mission to improve the lives of pets worldwide, and we want you to take the lead in crafting impactful email marketing campaigns and flows that captivate our audience and drive real growth.

Key Responsibilities:

- Lead, develop and execute high-converting email marketing strategies.
- Set up, optimize, and manage automated email flows and campaigns (with the help of an email marketing VA for repetitive tasks).
- Analyze performance metrics and continuously refine email strategies to maximize engagement and revenue.
- Collaborate with our creative team to develop compelling email content and visuals.
- Stay ahead of email marketing trends, deliverability best practices, and industry updates.
- Ensure a seamless and engaging customer journey through personalized and targeted email communication.

Requirements:

- Proven track record in email marketing for D2C e-commerce brands
- Expertise in Klaviyo (flows, campaigns, segmentation, A/B testing, etc.)
- Exceptional English writing and communication skills. Other languages are a plus.
- Strong analytical skills with experience in tracking and interpreting email marketing metrics
- Ability to work independently, take ownership, and drive results.
- Expertise in the latest AI tools
- Use the hidden word ""Retriever"" in your proposal so we know you have an eye for detail
- At least two client references we can speak to directly

Perks of joining our team:

✅ Fully remote team & flexible working hours

✅ Lead your own team ✅ Long-term collaboration ✅ Fun and international team ✅ Endless opportunities for professional growth in the marketing team and beyond ✅ Creative freedom ✅ Fully paid yearly team trips (2023 Indonesia, 2024 Vietnam and Amsterdam, 2025 Thailand and Amsterdam!) if you want to join

Are you the data-driven, results-oriented, FUN professional we’re looking for? Do you want to work in a dynamic environment with exciting opportunities? We’d love to hear from you, show us what you've got!

Make sure to tell us more about your experience with Klaviyo and D2C (pet) brands in your application. You'll have a bigger chance of getting invited to an introduction call if you record a video or Loom introducing yourself and your skills. Have a paw-some day and talk soon!",MrFluffyFriend Global,https://www.linkedin.com/company/mrfluffyfriendglobal?trk=public_jobs_topcard-org-name,https://nl.linkedin.com/jobs/view/email-marketing-retention-specialist-for-pet-brand-remote-freelance-at-mrfluffyfriend-global-4347031331?trk=public_jobs_topcard-title,2025-11-20 08:37:29,,,2
4323524051,ALTERYX Developer,"ALTERYX Developer

We are seeking an ALTERYX Developer to design, develop, and maintain workflows and data transformation processes.



2 Month Freelance Contract

Remote working – Spain



Main Responsibilities

- Design, develop, and maintain workflows and data transformation processes using Alteryx Designer.
- Collaborate with business stakeholders to gather requirements and deliver data-driven solutions.
- Optimize workflows for performance and scalability, ensuring adherence to best practices.
- Support the Transformation and Delivery lead in client relationship management as needed to support solution delivery and issue resolution.



Required Skills & Experience

- 3 Years+ experience with ALTERYX
- Proven experience with Alteryx Designer and developing complex workflows.
- Strong understanding of data analytics, ETL processes, and data visualisation.
- Proficiency in working with large datasets and performing data transformations.

",MRP-Global,https://uk.linkedin.com/company/mrpglobal?trk=public_jobs_topcard-org-name,https://es.linkedin.com/jobs/view/alteryx-developer-at-mrp-global-4323524051?trk=public_jobs_topcard-title,2025-11-20 17:30:29,Christopher King,https://uk.linkedin.com/in/christopherking15,5
4347042194,Conseiller.e Indépendant.e en Gestion de Patrimoine | Investissements Alternatifs,"Offre de collaboration : Conseiller.e Indépendant.e en Gestion de Patrimoine | Investissements Alternatifs



→ Description du poste



Nous recherchons des professionnels indépendants de la gestion du patrimoine ou du conseil en investissement, souhaitant diversifier leur portefeuille de solutions et offrir de nouvelles opportunités à leurs clients.



Il s'agit d'une collaboration indépendante (sans salaire fixe), basée sur des commissions.

Elle est idéale pour des conseillers déjà actifs dans le secteur qui souhaitent ajouter à leur offre actuelle des solutions d’investissement exclusives, solides et rigoureusement encadrées.



-----------------------------------------------------

→ Vos missions



- Accompagner vos clients dans la diversification de leur patrimoine vers l’économie réelle.
- Proposer des solutions d'investissements privées, sélectionnées pour leur solidité, transparence et performance à long terme.
- Développer votre activité en élargissant votre portefeuille de solutions.
- Rester informé.e grâce à un partage régulier d’informations et de formations.



-----------------------------------------------------

→ Ce que nous mettons à votre disposition



- Solutions exclusives : accédez à un portefeuille d’investissements alternatifs encadrés en Europe.
- Supports clés en main : présentations, argumentaires, contrats, documents clients.
- Accompagnement continu : formations, suivi, support.
- Autonomie complète : vous gérez votre activité à votre rythme.



-----------------------------------------------------

→ Profil recherché



- Professionnel.le confirmé.e du conseil patrimonial, de la finance, ou de l’accompagnement en investissement.
- Entrepreneur.e dans l’âme, autonome, structuré.e et motivé.e par des résultats concrets et durables.
- Reconnu.e pour votre sens de l’écoute et la qualité de vos relations, vous inspirez naturellement la confiance et la fidélité de vos clients.
- Animé.e par l’éthique, la clarté et la fiabilité, vous privilégiez les collaborations solides, concrètes et basées sur la confiance mutuelle.



-----------------------------------------------------

→ Modalités



- Statut : indépendant / freelance
- Rémunération : commissions basées sur les investissements réalisés + maintien de portefeuille
- Lieu : télétravail + rendez-vous clients à votre convenance
- Disponibilité : immédiate ou selon votre agenda professionnel



Pourquoi nous rejoindre ?

Parce que les marchés financiers classiques ne répondent plus seuls aux besoins des investisseurs.

Notre rôle : offrir des alternatives concrètes, utiles et performantes.",Multiprofit advisory group,https://www.linkedin.com/company/multiprofit-advisory-group?trk=public_jobs_topcard-org-name,https://fr.linkedin.com/jobs/view/conseiller-e-ind%C3%A9pendant-e-en-gestion-de-patrimoine-investissements-alternatifs-at-multiprofit-advisory-group-4347042194?trk=public_jobs_topcard-title,2025-11-20 13:24:20,Aurélia De Luca,https://fr.linkedin.com/in/aurelia-deluca,1
4337258252,Support Specialist,"Muzz is all about quality, not quantity. We’re looking for enthusiastic team members to join our fast-growing Support team at Muzz. You’ll help our members with their questions, troubleshoot technical issues, and make sure Muzz remains a welcoming and safe space for singles looking for love.



If you’re passionate about delivering fast, friendly, and exceptional customer service - and want to be part of a team that’s making a real difference, then we’d love to hear from you!



What you'll do

- Join our growing Support team, delivering exceptional and prompt support to our global community of members.
- Provide excellent customer service across all of our communication channels, primarily emails and in-app messages.
- Moderation of member-to-member reports, taking the appropriate action if a member is found to be breaching our behaviour guidelines.
- Triage, investigate and escalate any reported software issues.
- Provide valuable insights where required to help us enhance our systems and service.
- Ensure tasks are actioned and responded to in a timely manner and performance targets are met.
- Total hours worked can vary depending on availability and your schedule, but we’re aiming for a minimum 30 hours per week.



What we're looking for

- A reliable, detail-oriented and efficient team member.
- Someone with excellent written communication skills.
- Someone with a positive and attentive approach to dealing with members enquires.
- Strong textual comprehension and ability to understand and interpret customer needs.
- Ability to learn and retain a wide range of information.
- Someone who thrives in a high volume and fast-paced environment.
- Ability to work independently, following best practice and as a contributing team member.
- Someone with a technical customer support background is desirable.
- Existing knowledge of the product is beneficial but not required.



What we offer

- Training and guidelines to help you excel in your role.
- Regular feedback to support your development.
- A supportive work environment.
- Flexibility in breaks during your shift.
- Flexible working hours as and when available.
- Optional monthly office days for the whole community team.
- Biannual community team socials to encourage team-building.
- Free Muzz Gold membership!

",Muzz,https://uk.linkedin.com/company/muzz?trk=public_jobs_topcard-org-name,https://uk.linkedin.com/jobs/view/support-specialist-at-muzz-4337258252?trk=public_jobs_topcard-title,2025-11-20 17:44:38,,,1
4337056355,Customer Account Manager,"- Manage a book of Corporate accounts, aiming for a retention rate of 90% or higher, and proactively identify opportunities for revenue expansion.
- Own the negotiation process for contract renewals and expansions from start to finish.
- Consult with customers throughout the customer lifecycle to understand their business and strategic goals, ensuring they find ongoing value in Nerdio's products and services.
- Establish and nurture key relationships with executive sponsors and decision makers within customer organisations.
- Collaborate closely with Sales and Customer Success leadership to mitigate churn risk and drive ongoing customer success.
- Track customer interactions and engagements within the Customer Success tool (PlanHat).
- Evangelise new product features and provide customer feedback to Sales, Product, Customer Success, and Engineering teams.

- Software background in an XaaS business such as SaaS, PaaS, or IaaS, with a preference for candidates experienced in managing customer relationships across IT Operations, Finance, and Software Engineering.
- Profiency in contract negotiation and conflict resolution.
- Demonstrated experience in customer relationship management, including developing and fostering relationships at all levels within customer organisations.
- Ability to recognise and maximise expansion opportunities.
- Accurate forecasting skills and a good understanding of the customer base.
- Comfort with owning a commercial relationship and proven ability to build strong relationships with customers, especially at the executive level, following a LAER model (land, adopt, expand, retain).
- Articulate value proposition with a technical theme.

- A minimum of 3 to 8 years of experience in a customer success or account management role, preferably within the technology industry.
- Strong understanding of cloud computing, IT services, or related fields.
- Demonstrated ability to build and maintain strong relationships with customers, ensuring their success and satisfaction.
- Experience in managing customer accounts, handling escalations, and resolving issues.
- Proficient in using customer relationship management (CRM) software, customer success management software and other relevant tools

- Experience working with Managed Service Providers (MSPs) or Enterprise IT Professionals.
- Familiarity with the Microsoft Azure ecosystem and cloud services.
- Knowledge of IT project management methodologies and best practices.
- Experience in conducting customer training sessions or workshops.
- Understanding of customer success metrics and the ability to analyse data to drive insights.

- Competitive Base + Incentive Plan
- Stock Options
- Health and Welfare Plans*
- Life and Disability Plans*
- Retirement Plan*
- Unlimited Flexible Paid Time Off......including your birthday off!
- Collaborative Team Culture
- Benefits for international employees, outside the US, vary by country.",Nerdio,https://www.linkedin.com/company/getnerdio?trk=public_jobs_topcard-org-name,https://de.linkedin.com/jobs/view/customer-account-manager-at-nerdio-4337056355?trk=public_jobs_topcard-title,2025-11-20 13:19:00,,,1
4337076332,Customer Account Manager,"- Manage a book of Corporate accounts, aiming for a retention rate of 90% or higher, and proactively identify opportunities for revenue expansion.
- Own the negotiation process for contract renewals and expansions from start to finish.
- Consult with customers throughout the customer lifecycle to understand their business and strategic goals, ensuring they find ongoing value in Nerdio's products and services.
- Establish and nurture key relationships with executive sponsors and decision makers within customer organisations.
- Collaborate closely with Sales and Customer Success leadership to mitigate churn risk and drive ongoing customer success.
- Track customer interactions and engagements within the Customer Success tool (PlanHat).
- Evangelise new product features and provide customer feedback to Sales, Product, Customer Success, and Engineering teams.

- Software background in an XaaS business such as SaaS, PaaS, or IaaS, with a preference for candidates experienced in managing customer relationships across IT Operations, Finance, and Software Engineering.
- Profiency in contract negotiation and conflict resolution.
- Demonstrated experience in customer relationship management, including developing and fostering relationships at all levels within customer organisations.
- Ability to recognise and maximise expansion opportunities.
- Accurate forecasting skills and a good understanding of the customer base.
- Comfort with owning a commercial relationship and proven ability to build strong relationships with customers, especially at the executive level, following a LAER model (land, adopt, expand, retain).
- Articulate value proposition with a technical theme.

- A minimum of 3 to 8 years of experience in a customer success or account management role, preferably within the technology industry.
- Strong understanding of cloud computing, IT services, or related fields.
- Demonstrated ability to build and maintain strong relationships with customers, ensuring their success and satisfaction.
- Experience in managing customer accounts, handling escalations, and resolving issues.
- Proficient in using customer relationship management (CRM) software, customer success management software and other relevant tools

- Experience working with Managed Service Providers (MSPs) or Enterprise IT Professionals.
- Familiarity with the Microsoft Azure ecosystem and cloud services.
- Knowledge of IT project management methodologies and best practices.
- Experience in conducting customer training sessions or workshops.
- Understanding of customer success metrics and the ability to analyse data to drive insights.

- Competitive Base + Incentive Plan
- Stock Options
- Health and Welfare Plans*
- Life and Disability Plans*
- Retirement Plan*
- Unlimited Flexible Paid Time Off......including your birthday off!
- Collaborative Team Culture
- Benefits for international employees, outside the US, vary by country.",Nerdio,https://www.linkedin.com/company/getnerdio?trk=public_jobs_topcard-org-name,https://nl.linkedin.com/jobs/view/customer-account-manager-at-nerdio-4337076332?trk=public_jobs_topcard-title,2025-11-20 13:37:28,,,1
4341873038,TECNICAL PROJECT MANAGER IT,"TECHNICAL PROJECT MANAGER (TPM) a partecipazione , contratto a partecipazione economica per asset internazionale in fase avanzata per il lancio.



⚠️ Important Notice



An advanced level of proficiency in the Italian language is a mandatory requirement for this position.

Applications that do not meet this criterion will be automatically rejected. If you do not possess this requirement, please do not proceed with your application, as it will not be considered.



OFFERTA LAVORATIVA — TECHNICAL PROJECT MANAGER IT (TPM)



Collaborazione a partecipazione



A differenza delle posizioni tradizionali, questa non è una posizione con stipendio fisso o compenso a progetto. La nostra collaborazione prevede una partecipazione diretta agli utili del software e dell’asset tecnologico NewtonThrust, fino al 40% dell’utile complessivo, ripartito equamente tra i membri del team coinvolti nello sviluppo e nella crescita dell’azienda.



L’attività inizia immediatamente, con inserimento diretto nel flusso operativo già attivo del team R&D, collaborando su progetti avanzati e strategie operative in real-time. Si tratta di un’opportunità unica per entrare in un asset innovativo, internazionale e scalabile, con un ruolo strategico nello sviluppo del brand e dei prodotti.



Chi siamo



Mediarketing Technology dispone di una struttura differenziante, che opera nello sviluppo strategico e operativo di modelli di business omnichannel e multicanale, progettando ecosistemi tecnologici attraverso l’integrazione di strategie, comunicazione, design, performance, tecnologia, analisi e dati. Il nostro business si fonda su un’innovazione protetta da brevetti internazionali, capace di rispondere alle sfide più complesse del panorama B2B, in ogni settore e dimensione aziendale.



All’interno di questa visione strategica, abbiamo sviluppato uno degli asset più esclusivi: NewtonThrust, un modello di business innovativo progettato per automatizzare e ottimizzare le operazioni B2B e B2C, risolvendo le inefficienze dei portali esistenti nella filiera automotive e migliorando drasticamente l’esperienza di tutti gli attori del mercato. NewtonThrust gestisce l’intera filiera, incluse le trattative intra-comunitarie e extra-UE, e automatizza tutti i processi, garantendo efficienza, scalabilità e tracciabilità.



NewtonThrust è pronto a gestire grandi volumi di affari grazie a una soluzione end-to-end con processi avanzati che spaziano dalla gestione interna del database alla fiscalità automatizzata, dall’advertising alla configurazione personalizzata dei servizi di assistenza, fino alla gestione amministrativa integrata. La tecnologia, coperta da brevetti internazionali e NDA, è pensata per esigenze di mercato reali ed espansive, e il modello sarà replicabile in futuro in altri settori.



L’obiettivo di NewtonThrust è diventare garante di riferimento nel settore, includendo servizi come escrow e sicurezza delle transazioni, affermandosi come punto di fiducia e autorevolezza nel panorama automotive internazionale.



Posizione: Technical Project Manager IT (TPM)



Cerchiamo un professionista senior, operativo e visionario, capace di supportare direttamente il CTO e di garantire ordine, efficienza e qualità nel team tecnico. La figura sarà responsabile della gestione operativa dei progetti, della traduzione dei requisiti funzionali in attività tecniche, del coordinamento del team e del monitoraggio delle scadenze.



Il TPM sarà ponte operativo tra dev e figure C-level, contribuendo a stabilire priorità, milestone, roadmap e backlog, rimuovendo blocchi operativi e garantendo il successo degli obiettivi strategici. La figura collaborerà anche alle attività di recruiting tecnico, valutando candidati e supportando il CTO nella costruzione di team altamente performanti.



Responsabilità principali



- Tradurre requisiti funzionali e decisioni del CTO in task tecnici chiari e assegnabili
- Pianificare, organizzare e monitorare backlog, sprint e roadmap di sviluppo, con milestone chiare e misurabili
- Suddividere progetti complessi in attività gestibili, assegnandole al team e stabilendo priorità strategiche
- Monitorare quotidianamente avanzamenti, scadenze e rischi di ritardo, segnalando criticità al CTO e al board
- Coordinare il team tecnico, garantendo ritmo operativo costante, con meeting giornalieri, settimanali e review periodiche
- Collaborare con analisti funzionali e sviluppatori per garantire qualità e standard del codice e dei deliverable
- Effettuare code review, test operativi e controllo qualità, senza sostituire le scelte architetturali del CTO
- Organizzare la documentazione tecnica, report e aggiornamenti verso il CTO e il board
- Supportare il CTO nella costruzione di task, backlog e priorità, assicurando che le decisioni strategiche si traducano in attività operative
- Collaborare al recruiting e alla valutazione dei membri del team tecnico
- Garantire rispetto delle scadenze, qualità dei deliverable e aderenza agli standard tecnici e qualitativi
- Mantenere un flusso operativo chiaro e ordinato, anticipando criticità e proponendo soluzioni operative efficaci



Requisiti fondamentali



- Esperienza comprovata come Technical Project Manager o equivalente senior, con team di sviluppo software complessi
- Conoscenza approfondita di codice, architettura software e processi di sviluppo
- Esperienza nella gestione di backlog, sprint, roadmap e milestone
- Conoscenza e utilizzo di strumenti GitHub, GitLab, Notion, e sistemi di project management analoghi
- Ottime capacità di coordinamento del team, comunicazione e problem solving
- Lingua italiana fluente obbligatoria, scritta e parlata
- Autonomia e responsabilità, capacità di lavorare da remoto o ibrido con disponibilità minima di 4 ore al giorno
- Puntualità negli appuntamenti, rispetto delle scadenze e attenzione ai dettagli
- Visione strategica, capacità di anticipare criticità e proporre soluzioni operative
- Attitudine a lavorare in un contesto high-performance, meritocratico e internazionale



Competenze gradite



- Conoscenza di metodologie Agile, Scrum, Kanban
- Esperienza in code review, test operativi, QA e standard di sviluppo
- Capacità di interfacciarsi con figure C-Level, analisti funzionali e sviluppatori full-stack
- Esperienza in sviluppo software in contesti B2B e B2C, preferibilmente in settori automotive o tech avanzati
- Competenze in gestione workflow end-to-end, integrazione di strumenti e processi complessi
- Esperienza nella creazione di metriche di performance e reporting tecnico



Formula di collaborazione



La collaborazione inizierà con un pre-contratto di partecipazione, fase preparatoria di circa un mese e mezzo, utile per valutare compatibilità, stile e metodo. Successivamente si passerà a un contratto definitivo, che prevede:

- Monetizzazione diretta suddivisa tra i membri del team R&D
- Ingresso stabile nella struttura equity-based dell’asset tecnologico
- Coinvolgimento attivo nella valorizzazione economica e strategica dell’asset



NewtonThrust adotta un modello di crescita condivisa: non si tratta di un lavoro a stipendio fisso, ma di una collaborazione professionale a progetto, con partecipazione diretta agli utili aziendali, fino al 40% dell’utile complessivo ripartito tra i membri del team e i collaboratori direttamente coinvolti nello sviluppo dell’azienda.



Nota importante sulla candidatura



Per completare correttamente la candidatura, accedi al portale ufficiale di NewtonThrust R&D e segui il processo dedicato: inserisci i dati richiesti, rispondi alle domande di selezione, allega il tuo CV e visiona l’Intesa Precontrattuale.

Solo al termine, inviando il messaggio preimpostato al contatto ufficiale del CHRO tramite WhatsApp, la tua candidatura sarà considerata valida e presa in esame dal team di selezione.



Le candidature che non completano l’intero processo tramite il portale non verranno prese in considerazione.

In caso di allineamento con i requisiti e la vision del team R&D, verrai ricontattato direttamente per la fase di validazione finale.

",NewtonThrust™,https://www.linkedin.com/company/newtonthrust?trk=public_jobs_topcard-org-name,https://it.linkedin.com/jobs/view/tecnical-project-manager-it-at-newtonthrust%E2%84%A2-4341873038?trk=public_jobs_topcard-title,2025-11-20 14:28:09,Andrea Speranza,https://it.linkedin.com/in/andrea-speranza-732ba217,7
4341941204,Copywriter (m/w/d) in DACH-Region - Freelance,"About notus:

Many companies already see the value of personal branding & content, but struggle to:

- come up with the right strategy
- find the time to produce content
- be consistent and play the long-game

That’s why we’re here.

At notus, we build content engines for B2B founders & executives.

We help them leverage the best marketing asset there is - people. (aka personal brands)

We believe that in the future, businesses will thrive on personal brand-led content, so it’s our mission to build an ecosystem of businesses driven by it.

Our roots are in New York City, where our founder, Marvin Sanginés, started documenting his journey starting a marketing agency in 2020.

In the process, he realized that what brought him the most value & opportunities was his personal brand - so he wanted to offer his clients the same.

Fast forward 4 years, and we’ve had the pleasure to work with some of the coolest founders & executives in the game.

From 9-figure entrepreneurs like Noah Kagan and Jesse Puji, to executives of billion-dollar companies like Swisscom and Rhomberg.

notus is young and growing fast.

Our team consists of driven individuals with a love for content, an eye for detail and a whole lot of positive energy.

The copywriter role is very popular because you literally get paid to learn from successful founders & execs every day. (yes, you read that right.)

So, what will you be doing? Let’s take a closer look at the role:

What does a freelance copywriter do at notus?

As a Freelance Copywriter, you'll work closely with our content strategists to turn expert insights into compelling LinkedIn content.

We see this role as a mix of:

- Writer
- Storyteller
- Clear communicator

Here’s how our process works:

Each client project starts with a setup phase, where the content strategist defines the content strategy, optimizes the LinkedIn profile, and sets the media plan.

Once that’s done, we move into the ongoing content engine.

That’s where you come in.

You’ll take transcripts and outlines from client calls and turn them into high-quality posts that:

- reflect the client’s voice
- highlight their expertise
- speak to their target audience
- support their business goals

You’ll collaborate with strategists, follow our editorial process, and deliver clean, on-point drafts on time.

You won’t be left figuring things out on your own.

We’ll provide:

- clear writing frameworks and voice guides
- context and feedback from experienced strategists
- best practices from over 100 personal branding projects

If you write with clarity, care about tone, and know how to craft a good LinkedIn post—this role’s for you.

You’ll make a great fit at notus if:

- you’re a proactive communicator and able to adapt to different personalities
- you have excellent English and German writing & communication skills
- you are highly organized and able to manage many moving pieces
- you possess strong emotional intelligence and empathy
- you’re curious and eager to learn about any topic
- you have excellent copywriting skills
- you have a passion for content
- you are a team player that lifts other people up
- you are skilled at thorough research and understanding
- you are a detailed worker with high standards for quality
- you can take and implement feedback well and without ego

Additional details:

- We hire for freelance positions on a project base from 10h a week upwards.
- Compensation: starting at 15-20€ an hour depending on expertise
- The position is 100% remote.
- We’re looking for immediate starting dates (this will be a recurring opening every few months with adjusted starting dates.)

Why should you collaborate with notus?

- We invest in resources and learning material (access to courses, co-horts, and internal masterminds)
- You get to work directly with founders and entrepreneurs (build relationships and learn from them)
- We're 100% remote (in-person events are part of the agenda)
- We're international (both our team and our clients are spread across the globe with a strong emphasis on the DACH region )

Okay, you applied for the position, what's next?

You'll receive an email with a Typeform questionnaire. To ensure we can give every application the attention it deserves, we kindly ask that all applicants complete the Typeform. Just ignore that is says ""Content Strategist"" we are using the same funnel for both CS and Copywriter applicants & only the responses are what are truly important for us.

Only those who complete the Typeform and share a quick 3-5 minute loom/video introducing themselves will be reviewed and receive a response, as we are unable to manage the high volume of applications from online platforms.

Thank you for your understanding!

Again..

We have a multi-step recruiting process:

So don’t hesitate and apply now - we are looking forward to receiving your application.

PS: If you have questions, please let us know on LinkedIn (as we cannot post an email on here)

We’ll only consider applications that meet the outlined requirements and include a Loom video. Applications will be reviewed at the beginning of August.

We appreciate your patience and look forward to the potential of working together.",notus,https://ch.linkedin.com/company/notusxyz?trk=public_jobs_topcard-org-name,https://de.linkedin.com/jobs/view/copywriter-m-w-d-in-dach-region-freelance-at-notus-4341941204?trk=public_jobs_topcard-title,2025-11-20 06:17:43,,,1
4337640774,Head of Engineering - Remote (Portugal Based) - Fixed-Term 12 Months,"- Lead a team of engineering managers: Manage and grow 3-6 Engineering Managers, their teams (20-40 engineers total), and Staff engineers. Coach your managers on team building, technical decisions, and delivery challenges;
- Shape technical direction: Guide architecture and system design decisions across your domain. Set standards for code quality, testing, and observability that align with organizational goals;
- Drive delivery and prioritization: Ensure teams have clear roadmap(s) tied to business strategy. Help balance speed with sustainability, managing technical debt and making smart trade-offs;
- Build engineering capability: Hire great talent and create an environment where people grow. Partner with Product and Design leadership to translate strategy into execution;
- Champion quality and operational excellence: Use metrics to improve. Ensure production-ready deliverables that meet SLOs and organizational KPIs.

- 5+ years managing engineering teams, including experience managing other engineering managers and staff engineers.
- 8+ years as a software engineer with hands-on experience building large-scale distributed systems;
- Strong technical foundation in service-oriented architecture, container orchestration, and modern development practices;
- Track record of developing people and building high-performing teams;
- Excellent communication skills and experience collaborating with Product, Design, and Technology partners;
- Proficient in English (written and verbal).

- Experience in multi-country or distributed engineering organizations;
- Leading platform migrations or large-scale technical transformations;
- Contributing to engineering strategy and organizational standards.

- Flexible benefits plan (Coverflex)
- 3 extra vacation days
- Health Insurance Multicare (extendable to family)
- Life Insurance
- Remote work monthly allowance
- Meal Allowance (10€ net per day in meal card)
- Urban Sports subscription (pack M)
- English & Portuguese Classes
- Welcome pack",OLX,https://nl.linkedin.com/company/olx-group?trk=public_jobs_topcard-org-name,https://pt.linkedin.com/jobs/view/head-of-engineering-remote-portugal-based-fixed-term-12-months-at-olx-4337640774?trk=public_jobs_topcard-title,2025-11-20 22:34:10,,,6
4337185502,Freelance Journalist Wanted (Architecture / BIM / AEC Tech),"At OMI Firm , we partner with forward-thinking companies to build powerful, credible, and scalable content ecosystems.



One of our current clients — Consense , a creator of elegant, lightweight Revit plugins — is expanding its media presence. To support this, we’re assembling a small team of freelance journalists who can help us produce insightful, technically accurate, and highly engaging content for the AEC community.



Consense’s tools are built to eliminate the daily bottlenecks Revit users face: rigid schedules, messy data, Excel dependency, inconsistent deliverables, and the hours lost to manual formatting. Their brand stands for simplicity, structure, relief, and supportive innovation , and our goal at OMI Firm is to amplify that voice across the industry.



We’re looking for journalists who can translate Revit headaches into compelling stories, user case studies, and thought-leadership content that will resonate with architects, BIM coordinators, contractors, and facility managers.



- Write articles, interviews, and editorial features centered around:
- Revit workflows, BIM coordination, and AEC technology
- Data challenges and solutions inside real project environments
- The tension between “big tools” and “small tools” in design workflows
- Industry trends in digital construction, automation, and productivity
- Customer stories and practical wins using tools like Consense’s plugins
- Conduct interviews with architects, BIM leads, and Revit power users.
- Craft content for publication on LinkedIn, blogs, newsletters, and external AEC platforms.
- Work closely with OMI Firm’s marketing strategy team to maintain brand tone, clarity, and narrative cohesion.
- Help build an early community of niche Revit professionals who engage with, share, and learn from our content.



- Prior writing experience in architecture, engineering, construction, BIM, design technology, or SaaS .
- Ability to communicate technical topics with clarity, precision, and approachability.
- Comfortable writing both long-form articles and short-form, platform-native content.
- Strong interviewing skills and the ability to extract insights from busy professionals.
- A tone that matches Consense’s personality: supportive, stable, insightful, and technically grounded .
- Reliability, craft, and professional communication.



- Familiarity with Autodesk Revit, BIM processes, or AEC workflow challenges.
- Existing relationships with architects, BIM specialists, or construction tech professionals.
- Experience creating SEO-aligned or industry-specific articles.
- Understanding of data-driven design, project documentation workflows, or plugin ecosystems.



- You’ll collaborate directly with a senior marketing strategist (me) and be part of a long-term content ecosystem.
- Your work will shape how Consense — a high-potential, creator-archetype brand — is perceived by early adopters in the AEC world.
- Flexible, remote, project-based assignments with consistent opportunities.
- Room to grow into deeper storytelling, campaign-support, or editorial strategy roles.",OMI Firm,https://www.linkedin.com/company/omifirm?trk=public_jobs_topcard-org-name,https://at.linkedin.com/jobs/view/freelance-journalist-wanted-architecture-bim-aec-tech-at-omi-firm-4337185502?trk=public_jobs_topcard-title,2025-11-20 13:50:45,,,1
4338221745,Travel Journalist / Blogger,"Company Description



For one or our ventures in the travel space, we are looking for support. Otte Ventures GmbH, founded by media entrepreneur and economist Jan Otte, specializes in empowering innovative online media and publishing businesses. Focused on driving growth for companies with strong operations and 7-digit revenues, particularly in the U.S. market, Otte Ventures combines strategic capital with expertise in media, technology, and finance.



Role Description



This is a remote, contract role for a Travel Journalist / Blogger. The individual in this role will research and write compelling travel content, including blog posts, news pieces, and features, for a global audience.



Original images & experiences, no AI slop.



The website is travelbinger.com and listed in Apple News, Google News, Discover, MSN, Yahoo / AOL and Flipboard. Reaching million readers monthly.



Qualifications



- Strong skills in Writing, News Writing, and Press Releases
- Ability to conduct thorough and accurate Research for producing content
- Experience in Broadcasting or creating multimedia travel content
- Proficiency in storytelling and crafting narratives tailored to diverse audiences
- Self-discipline and ability to excel in a remote work environment
- Previous experience in journalism, blogging, or travel content creation is a plus
- Bachelor’s degree in Journalism, Communications, Media Studies, or a related field preferred",Otte Ventures GmbH,https://www.linkedin.com/company/otte-ventures-gmbh?trk=public_jobs_topcard-org-name,https://de.linkedin.com/jobs/view/travel-journalist-blogger-at-otte-ventures-gmbh-4338221745?trk=public_jobs_topcard-title,2025-11-21 02:18:37,,,1
4337074295,"Product Engineer, Full Stack/AI, Contract | Python, TypeScript, AWS | Scale up, Creative Tools | £550-675 per day - Outside IR35 | 6 Months Initial | UK remote","Product Engineer, Full Stack/AI, Contract | Python, TypeScript, AWS | Scale up, Creative Tools | £550-675 per day - Outside IR35 | 6 Months Initial | UK remote



Opportunity:

We’re supporting an innovative, fast-moving team. They’re building cutting-edge creative production tools, and are looking for a Full Stack Python Engineer with strong Python, React experience and startup mindset. This is a remote role, giving you autonomy while you design, build and scale applications that power creative workflows in industries like media and digital production.



You’ll be delivering greenfield features end-to-end, working closely with creative teams, and solving unique technical challenges with modern web and cloud technologies.



What You’ll Be Doing as a Product Engineer, Full Stack/AI, Contract | Python, TypeScript, AWS | Scale up, Creative Tools | £550-675 per day - Outside IR35 | 6 Months Initial | UK remote

- Build and maintain dynamic, responsive web interfaces with React , TypeScript , and modern CSS.
- Implement state management solutions (e.g., Redux , Zustand ) for seamless user experiences.
- Design and develop robust backend services and APIs with Python , Django , FastAPI , including both REST and GraphQL.
- Architect and maintain scalable database solutions (SQL/NoSQL).
- Deploy and manage applications using Docker , Kubernetes , and Terraform in AWS environments.
- Maintain CI/CD pipelines, monitor application health, and ensure uptime and performance.
- Collaborate cross-functionally with designers, product managers, and engineers to deliver high-quality products.
- Innovate and drive solutions for unique technical challenges in creative workflows.
- Contribute to tools integrated with creative software (e.g., Houdini, Nuke, DaVinci Resolve).



Core Skills for the Product Engineer, Full Stack/AI, Contract | Python, TypeScript, AWS | Scale up, Creative Tools | £550-675 per day - Outside IR35 | 6 Months Initial | UK remote

- Strong proficiency in React , TypeScript , and modern web development best practices.
- Solid backend experience with Python , Django , FastAPI , and database design.
- Knowledge of state management libraries like Redux or Zustand .
- Familiarity with DevOps practices, CI/CD pipelines, and cloud deployment on AWS .
- Experience with containerisation and orchestration ( Docker , Kubernetes ).
- Understanding of scalable architecture patterns and data integrity principles.
- Ability to work autonomously, with a proven track record of delivering end-to-end products.
- Excellent problem-solving and communication skills.



Nice to Have:

- Experience working in startups or high-growth environments.
- Familiarity with creative production tools such as Houdini , Nuke , DaVinci Resolve .
- Knowledge of ReactFlow or similar frameworks for node-graph-driven applications .
- Passion for creative automation and solving unique technical challenges.



Details for the Product Engineer, Full Stack/AI, Contract | Python, TypeScript, AWS | Scale up, Creative Tools | £550-675 per day - Outside IR35 | 6 Months Initial | UK remote

- Location: Remote (Work from anywhere in the UK)
- Type: Contract, full-time
- Rate: GBP525-675 per day Outside IR35
- Start: ASAP",Owen Thomas | Pending B Corp™,https://uk.linkedin.com/company/owen-thomas-talent?trk=public_jobs_topcard-org-name,https://uk.linkedin.com/jobs/view/product-engineer-full-stack-ai-contract-python-typescript-aws-scale-up-creative-tools-%C2%A3550-675-per-day-outside-ir35-6-months-initial-uk-remote-at-owen-thomas-pending-b-corp%E2%84%A2-4337074295?trk=public_jobs_topcard-title,2025-11-20 09:41:09,Harry Ellis,https://uk.linkedin.com/in/harry-ellis-049b53122,9
4337223771,"JavaScript Developer, Contractor, Full-stack | NodeJS, TypeScript, React, AWS | Disruptive Start-up, B2C | Rate c/ £500/day (Outside) | 6-months | UK remote or London Hybrid","JavaScript Developer, Contractor, Full-stack | NodeJS, TypeScript, React, AWS | Disruptive Start-up, B2C | Rate c/ £500/day (Outside) | 6-months | UK remote or London Hybrid



Opportunity:



We’re supporting an innovative, fast-moving founding team. They’re building an innovative B2C platform with lots of partnerships already signed up! Very exciting opportunity to take a lot of responsibility and work in a small team with proven founders and engineers - on a disruptive and data-heavy B2C application.



You’ll work closely with the founding team to build scalable, secure, and high-performance systems that deliver an exceptional user experience.



What You’ll Be Doing as a JavaScript Developer, Contractor, Backend Engineering | NodeJS, TypeScript, AWS | Disruptive Start-up, B2C | Rate £500/day (Outside) | 6-months | London, Hybrid



- Develop, maintain, and optimize robust backend services and APIs that power our mobile and web platforms
- Design and implement low-latency event processing pipelines
- Ensure backend infrastructure is reliable, scalable, and secure
- Enhance database efficiency and refine data storage strategies
- Maintain comprehensive multi-layered test coverage
- Collaborate closely with frontend and mobile teams to define and deliver API contracts
- Set up and manage effective monitoring, logging, and alerting systems
- Influence architectural decisions and help establish engineering best practices
- Conduct code reviews and provide mentorship to junior developers
- Explore and integrate new technologies to expand platform capabilities
- Work with product and design teams to convert requirements into scalable technical solutions
- Continuously refine development workflows and improve system performance





What You’ll Need as a JavaScript Developer, Contractor, Backend Engineering | NodeJS, TypeScript, AWS | Disruptive Start-up, B2C | Rate £500/day (Outside) | 6-months | London, Hybrid



- 6+ years commercial experience in Backend technologies, with majority focused on NodeJS.
- Proven track record of start-up experience, working for cool innovative consumer b2c brands where you've taken ownership.
- Confidence working on huge datasets and complex API work
- Great communication skills and attitude to get your hands dirty across the stack and business challenges.
- Nice to have: Full stack experience, with TypeScript



JavaScript Developer, Contractor, Backend Engineering | NodeJS, TypeScript, AWS | Disruptive Start-up, B2C | Rate £500/day (Outside) | 6-months | London, Hybrid

- Location: Remote
- Type: Contract, full-time
- Rate: circa £500/day
- Start: ASAP",Owen Thomas | Pending B Corp™,https://uk.linkedin.com/company/owen-thomas-talent?trk=public_jobs_topcard-org-name,https://uk.linkedin.com/jobs/view/javascript-developer-contractor-full-stack-nodejs-typescript-react-aws-disruptive-start-up-b2c-rate-c-%C2%A3500-day-outside-6-months-uk-remote-or-london-hybrid-at-owen-thomas-pending-b-corp%E2%84%A2-4337223771?trk=public_jobs_topcard-title,2025-11-20 09:43:09,Harry Ellis,https://uk.linkedin.com/in/harry-ellis-049b53122,8
4336721686,Data Analyst (0 Experience Required),"For thousands of years, maps have provided humans with the knowledge they need to make decisions. As a Maps Evaluator, you will have the opportunity to provide ground truth for your town, city or country.



At Peroptyx, we are looking for Data Analysts who will review mapping data for digital mapping applications. Your research capabilities will validate and ensure that the navigation of certain routes are accurate and safe.



As part of this role you will verify that business names and opening hours are correct. You will check that the distance from a starting point to an end destination is listed accurately resulting in better user experiences.



With this job you can plan your days around this highly flexible working schedule, work weekends or late evenings, all from the comfort of your own office. The flexibility of our roles minimizes the impact on your daily routine.



So, whether you are a student looking to earn as you learn, a retiree looking for a new challenge a part-time/full time professional or a work from home parent, Peroptyx has the right role for you!



Benefits

- Work up to 20 hours per week.
- Earn a competitive rate of pay.
- Develop your research skills.
- Avoid the long commute.
- Work from the comfort of your home office.
- Enjoy the flexibility of setting your own working hours!



Ideal Candidate

- Fluent in English and Italian.
- Excellent research skills.
- Excellent local knowledge of your home country.
- Good understanding and general knowledge of the geography and culture of Italy.
- Analytical mindset.



Job Requirements

- Must be living in Italy for a minimum of 5 consecutive years.
- Must pass an online open-book exam that can verify your full understanding of the material and concepts.
- Must be willing to work a minimum of 10 hours and up to 20 hours per week depending on task availability.
- Good working knowledge of search engines, map applications and familiarity with social media platforms.
- Strong ability to learn, understand and apply multiple sets of different instructions.
- All work must be of an independent nature.





Apply Online Today!



Work From Home - WFH - Remote - Freelance - Telecommuting - Flexible",Peroptyx,https://ie.linkedin.com/company/peroptyx?trk=public_jobs_topcard-org-name,https://it.linkedin.com/jobs/view/data-analyst-0-experience-required-at-peroptyx-4336721686?trk=public_jobs_topcard-title,2025-11-20 10:26:50,,,4
4336632030,Data Analyst (0 Experience Required),"For thousands of years, maps have provided humans with the knowledge they need to make decisions. As a Maps Evaluator, you will have the opportunity to provide ground truth for your town, city or country.



At Peroptyx, we are looking for Data Analysts who will review mapping data for digital mapping applications. Your research capabilities will validate and ensure that the navigation of certain routes are accurate and safe.



As part of this role you will verify that business names and opening hours are correct. You will check that the distance from a starting point to an end destination is listed accurately resulting in better user experiences.



With this job you can plan your days around this highly flexible working schedule, work weekends or late evenings, all from the comfort of your own office. The flexibility of our roles minimizes the impact on your daily routine.



So, whether you are a student looking to earn as you learn, a retiree looking for a new challenge a part-time/full time professional or a work from home parent, Peroptyx has the right role for you!



Benefits

- Work up to 20 hours per week.
- Earn a competitive rate of pay.
- Develop your research skills.
- Avoid the long commute.
- Work from the comfort of your home office.
- Enjoy the flexibility of setting your own working hours!



Ideal Candidate

- Fluent in English
- Excellent research skills.
- Excellent local knowledge of your home country.
- Good understanding and general knowledge of the geography and culture of Ireland.
- Analytical mindset.



Job Requirements

- Must be living in Ireland for a minimum of 5 consecutive years.
- Must pass an online open-book exam that can verify your full understanding of the material and concepts.
- Must be willing to work a minimum of 10 hours and up to 20 hours per week depending on task availability.
- Good working knowledge of search engines, map applications and familiarity with social media platforms.
- Strong ability to learn, understand and apply multiple sets of different instructions.
- All work must be of an independent nature.





Apply Online Today!



Research - Work From Home (WFH) - Remote Work - Data Analysis - Freelance - Telecommuting",Peroptyx,https://ie.linkedin.com/company/peroptyx?trk=public_jobs_topcard-org-name,https://ie.linkedin.com/jobs/view/data-analyst-0-experience-required-at-peroptyx-4336632030?trk=public_jobs_topcard-title,2025-11-20 10:45:57,,,4
4336741476,AI Content Analyst (0 Experience Required),"Help Shape the Future of AI — From Anywhere



AI is revolutionising how we interact with technology. From news feeds to navigation, machine learning can tailor our digital experiences to meet our needs — anytime, anywhere.

With Peroptyx , you’ll have an opportunity to help make those experiences even smarter. We're looking for AI Content Analysts to assess the accuracy and relevance of human and AI-generated content. You’ll evaluate everything from search results to news stories, images, music and transit data — ensuring it all makes sense in the real world.



What’s in it for you?



✅ Total flexibility — set your own hours (weekends, evenings, whenever suits you)

✅ Fully remote — work from home, skip the commute

✅ Earn a competitive hourly rate

✅ Boost your research and analytical skills



Whether you're a student, a parent, a professional seeking part-time hours, or just someone who loves a flexible role — this is an opportunity to make a real impact from your home location.



_____________________________________________________________________



You’ll Succeed If You Are:

- Fluent in English
- A sharp researcher with great local knowledge (news, culture, media)
- Familiar with search engines, maps, and social platforms
- Analytical, self-motivated, and comfortable working independently
- Living in Ireland for 5+ consecutive years



_____________________________________________________________________



Requirements:

- Minimum 10–20 hours/week availability
- Must pass an online open-book assessment
- Laptop/PC with unique user account & up-to-date antivirus
- Only one applicant per household
- All tools/equipment at your own expense



______________________________________________________________________



Help train the next generation of AI — on your time, your terms

Join the Peroptyx Team — Apply Online Today!



Note: This is a freelance, independent contractor position.



Work From Home ~ WFH ~ Research ~ Telecommuting ~ Remote",Peroptyx,https://ie.linkedin.com/company/peroptyx?trk=public_jobs_topcard-org-name,https://ie.linkedin.com/jobs/view/ai-content-analyst-0-experience-required-at-peroptyx-4336741476?trk=public_jobs_topcard-title,2025-11-20 10:46:00,,,4
4336562124,Data Analyst (0 Experience Required),"For thousands of years, maps have provided humans with the knowledge they need to make decisions. As a Maps Evaluator, you will have the opportunity to provide ground truth for your town, city or country.



At Peroptyx, we are looking for Data Analysts who will review mapping data for digital mapping applications. Your research capabilities will validate and ensure that the navigation of certain routes are accurate and safe.



As part of this role you will verify that business names and opening hours are correct. You will check that the distance from a starting point to an end destination is listed accurately resulting in better user experiences.



With this job you can plan your days around this highly flexible working schedule, work weekends or late evenings, all from the comfort of your own office. The flexibility of our roles minimizes the impact on your daily routine.



So, whether you are a student looking to earn as you learn, a retiree looking for a new challenge a part-time/full time professional or a work from home parent, Peroptyx has the right role for you!



Benefits

- Work up to 20 hours per week.
- Earn a competitive rate of pay.
- Develop your research skills.
- Avoid the long commute.
- Work from the comfort of your home office.
- Enjoy the flexibility of setting your own working hours!



Ideal Candidate

- Fluent in English and Dutch.
- Excellent research skills.
- Excellent local knowledge of your home country.
- Good understanding and general knowledge of the geography and culture of the Netherlands.
- Analytical mindset.



Job Requirements

- Must be living in Netherlands for a minimum of 5 consecutive years.
- Must pass an online open-book exam that can verify your full understanding of the material and concepts.
- Must be willing to work a minimum of 10 hours and up to 20 hours per week depending on task availability.
- Good working knowledge of search engines, map applications and familiarity with social media platforms.
- Strong ability to learn, understand and apply multiple sets of different instructions.
- All work must be of an independent nature.



Apply Online Today!



Research - Work From Home (WFH) - Remote Work - Data Analysis - Freelance - Telecommuting",Peroptyx,https://ie.linkedin.com/company/peroptyx?trk=public_jobs_topcard-org-name,https://nl.linkedin.com/jobs/view/data-analyst-0-experience-required-at-peroptyx-4336562124?trk=public_jobs_topcard-title,2025-11-20 10:37:15,,,3
4336771514,Data Analyst (0 Experience Required),"For thousands of years, maps have provided humans with the knowledge they need to make decisions. As a Maps Evaluator, you will have the opportunity to provide ground truth for your town, city or country.



At Peroptyx, we are looking for Data Analysts who will review mapping data for digital mapping applications. Your research capabilities will validate and ensure that the navigation of certain routes are accurate and safe.



As part of this role you will verify that business names and opening hours are correct. You will check that the distance from a starting point to an end destination is listed accurately resulting in better user experiences.



With this job you can plan your days around this highly flexible working schedule, work weekends or late evenings, all from the comfort of your own office. The flexibility of our roles minimizes the impact on your daily routine.



So, whether you are a student looking to earn as you learn, a retiree looking for a new challenge a part-time/full time professional or a work from home parent, Peroptyx has the right role for you!



Benefits

- Work up to 20 hours per week.
- Earn a competitive rate of pay.
- Develop your research skills.
- Avoid the long commute.
- Work from the comfort of your home office.
- Enjoy the flexibility of setting your own working hours!



Ideal Candidate

- Fluent in English and Dutch.
- Excellent research skills.
- Excellent local knowledge of your home country.
- Good understanding and general knowledge of the geography and culture of the Netherlands.
- Analytical mindset.



Job Requirements

- Must be living in Netherlands for a minimum of 5 consecutive years.
- Must pass an online open-book exam that can verify your full understanding of the material and concepts.
- Must be willing to work a minimum of 10 hours and up to 20 hours per week depending on task availability.
- Good working knowledge of search engines, map applications and familiarity with social media platforms.
- Strong ability to learn, understand and apply multiple sets of different instructions.
- All work must be of an independent nature.



Apply Online Today!



Research - Work From Home (WFH) - Remote Work - Data Analysis - Freelance - Telecommuting",Peroptyx,https://ie.linkedin.com/company/peroptyx?trk=public_jobs_topcard-org-name,https://nl.linkedin.com/jobs/view/data-analyst-0-experience-required-at-peroptyx-4336771514?trk=public_jobs_topcard-title,2025-11-20 10:37:19,,,3
4336592024,Data Analyst (0 Experience Required),"For thousands of years, maps have provided humans with the knowledge they need to make decisions. As a Maps Evaluator, you will have the opportunity to provide ground truth for your town, city or country.



At Peroptyx, we are looking for Data Analysts who will review mapping data for digital mapping applications. Your research capabilities will validate and ensure that the navigation of certain routes are accurate and safe.



As part of this role you will verify that business names and opening hours are correct. You will check that the distance from a starting point to an end destination is listed accurately, resulting in better user experiences.



With this job you can plan your days around this highly flexible working schedule, work weekends or late evenings, all from the comfort of your own office. The flexibility of our roles minimizes the impact on your daily routine.



So, whether you are a student looking to earn as you learn, a retiree looking for a new challenge, a part-time/full time professional or a work from home parent, Peroptyx has the right role for you!



Benefits

- Work up to 20 hours per week.
- Earn a competitive rate of pay.
- Develop your research skills.
- Avoid the long commute.
- Work from the comfort of your home office.
- Enjoy the flexibility of setting your own working hours!



Ideal Candidate

- Fluent in English and French.
- Excellent research skills.
- Excellent local knowledge of your home country.
- Good understanding and general knowledge of the geography and culture of France.
- Analytical mindset.



Job Requirements

- Must be living in France for a minimum of 5 consecutive years.
- Must pass an online open-book exam that can verify your full understanding of the material and concepts.
- Must be willing to work a minimum of 10 hours and up to 20 hours per week depending on task availability.
- Good working knowledge of search engines, map applications and familiarity with social media platforms.
- Strong ability to learn, understand and apply multiple sets of different instructions.
- All work must be of an independent nature.



Apply Online Today!",Peroptyx,https://ie.linkedin.com/company/peroptyx?trk=public_jobs_topcard-org-name,https://fr.linkedin.com/jobs/view/data-analyst-0-experience-required-at-peroptyx-4336592024?trk=public_jobs_topcard-title,2025-11-20 10:23:21,,,2
4336652002,Data Analyst (0 Experience Required),"For thousands of years, maps have provided humans with the knowledge they need to make decisions. As a Maps Evaluator, you will have the opportunity to provide ground truth for your town, city or country.



At Peroptyx, we are looking for Data Analysts who will review mapping data for digital mapping applications. Your research capabilities will validate and ensure that the navigation of certain routes are accurate and safe.



As part of this role you will verify that business names and opening hours are correct. You will check that the distance from a starting point to an end destination is listed accurately resulting in better user experiences.



With this job you can plan your days around this highly flexible working schedule, work weekends or late evenings, all from the comfort of your own office. The flexibility of our roles minimizes the impact on your daily routine.



So, whether you are a student looking to earn as you learn, a retiree looking for a new challenge a part-time/full time professional or a work from home parent, Peroptyx has the right role for you!



Benefits

- Work up to 20 hours per week.
- Earn a competitive rate of pay.
- Develop your research skills.
- Avoid the long commute.
- Work from the comfort of your home office.
- Enjoy the flexibility of setting your own working hours!



Ideal Candidate

- Fluent in English and Italian.
- Excellent research skills.
- Excellent local knowledge of your home country.
- Good understanding and general knowledge of the geography and culture of Italy.
- Analytical mindset.



Job Requirements

- Must be living in Italy for a minimum of 5 consecutive years.
- Must pass an online open-book exam that can verify your full understanding of the material and concepts.
- Must be willing to work a minimum of 10 hours and up to 20 hours per week depending on task availability.
- Good working knowledge of search engines, map applications and familiarity with social media platforms.
- Strong ability to learn, understand and apply multiple sets of different instructions.
- All work must be of an independent nature.





Apply Online Today!





Work From Home - WFH - Remote - Freelance - Telecommuting - Flexible",Peroptyx,https://ie.linkedin.com/company/peroptyx?trk=public_jobs_topcard-org-name,https://it.linkedin.com/jobs/view/data-analyst-0-experience-required-at-peroptyx-4336652002?trk=public_jobs_topcard-title,2025-11-20 10:26:53,,,2
4336562102,Data Analyst (0 Experience Required),"For thousands of years, maps have provided humans with the knowledge they need to make decisions. As a Maps Evaluator, you will have the opportunity to provide ground truth for your town, city or country.



At Peroptyx, we are looking for Data Analysts who will review mapping data for digital mapping applications. Your research capabilities will validate and ensure that the navigation of certain routes are accurate and safe.



As part of this role you will verify that business names and opening hours are correct. You will check that the distance from a starting point to an end destination is listed accurately resulting in better user experiences.



With this job you can plan your days around this highly flexible working schedule, work weekends or late evenings, all from the comfort of your own office. The flexibility of our roles minimizes the impact on your daily routine.



So, whether you are a student looking to earn as you learn, a retiree looking for a new challenge a part-time/full time professional or a work from home parent, Peroptyx has the right role for you!



Benefits

- Work up to 20 hours per week.
- Earn a competitive rate of pay.
- Develop your research skills.
- Avoid the long commute.
- Work from the comfort of your home office.
- Enjoy the flexibility of setting your own working hours!



Ideal Candidate

- Fluent in English and Italian.
- Excellent research skills.
- Excellent local knowledge of your home country.
- Good understanding and general knowledge of the geography and culture of Italy.
- Analytical mindset.



Job Requirements

- Must be living in Italy for a minimum of 5 consecutive years.
- Must pass an online open-book exam that can verify your full understanding of the material and concepts.
- Must be willing to work a minimum of 10 hours and up to 20 hours per week depending on task availability.
- Good working knowledge of search engines, map applications and familiarity with social media platforms.
- Strong ability to learn, understand and apply multiple sets of different instructions.
- All work must be of an independent nature.





Apply Online Today!





Work From Home - WFH - Remote - Freelance - Telecommuting - Flexible",Peroptyx,https://ie.linkedin.com/company/peroptyx?trk=public_jobs_topcard-org-name,https://it.linkedin.com/jobs/view/data-analyst-0-experience-required-at-peroptyx-4336562102?trk=public_jobs_topcard-title,2025-11-20 10:26:56,,,2
4336701729,Data Analyst (0 Experience Required),"For thousands of years, maps have provided humans with the knowledge they need to make decisions. As a Maps Evaluator, you will have the opportunity to provide ground truth for your town, city or country.



At Peroptyx, we are looking for Data Analysts who will review mapping data for digital mapping applications. Your research capabilities will validate and ensure that the navigation of certain routes are accurate and safe.



As part of this role you will verify that business names and opening hours are correct. You will check that the distance from a starting point to an end destination is listed accurately resulting in better user experiences.



With this job you can plan your days around this highly flexible working schedule, work weekends or late evenings, all from the comfort of your own office. The flexibility of our roles minimizes the impact on your daily routine.



So, whether you are a student looking to earn as you learn, a retiree looking for a new challenge a part-time/full time professional or a work from home parent, Peroptyx has the right role for you!



Benefits

- Work up to 20 hours per week.
- Earn a competitive rate of pay.
- Develop your research skills.
- Avoid the long commute.
- Work from the comfort of your home office.
- Enjoy the flexibility of setting your own working hours!



Ideal Candidate

- Fluent in English and Dutch.
- Excellent research skills.
- Excellent local knowledge of your home country.
- Good understanding and general knowledge of the geography and culture of the Netherlands.
- Analytical mindset.



Job Requirements

- Must be living in Netherlands for a minimum of 5 consecutive years.
- Must pass an online open-book exam that can verify your full understanding of the material and concepts.
- Must be willing to work a minimum of 10 hours and up to 20 hours per week depending on task availability.
- Good working knowledge of search engines, map applications and familiarity with social media platforms.
- Strong ability to learn, understand and apply multiple sets of different instructions.
- All work must be of an independent nature.



Apply Online Today!



Research - Work From Home (WFH) - Remote Work - Data Analysis - Freelance - Telecommuting",Peroptyx,https://ie.linkedin.com/company/peroptyx?trk=public_jobs_topcard-org-name,https://nl.linkedin.com/jobs/view/data-analyst-0-experience-required-at-peroptyx-4336701729?trk=public_jobs_topcard-title,2025-11-20 10:37:17,,,2
4337156340,Customer Success Manager II,"- Build and maintain strong, long-lasting customer relationships
- Assist customers to expand their usage and adoption of our products
- Onboarding and training of new clients
- Co-own contract renewal with sales
- Provide excellent customer experience, ensure successful delivery of our services, produce timely solutions according to customer needs and goals
- Communicate consistently with clients throughout the contract life-cycle, escalating important issues where needed
- Work closely with Sales Representatives and other teams across the company
- Bring in domain knowledge and be the trusted advisor to our Defence & Intelligence customers

- Experience successfully managing customer relationships or projects in defence
- Bachelors’ degree in a relevant field
- 6+ years of experience in Customer Success, account management or similar
- Excellent verbal and written communication skills in English, the language of the company
- Ability to successfully communicate and coordinate with international customers & sales teams
- Experience working with defence and intelligence customers across the EMEA region
- Excellent problem-solving skills, proactive work style, and ability to work independently
- Ability to multitask and prioritize job requirements
- Ability to travel internationally
- Experience operating within a classified environment

- Ability to obtain and maintain NATO security clearance
- Fluency in one or more European languages
- Experience in earth observation and related fields
- Experience working with government customers
- Working knowledge of geospatial technologies, GIS or Remote Sensing
- Experience as an intelligence professional, imagery analyst or related field
- Experience working with, or in, European defence organizations

- Paid time off including vacation, holidays and company-wide days off
- Employee Wellness Program
- Home Office Reimbursement
- Monthly Phone and Internet Reimbursement
- Tuition Reimbursement and access to LinkedIn Learning
- Equity
- Volunteering Paid Time Off",Planet,https://www.linkedin.com/company/planet-labs?trk=public_jobs_topcard-org-name,https://nl.linkedin.com/jobs/view/customer-success-manager-ii-at-planet-4337156340?trk=public_jobs_topcard-title,2025-11-20 14:39:43,,,1
4337046904,Customer Success Manager II,"- Build and maintain strong, long-lasting customer relationships
- Assist customers to expand their usage and adoption of our products
- Onboarding and training of new clients
- Co-own contract renewal with sales
- Provide excellent customer experience, ensure successful delivery of our services, produce timely solutions according to customer needs and goals
- Communicate consistently with clients throughout the contract life-cycle, escalating important issues where needed
- Work closely with Sales Representatives and other teams across the company
- Bring in domain knowledge and be the trusted advisor to our Defence & Intelligence customers

- Experience successfully managing customer relationships or projects in defence
- Bachelors’ degree in a relevant field
- 6+ years of experience in Customer Success, account management or similar
- Excellent verbal and written communication skills in English, the language of the company
- Ability to successfully communicate and coordinate with international customers & sales teams
- Experience working with defence and intelligence customers across the EMEA region
- Excellent problem-solving skills, proactive work style, and ability to work independently
- Ability to multitask and prioritize job requirements
- Ability to travel internationally
- Experience operating within a classified environment

- Ability to obtain and maintain NATO security clearance
- Fluency in one or more European languages
- Experience in earth observation and related fields
- Experience working with government customers
- Working knowledge of geospatial technologies, GIS or Remote Sensing
- Experience as an intelligence professional, imagery analyst or related field
- Experience working with, or in, European defence organizations

- Paid time off including vacation, holidays and company-wide days off
- Employee Wellness Program
- Home Office Reimbursement
- Monthly Phone and Internet Reimbursement
- Tuition Reimbursement and access to LinkedIn Learning
- Equity
- Volunteering Paid Time Off",Planet,https://www.linkedin.com/company/planet-labs?trk=public_jobs_topcard-org-name,https://nl.linkedin.com/jobs/view/customer-success-manager-ii-at-planet-4337046904?trk=public_jobs_topcard-title,2025-11-20 14:39:45,,,1
4337357940,Sales Executive,"- Consistent track record of achieving and/or exceeding sales targets
- Develop a lead acquisition plan for the territory
- Develop and manage an effective pipeline of prospects
- Managing a 9-12 month complex sales cycle
- Negotiate enterprise-level contractual agreements
- Relationship Management
- Close Business
- Support Client and Account Management to delivery
- Process & Reporting

- A minimum of seven years working in an enterprise sales environment
- Minimum of 7–10 years of experience in enterprise B2B sales, ideally within financial services, banking technology, fraud prevention, or data analytics.
- Experience solution selling into, or within the domain of enterprise technology
- Experience in cloud-hosted technology solutions
- Thrives in an accountable sales culture
- Working knowledge of BPM, CRM, Case Management Software, or enterprise-wide specific solutions within a vertical market
- Demonstrable ability to engage with and manage “C” level relationships
- Organized and effective communication and strong Listening skills
- Ability to understand complex business problems and provide simplified solutions
- Experience in advanced sales questioning and sales methodologies
- Self-motivated and Team player
- Ability to consult with a range of multi-cultural banks and non-bank financial institutions
- Excellent time management
- Fluency in English and native-level French is required, including the ability to communicate effectively with French-speaking African populations, particularly in Morocco and similar Francophone regions",Provenir,https://www.linkedin.com/company/provenir-global?trk=public_jobs_topcard-org-name,https://fr.linkedin.com/jobs/view/sales-executive-at-provenir-4337357940?trk=public_jobs_topcard-title,2025-11-20 17:23:37,,,1
4341932070,Full Stack Developer con experiencia en Scraping de Redes Sociales,"Trabajamos en proyectos complejos de automatización, IA, scraping, dashboards, desarrollo web y crecimiento digital.

Estamos ampliando nuestro equipo técnico y buscamos un/a Full Stack Developer con experiencia real en scraping y automatización de datos , especialmente en plataformas como Instagram, TikTok, LinkedIn, Google Maps, Facebook, X, etc.

Si disfrutás programando, resolviendo problemas técnicos complejos y construyendo sistemas que procesan datos a escala, esta posición es para vos.

- Desarrollo y mantenimiento de scrapers personalizados para redes sociales, perfiles públicos, posts, comentarios, interacciones, métricas y otros endpoints.
- Implementación de sistemas robustos contra bloqueos, rate limits, captchas y detección anti-bot.
- Creación de pipelines de datos , limpieza, normalización y almacenamiento (PostgreSQL, Supabase, MySQL o similar).
- Desarrollo full stack de paneles internos, dashboards, herramientas de gestión y automatizaciones.
- Integración con APIs oficiales y no oficiales, proxys, rotating IPs y headless browsers.
- Optimización de rendimiento y escalabilidad.
- Colaboración directa con equipos de producto, IA y automatización (n8n, Activepieces, custom microservicios).
- Participación en la arquitectura técnica de nuevos proyectos.

- Experiencia comprobable desarrollando scrapers reales: Playwright, Puppeteer, Selenium, Requests, BeautifulSoup, Cheerio, etc.
- Conocimiento profundo de JavaScript/TypeScript y Python (uno de los dos obligatorio, ambos ideal).
- Experiencia consumiendo e integrando APIs (REST, websockets, tokens, OAuth).
- Conocimiento sólido de bases de datos SQL y NoSQL.
- Experiencia con frameworks backend como Node.js, Express, FastAPI, NestJS, Django o Flask .
- Experiencia en front (React, Next.js o similar) para paneles internos.
- Experiencia gestionando proxys, resoluciones de captcha, fingerprints y técnicas anti-detección.
- Trabajo previo con contenedores ( Docker ) y despliegues en VPS/Cloud.

Plus valorados:

- Experiencia con n8n , Activepieces, Supabase, Pinecone o sistemas de IA.
- Experiencia scrapings masivos de Instagram / Google Maps / TikTok.
- Conocimientos de DevOps (Traefik, PM2, CI/CD).

- Independiente, resolutivo y orientado a resultados.
- Capaz de trabajar bajo objetivos claros, sin microgestión.
- Creativo para evitar bloqueos de scraping y diseñar soluciones escalables.
- Proactivo, con mentalidad de “lo saco sí o sí”.
- Detallista y responsable con los tiempos de entrega.

- Modalidad 100% remota .
- Proyectos retadores y técnicamente exigentes.
- Trabajo directo con fundadores y equipo core.
- Estabilidad y continuidad a largo plazo.
- Cultura dinámica, transparente y de alto rendimiento.
- Oportunidad de liderar desarrollos y tomar decisiones técnicas reales.",ProZeus | Agencia Digital,https://es.linkedin.com/company/prozeus?trk=public_jobs_topcard-org-name,https://es.linkedin.com/jobs/view/full-stack-developer-con-experiencia-en-scraping-de-redes-sociales-at-prozeus-agencia-digital-4341932070?trk=public_jobs_topcard-title,2025-11-20 11:33:52,,,7
4341931720,SAP Basis Consultant,"SAP Basis Consultant



We are seeking highly skilled SAP Basis technical experts to support a large-scale data migration initiative leveraging SNP CrystalBridge . The role focuses on migrating legacy SAP environments into a modern private cloud landscape. This is a hands-on technical position , not a project management role.



Duration: 6 months + extensions

Start date: ASAP

Location: Remote

Language: French is a must



Key Responsibilities:

- Execute data migration activities from legacy SAP systems to a private cloud environment using SNP CrystalBridge .
- Configure and maintain the SNP CrystalBridge SAP instance in alignment with ERP and cloud platform standards.
- Prepare, stabilize, and optimize source SAP systems ahead of migration waves.
- Support the central CrystalBridge platform, ensuring stability and readiness throughout the project lifecycle.
- Provide operational support during assigned on-call weekends
- Attend and contribute to technical workshops
- Work closely with cross-functional teams to resolve issues and ensure a smooth migration process.



Requirements:

- SAP Basis : Strong foundational expertise in SAP system administration and technical operations.
- SNP CrystalBridge : Mandatory hands-on experience with CrystalBridge tools, especially for data transformation and migration activities.
- SAP HANA : Good understanding of HANA database administration and operations.
- SUSE Linux : Working experience with SUSE Linux Enterprise Server, particularly in SAP landscapes.

",RED Global,https://uk.linkedin.com/company/red-commerce?trk=public_jobs_topcard-org-name,https://fr.linkedin.com/jobs/view/sap-basis-consultant-at-red-global-4341931720?trk=public_jobs_topcard-title,2025-11-20 10:24:09,Igor Varzin,https://uk.linkedin.com/in/igor-varzin-021332157,1
4341842370,SAP Finance Project Manager,"***SAP Finance Project Manager- 12 Months Contract - Remote***



One of our International customers is now has a new opportunity for a SAP Finance Project Manager The initial contract will be for 12 months with a possible extension.



Project Details :



- Role: SAP Finance Project Manager-
- Location : Remote in Sweden with occasional travel to physical meetings in Stockholm.
- Start : Jan 1st 2026
- Duration : 12 months Contract
- Capacity : Full-time
- Language: Swedish & English



Skills & Requirements:



- 7+ years of experience with Project Manager
- Knowledge/experience with agile methodologies.
- Strong understanding of financial processes and economic models.



Let's connect for more details. You can apply on the job post or send me your most updated CV to hrajendran@redglobal.com",RED Global,https://uk.linkedin.com/company/red-commerce?trk=public_jobs_topcard-org-name,https://se.linkedin.com/jobs/view/sap-finance-project-manager-at-red-global-4341842370?trk=public_jobs_topcard-title,2025-11-20 12:49:16,Haritha Rajendran,https://uk.linkedin.com/in/haritha-rajendran-627789238,1
4337164739,Business Consultant - OT Data / UNS Architecture,"Business Consultant - OT Data / UNS Architecture



Industry 4.0



12 month engagement



B22 Freelancing role



- Drive sales by scoping and positioning consulting offers (innovation workshops, strategy, data/AI programs, migrations).
- Lead factory and business assessments; map value cases; build roadmaps, PoCs/pilots.
- Advise on IT/OT architecture (edge, connectivity, data integration) across design → build → run, including governance.
- Run innovation workshops with business and technical stakeholders; discover use cases and value propositions.
- Build commercially viable business cases and decision logic (cost, productivity, quality, safety).
- Provide digital-manufacturing thought leadership and customer inspiration.
- Act as front-of-house consultant with client executives and plant leadership; coordinate multi-disciplinary delivery teams.
- Produce customer deliverables: requirements analyses, presentations, reports; run on-site and virtual engagements.
- Grow the ecosystem with internal teams and external partners (startups, labs, research centers).



Qualifications / Experience Required:



- 5+ years in Industry 4.0 / smart-manufacturing roles (consulting or in-house) with measurable optimisation outcomes.
- Deep knowledge of IIoT architectures and players and hands-on experience implementing UNS in production environments.
- Proven experience crafting and executing Data/Digital strategy for manufacturing/logistics organisations.
- Strong background in technical architecture and data operations or data-service management across OT/IT (e.g., SCADA/MES/ERP integration, data pipelines, historians/cloud landing zones).
- Track record designing, improving and scaling digital-transformation solutions.
- Strong grasp of technology and data trends relevant to smart industry.
- Facilitation experience running innovation workshops with business and technical stakeholders.
- Ability to combine business and engineering viewpoints; trusted-advisor presence with C-level and plant leadership.
- Excellent communication and presentation skills; fluent English and German (written and spoken).
- Ways of working: self-driven, transparent, pragmatic, bold and energetic.

",Saunders Scott,https://uk.linkedin.com/company/saunders-scott?trk=public_jobs_topcard-org-name,https://de.linkedin.com/jobs/view/business-consultant-ot-data-uns-architecture-at-saunders-scott-4337164739?trk=public_jobs_topcard-title,2025-11-20 12:16:51,Oliver Minehane,https://uk.linkedin.com/in/oliver-minehane-82089b39,9
4337044523,Senior Data Engineer,"Principal Data Engineer – Outside IR35 – Fully Remote (UK ONLY) – Databricks Expertise

A leading consultancy is partnering with a major transport operator on a high-impact rail infrastructure programme. We’re seeking a Principal Data Engineer with deep expertise in Databricks, particularly around streaming data sources and real-time telemetry.



Project Overview

This role is part of a strategic initiative to modernise data infrastructure across the rail network. You’ll architect and optimise streaming data solutions that deliver operational insights and enable real-time decision-making.



Key Skills Required

- Extensive experience with Databricks, especially in streaming data pipelines
- Strong understanding of real-time telemetry data
- Solid background in Azure cloud services
- Proven ability to work with large-scale, fast-moving datasets in production environments
- Consultancy background with experience delivering complex data solutions for enterprise clients



Principal-Level Responsibilities

As a Principal Data Engineer, you will:

- Define and lead data architecture for real-time streaming solutions
- Shape and implement data strategy aligned with business objectives
- Influence and engage senior stakeholders, providing thought leadership on data-driven decision-making
- Mentor and guide engineering teams, ensuring best practices and technical excellence
- Drive innovation in data engineering frameworks and processes



Why Apply?

- Work on a high-visibility transport project with real-world impact
- Lead cutting-edge data engineering practices at scale
- Collaborate with a forward-thinking consultancy and a major transport group
- Opportunity to shape the future of rail data systems



Apply now online for more details.

",ScaleOps Search Ltd,https://nl.linkedin.com/company/scaleops-search-ltd?trk=public_jobs_topcard-org-name,https://uk.linkedin.com/jobs/view/senior-data-engineer-at-scaleops-search-ltd-4337044523?trk=public_jobs_topcard-title,2025-11-20 08:41:50,Amie Capron,https://uk.linkedin.com/in/amiecapron,8
4337238043,Database Administrator,"Database Administrator (PostgreSQL DBA GIS) – £500/day via Umbrella – 3-month contract – Remote - SCC Flex Contract



We are seeking a PostgreSQL DBA (GIS) to provide specialist support and assurance for critical business processes reliant on PostgreSQL within an Azure PaaS environment. This is a remote role focused on performance tuning, upgrades, and advanced GIS capabilities.



Your responsibilities as the PostgreSQL DBA:

- Deliver expert consultation for incident resolution and performance optimisation.
- Support PostgreSQL version upgrades and resolve related issues.
- Provide advanced guidance on PostGIS functionality and enhancements.
- Analyse and recommend improvements for database performance and reliability.
- Collaborate with internal DBA teams to bridge knowledge gaps and ensure best practices.
- Maintain compliance with SLA commitments and support critical business processes.



As a successful PostgreSQL DBA, you will have:

- Certification in PostgreSQL DBA and support.
- Proven experience in performance profiling and tuning PostgreSQL.
- Advanced expertise with PostGIS.
- Availability for out of working hours support.
- Strong track record in managing PostgreSQL upgrades.
- Familiarity with Azure PostgreSQL Flexible Server.
- Contribution to the open-source PostgreSQL project (desirable).



If you’re ready to provide specialist PostgreSQL expertise and ensure robust database performance, apply now with your CV. Professional references required.



NOTE: At SCC, we take the privacy and security of your information very seriously, any information we hold will be by current data protection legislation. Upon submitting your application SCC will process your information in line with our privacy policy which can be found on our website under the Legal section -> Privacy Notice -> Flexible Resourcing",SCC,https://uk.linkedin.com/company/scc?trk=public_jobs_topcard-org-name,https://uk.linkedin.com/jobs/view/database-administrator-at-scc-4337238043?trk=public_jobs_topcard-title,2025-11-20 16:41:59,Alexandra Luchian,https://ro.linkedin.com/in/alexandra-luchian-034971206,4
4341934126,"SAP Sales Director (m/w/d) - SAP HXM, SuccessFactors & Cloud Transformation","- Own the SAP sales strategy in Germany, focusing on new customer acquisition, cloud migration, and strategic development of existing accounts.
- Translate the European go-to-market strategy into actionable local growth initiatives.
- Manage the entire sales cycle—from lead qualification through quotation, negotiation, and successful closure.

- Build, lead, and develop a high-performing, customer-centric sales team.
- Coach and mentor team members to drive performance, motivation, and skills development.
- Foster an open, results-oriented team culture based on trust and entrepreneurial thinking.

- Support key strategic customers and partners at C-level.
- Oversee commercial and contractual matters in close collaboration with Legal, Delivery, and Finance.
- Identify and pursue new business opportunities in the German SAP market, particularly in SAP HXM, SuccessFactors, and Managed Payroll Services.
- Monitor market, customer, and technology trends to continuously refine our sales strategy.

- Collaborate closely with SAP SE and other strategic partners.
- Align with internal stakeholders such as Marketing, Presales, Portfolio, Product Management, and Delivery.
- Leverage digital tools and social selling to enhance sales efficiency and brand presence.

- Position SD Worx as a leading provider of SAP-based HR, payroll, and cloud solutions.
- Represent the company at industry events, trade fairs, and networking opportunities.
- Contribute to the evolution of the SD Worx SAP portfolio through market insights and customer feedback.

- Several years of proven success in SAP sales, ideally in SAP HXM, SuccessFactors, ECP, S/4HANA, Workforce Management, or Managed Payroll Services.
- Strong experience in building and maintaining executive-level customer relationships.
- Demonstrated success in managing complex sales cycles and achieving ambitious revenue and margin targets.
- Excellent analytical, commercial, and business acumen.
- Experience in leading and developing sales teams.
- Confident stakeholder management across multiple functions.
- Fluent in German and English (spoken and written).
- Familiarity with CRM systems, ideally Salesforce.
- Willingness to travel occasionally (approx. 20%) within Germany.

- A dynamic environment: flexible working hours and working from home
- 30 days of vacation per year plus Christmas Eve and New Year's Eve as additional days off
- Stable employment conditions: permanent employment contract (after a 6-month probation period)
- Free language courses (during your working hours)
- Recreation allowance of €156 net per year
- Non-cash benefit of €50 net per month (redeemable at various providers such as Lieferando, REWE, Aral, etc.)
- Meal allowance of up to €40 net per month
- Company health insurance with an additional annual health package worth €600
- Company pension plan
- Capital-forming benefits
- Bicycle leasing through Job Rad
- Corporate benefits with discounts and benefits from over 800 top brand suppliers
- Workation: possibility to work from any SD Worx location (4 weeks per year, EU only)
- Referral program
- Learning opportunities: through an individual development plan and professional training
- Career growth: whether you want to become more of an expert in your field or want to expand your knowledge more horizontally, there is always room to grow within SD Worx!",SD Worx,https://be.linkedin.com/company/sdworx?trk=public_jobs_topcard-org-name,https://de.linkedin.com/jobs/view/sap-sales-director-m-w-d-sap-hxm-successfactors-cloud-transformation-at-sd-worx-4341934126?trk=public_jobs_topcard-title,2025-11-20 19:16:16,,,1
4347043931,"SAP Pre-Sales Consultant (m/w/d) – SAP HXM, SuccessFactors & S/4HANA Solutions","- Consult and present our SAP-based HR and payroll solutions to new and existing customers (on-site and virtually).
- Conduct needs analyses, deliver solution demos, and create compelling business cases.
- Support tenders (RFI/RFP), including the design and documentation of proposed solutions.
- Develop engaging demo storylines focused on value, innovation, and customer experience.
- Build and maintain presentation and demo systems in close collaboration with product and delivery teams.
- Collaborate with the sales team to develop tailored solution concepts and proposals.
- Participate in webinars, trade shows, and industry events to position SD Worx as a leading SAP partner.
- Monitor market and competitor trends and continuously refine the pre-sales strategy.
- Maintain a qualified pipeline in coordination with sales and marketing.
- Work closely with SAP, internal departments, and international SD Worx teams.

- Several years of experience in pre-sales, solution consulting, or selling complex services in the SAP environment (HCM, HXM, SuccessFactors, ECP, S/4HANA).
- Strong understanding of HR, payroll, and integration processes and their implementation in SAP systems.
- Excellent presentation and communication skills, including at C-level.
- High customer orientation, negotiation skills, and enthusiasm for innovative HR technologies.
- Analytical, structured, and solution-oriented mindset.
- Entrepreneurial spirit, initiative, and strong team player.
- Fluent in German and good written and spoken English skills.
- Willingness to travel occasionally (approx. 20%) within Germany.
- Ideally, experience in an international environment and working with partner organizations.

- A dynamic environment: flexible working hours and working from home
- 30 days of vacation per year plus Christmas Eve and New Year's Eve as additional days off
- Stable employment conditions: permanent employment contract (after a 6-month probation period)
- Free language courses (during your working hours)
- Recreation allowance of €156 net per year
- Non-cash benefit of €50 net per month (redeemable at various providers such as Lieferando, REWE, Aral, etc.)
- Meal allowance of up to €40 net per month
- Company health insurance with an additional annual health package worth €600
- Company pension plan
- Capital-forming benefits
- Bicycle leasing through Job Rad
- Corporate benefits with discounts and benefits from over 800 top brand suppliers
- Workation: possibility to work from any SD Worx location (4 weeks per year, EU only)
- Referral program
- Learning opportunities: through an individual development plan and professional training
- Career growth: whether you want to become more of an expert in your field or want to expand your knowledge more horizontally, there is always room to grow within SD Worx!",SD Worx,https://be.linkedin.com/company/sdworx?trk=public_jobs_topcard-org-name,https://de.linkedin.com/jobs/view/sap-pre-sales-consultant-m-w-d-%E2%80%93-sap-hxm-successfactors-s-4hana-solutions-at-sd-worx-4347043931?trk=public_jobs_topcard-title,2025-11-20 19:16:57,,,1
4323466714,Data Engineer,"Senovo IT is actively looking for Data Engineers with DBT and Databricks experience to join one of our client on freelance contract.



Contract role: 6-12 months + extension

Languages: only English



Main requirements:

- 3-5 years with data engineering
- PySpark
- Databricks
- SQL
- Python libraries
- Azure Cloud
- Kafka
- Docker/Kubernetes
- Elasticsearch



If you are interested to discuss more details, please forward your CV as well as contact details to ina@senovo-it.com",Senovo IT Ltd,https://uk.linkedin.com/company/senovo-it-ltd?trk=public_jobs_topcard-org-name,https://es.linkedin.com/jobs/view/data-engineer-at-senovo-it-ltd-4323466714?trk=public_jobs_topcard-title,2025-11-20 15:30:27,Ina Zelisco,https://uk.linkedin.com/in/ina-zelisco-08a4a9130,8
4341913477,"Shortform Video Editor (Freelance, Remote)","Shortformflow ist eine schnell wachsende High-Performance Shortform-Agency, die für einige der sichtbarsten Personal Brands, Creator und D2C-Brands im DACH-Raum produziert.

Wir liefern täglich Shorts und Ads, die Reichweite aufbauen und verkaufen .

Wir suchen elite Freelance-Cutter , die Tempo, Qualität und echtes Ownership leben. Wenn du Reels/Shorts nicht nur schneidest, sondern Bock auf ein starkes Remote-Team und die Vision hast, gemeinsam etwas Großes aufzubauen , dann bist du hier richtig.

- Schnitt & Postproduktion von Shorts, Reels, TikToks und Ads (9:16, 15–90s)
- Teilweise exaktes Arbeiten nach Brandlooks und Styleguide
- Selbständiges Arbeiten in unserem Workflow (Slack, ClickUP, Frame IO)
- Saubere Ablage und korrekte Dateibennenung
- Mindestens 15 Shorts pro Woche
- Revision innerhalb von 24h
- Verlässliche Erreichbarkeit MO-FR (Antwortzeit max. 2–3h)
- Technisch sauberes Arbeiten (0.5x Playback-Check vor Abgabe)

- Du hast mindestens 100 Kurzvideos geschnitten
- Erfahrung im Schnitt von UGC-Creatives und Talking Head Content + Clipping
- Fortgeschritten in der Adobe Welt (Premiere Pro)
- Zuverlässige, schnelle Kommunikation in Slack/WhatsApp
- Fähigkeit, eigenständig zu arbeiten und Probleme selbst zu lösen
- Leistungsfähiger Rechner (ideally MAC) + stabile Internetverbindung
- Hohe Lernbereitschaft und Lust, sich weiterzuentwickeln

- Remote & flexibel: Arbeite von überall – Hauptsache schnell, sauber, zuverlässig
- Klares System: Strukturierte Workflows, saubere Briefings & direkte Kommunikation
- Schnelle Entscheidungen: Kein Bürokratie-Bullshit, keine endlosen Abstimmungen
- Faires, skalierbares Projektvolumen: So viel Output, wie du liefern kannst
- Wachstumschancen: Möglichkeit zur Lead-Rolle, Onboarding neuer Cutter & höherem Verantwortungsbereich
- Geiles Team: Arbeiten direkt mit Flo & Justin – high energy, klare Standards, starke Kultur
- Lernen auf Elite-Level: Regelmäßiges Feedback, Best-Practices und Weiterentwicklung im Editing, Workflow & Kreativität
- Langfristige Zusammenarbeit: Wir suchen keine Kurzzeit-Cutter, sondern echte Partner im Team

Wenn du Bock hast, in einem schnellen, ambitionierten Team zu arbeiten und täglich starke Shorts abzuliefern, dann wirst du dich bei uns wohlfühlen.

Kein Lebenslauf, kein Blabla, wir wollen einfach sehen, was du kannst .

Bewirb dich jetzt! Wir freuen uns auf deinen ersten Schnitt.",Shortformflow,https://de.linkedin.com/company/shortformflow?trk=public_jobs_topcard-org-name,https://de.linkedin.com/jobs/view/shortform-video-editor-freelance-remote-at-shortformflow-4341913477?trk=public_jobs_topcard-title,2025-11-20 16:16:49,,,1
4341867137,"Full Stack Software Engineer (Remote, Contractual) EU [WN-11]","About Smart Working



At Smart Working, we believe your job should not only look right on paper but also feel right every day. This isn’t just another remote opportunity - it’s about finding where you truly belong, no matter where you are. From day one, you’re welcomed into a genuine community that values your growth and well-being.



Our mission is simple: to break down geographic barriers and connect skilled professionals with outstanding global teams and products for full-time, long-term roles. We help you discover meaningful work with teams that invest in your success, where you’re empowered to grow personally and professionally.

Join one of the highest-rated workplaces on Glassdoor and experience what it means to thrive in a truly remote-first world.



About the role



As a Full Stack Software Engineer , you’ll play a vital role in building digital solutions that power our partners’ products. You’ll work across front-end and back-end to ensure usability, scalability, and performance, tackling technical challenges with modern tools and frameworks.



This opportunity begins as a 6-month, high-impact project where you’ll deliver real value from day one. For strong performers, it’s also a pathway to a long-term contract of up to 2 years — giving you the best of both worlds: the excitement of an immediate challenge and the stability of extended career growth.



You’ll thrive here if you’re passionate about high-quality applications, eager to work with cutting-edge technologies, and proactive about driving innovation in an agile, international environment.





- Design and implement scalable, performant UIs and app architectures, balancing user experience with resource constraints
- Develop across the stack with React.js, Node.js, TypeScript, and modern frameworks (Next.js, Vite)
- Work with SQL databases including PostgreSQL, MySQL, MSSQL, and indexing/search tools like Elastic, OpenSearch, or Solr
- Build and consume APIs (REST or GraphQL), handling caching and offline support with React Query or Apollo
- Manage application state using patterns/tools such as Redux, Context API, or Zustand
- Ensure quality with unit, integration, and E2E testing frameworks (Jest, Cypress, Puppeteer, Mocha)
- Apply microservices architecture principles and containerization with Docker
- Build responsive UIs that adapt to varied devices and screen sizes
- Collaborate in an agile team, communicating effectively with peers and stakeholders to deliver business value



- 5+ years of professional experience with TypeScript/JavaScript
- 3+ years of experience with React.js, using latest features
- 3+ years of experience with Node.js, using latest features
- Strong experience with state management (Redux, Context API, Zustand)
- Proficiency with SQL databases (PostgreSQL, MySQL, MSSQL)
- Experience with indexing/search tools (Elastic, OpenSearch, Solr)
- Strong knowledge of RESTful APIs and/or GraphQL, including caching/offline via React Query or Apollo
- Hands-on experience with Docker and microservices architecture
- Proficiency with unit, integration, and E2E testing frameworks (Jest, Cypress, Puppeteer, Mocha)
- Proven ability to deliver responsive UI development
- Experience with at least one modern framework (Next.js or Vite)



- Experience with Azure services (Service Bus, Blob Storage, Table Storage, Secrets, Managed Identity)
- Exposure to Kubernetes & Helm
- Familiarity with MongoDB
- Systemic framework knowledge
- A strong client-oriented mindset and the ability to translate business models into technical solutions
- Proactive, continuous improvement approach and a passion for quality



At Smart Working, you’ll never be just another remote hire.



Be a Smart Worker — valued, empowered, and part of a culture that celebrates integrity, excellence, and ambition.



If that sounds like your kind of place, we’d love to hear your story.

We may use artificial intelligence (AI) tools to support parts of the hiring process, such as reviewing applications, analyzing resumes, or assessing responses. These tools assist our recruitment team but do not replace human judgment. Final hiring decisions are ultimately made by humans. If you would like more information about how your data is processed, please contact us.",Smart Working,https://uk.linkedin.com/company/smartworkingsolutions?trk=public_jobs_topcard-org-name,https://pt.linkedin.com/jobs/view/full-stack-software-engineer-remote-contractual-eu-wn-11-at-smart-working-4341867137?trk=public_jobs_topcard-title,2025-11-21 04:34:06,,,6
4335311115,Apporteur d'affaire freelance,"Strasforma est un centre de formation professionnelle spécialisé dans le digital , tout en proposant un large catalogue de formations dans de nombreux domaines : bureautique, management, sécurité, RH, commerce, langues, soft skills, etc.

Notre mission : accompagner les entreprises dans la montée en compétences de leurs équipes , grâce à des formations sur mesure et adaptées aux besoins opérationnels des collaborateurs.



Dans le cadre de notre développement, nous recherchons un apporteur d’affaires indépendant pour développer notre portefeuille clients entreprises (PME, ETI, grands comptes, institutions…).

Vos principales missions :

- Identifier et prospecter de nouvelles entreprises clientes ;
- Présenter et promouvoir nos offres de formation professionnelle ;
- Qualifier les besoins et mettre en relation les prospects avec notre équipe commerciale ;
- Accompagner la relation jusqu’à la signature du contrat.



- Vous disposez d’un réseau actif dans le monde de l’entreprise (dirigeants, DRH, responsables formation, managers, etc.) ;
- Vous avez un excellent sens du relationnel et aimez créer des opportunités ;
- Vous êtes autonome, persuasif(ve) et orienté(e) résultats ;
- Une expérience en vente B2B , formation ou conseil est un réel atout.

💰 Rémunération 100 % à la commission — attractive, sans plafond et évolutive selon vos résultats.

Plus vous apportez de contrats, plus vos revenus augmentent.



- Un catalogue complet de formations répondant aux besoins actuels des entreprises ;
- Une équipe réactive et disponible pour soutenir vos démarches ;
- Une collaboration flexible et durable, avec une totale liberté d’organisation.",Strasforma,https://fr.linkedin.com/company/strasforma?trk=public_jobs_topcard-org-name,https://fr.linkedin.com/jobs/view/apporteur-d-affaire-freelance-at-strasforma-4335311115?trk=public_jobs_topcard-title,2025-11-20 13:23:27,Ismaïl Harrouchi,https://fr.linkedin.com/in/isma%C3%AFl-harrouchi-70b443119,1
4341993946,Dual Fuel Engineer,"- To exchange gas and electricity meters in customers’ homes.
- Provide a first class after-care service which includes a full demonstration to the customer on using their new meter.
- Repairing and maintaining meters after initial install.

- Competitive salary
- Contributory Pension scheme
- Life assurance
- 29 days annual leave inclusive of bank holidays
- Enhanced maternity, paternity, adoption leave, and other family friendly policies such as carer’s leave, neonatal leave, IVF, and assisted conception leave
- Sureserve Benefits Hub, accessing over 1000’s retail discounts
- Virtual GP service, 24/7, 365 days, available for employees and your immediate family
- Employee assistance programme (EAP), available 24/7. 365 days, for employees and your immediate family
- Bike2Work scheme

- MET1
- CMA1/CCN1
- Single phase electric
- MOCOPA (1a and 1c)
- REGT1 and polyphase electric (desirable not essential)
- Full UK Driving licence
- Minimum of 6 months experience in fitting dual fuel smart meters
- 3 phase or single-off multi is advantageous

- Terms and conditions apply",Sureserve,https://uk.linkedin.com/company/sureserve?trk=public_jobs_topcard-org-name,https://uk.linkedin.com/jobs/view/dual-fuel-engineer-at-sureserve-4341993946?trk=public_jobs_topcard-title,2025-11-20 18:44:09,,,1
4341904226,Dual Fuel Engineer,"- To exchange gas and electricity meters in customers’ homes.
- Provide a first class after-care service which includes a full demonstration to the customer on using their new meter.
- Repairing and maintaining meters after initial install.

- Competitive salary
- Contributory Pension scheme
- Life assurance
- 29 days annual leave inclusive of bank holidays
- Enhanced maternity, paternity, adoption leave, and other family friendly policies such as carer’s leave, neonatal leave, IVF, and assisted conception leave
- Sureserve Benefits Hub, accessing over 1000’s retail discounts
- Virtual GP service, 24/7, 365 days, available for employees and your immediate family
- Employee assistance programme (EAP), available 24/7. 365 days, for employees and your immediate family
- Bike2Work scheme

- MET1
- CMA1/CCN1
- Single phase electric
- MOCOPA (1a and 1c)
- REGT1 and polyphase electric (desirable not essential)
- Full UK Driving licence
- Minimum of 6 months experience in fitting dual fuel smart meters
- 3 phase or single-off multi is advantageous

- Terms and conditions apply",Sureserve,https://uk.linkedin.com/company/sureserve?trk=public_jobs_topcard-org-name,https://uk.linkedin.com/jobs/view/dual-fuel-engineer-at-sureserve-4341904226?trk=public_jobs_topcard-title,2025-11-20 18:45:36,,,1
4341914187,Dual Fuel Engineer,"- To exchange gas and electricity meters in customers’ homes.
- Provide a first class after-care service which includes a full demonstration to the customer on using their new meter.
- Repairing and maintaining meters after initial install.

- Competitive salary
- Contributory Pension scheme
- Life assurance
- 29 days annual leave inclusive of bank holidays
- Enhanced maternity, paternity, adoption leave, and other family friendly policies such as carer’s leave, neonatal leave, IVF, and assisted conception leave
- Sureserve Benefits Hub, accessing over 1000’s retail discounts
- Virtual GP service, 24/7, 365 days, available for employees and your immediate family
- Employee assistance programme (EAP), available 24/7. 365 days, for employees and your immediate family
- Bike2Work scheme

- MET1
- CMA1/CCN1
- Single phase electric
- MOCOPA (1a and 1c)
- REGT1 and polyphase electric (desirable not essential)
- Full UK Driving licence
- Minimum of 6 months experience in fitting dual fuel smart meters
- 3 phase or single-off multi is advantageous

- Terms and conditions apply",Sureserve,https://uk.linkedin.com/company/sureserve?trk=public_jobs_topcard-org-name,https://uk.linkedin.com/jobs/view/dual-fuel-engineer-at-sureserve-4341914187?trk=public_jobs_topcard-title,2025-11-20 18:45:39,,,1
4341964084,Dual Fuel Engineer,"- To exchange gas and electricity meters in customers’ homes.
- Provide a first class after-care service which includes a full demonstration to the customer on using their new meter.
- Repairing and maintaining meters after initial install.

- Competitive salary
- Contributory Pension scheme
- Life assurance
- 29 days annual leave inclusive of bank holidays
- Enhanced maternity, paternity, adoption leave, and other family friendly policies such as carer’s leave, neonatal leave, IVF, and assisted conception leave
- Sureserve Benefits Hub, accessing over 1000’s retail discounts
- Virtual GP service, 24/7, 365 days, available for employees and your immediate family
- Employee assistance programme (EAP), available 24/7. 365 days, for employees and your immediate family
- Bike2Work scheme

- MET1
- CMA1/CCN1
- Single phase electric
- MOCOPA (1a and 1c)
- REGT1 and polyphase electric (desirable not essential)
- Full UK Driving licence
- Minimum of 6 months experience in fitting dual fuel smart meters
- 3 phase or single-off multi is advantageous

- Terms and conditions apply",Sureserve,https://uk.linkedin.com/company/sureserve?trk=public_jobs_topcard-org-name,https://uk.linkedin.com/jobs/view/dual-fuel-engineer-at-sureserve-4341964084?trk=public_jobs_topcard-title,2025-11-20 18:45:43,,,1
4341993950,Dual Fuel Engineer,"- To exchange gas and electricity meters in customers’ homes.
- Provide a first class after-care service which includes a full demonstration to the customer on using their new meter.
- Repairing and maintaining meters after initial install.

- Competitive salary
- Contributory Pension scheme
- Life assurance
- 29 days annual leave inclusive of bank holidays
- Enhanced maternity, paternity, adoption leave, and other family friendly policies such as carer’s leave, neonatal leave, IVF, and assisted conception leave
- Sureserve Benefits Hub, accessing over 1000’s retail discounts
- Virtual GP service, 24/7, 365 days, available for employees and your immediate family
- Employee assistance programme (EAP), available 24/7. 365 days, for employees and your immediate family
- Bike2Work scheme

- MET1
- CMA1/CCN1
- Single phase electric
- MOCOPA (1a and 1c)
- REGT1 and polyphase electric (desirable not essential)
- Full UK Driving licence
- Minimum of 6 months experience in fitting dual fuel smart meters
- 3 phase or single-off multi is advantageous

- Terms and conditions apply",Sureserve,https://uk.linkedin.com/company/sureserve?trk=public_jobs_topcard-org-name,https://uk.linkedin.com/jobs/view/dual-fuel-engineer-at-sureserve-4341993950?trk=public_jobs_topcard-title,2025-11-20 18:45:45,,,1
4337183898,AI Evaluation Expert (Remote),"- Role: AI Evaluation Expert
- Location: Ireland
- Compensation: Earn up to $10,000 Per Month



About the Role

Join a worldwide community of skilled professionals outsmarting AI with human creativity and analytical brilliance. As a Data Contributor, you will directly influence the quality and safety of cutting-edge language models, including collaborations with industry-standard partners.



Responsibilities

- Evaluate and rank outputs from large language models by reviewing reasoning, problem-solving, and response quality.
- Develop professional-level prompts and critique AI-generated content with user-centric thinking.
- Contribute to a variety of AI projects determined by your skill sets and expertise.



Requirements

- Bachelor’s degree or higher (or currently enrolled).
- Demonstrated analytical, problem-solving, and critical thinking skills.
- Clear and engaging writing style with attention to detail and technical precision.



Community & Growth

- Join an international team of coding and data experts.
- Influence enterprise adoption of advanced models like Llama in partnership with Scale AI and Meta.



Apply Now!",Taskify AI,https://www.linkedin.com/company/taskifyai?trk=public_jobs_topcard-org-name,https://ie.linkedin.com/jobs/view/ai-evaluation-expert-remote-at-taskify-ai-4337183898?trk=public_jobs_topcard-title,2025-11-20 08:46:05,,,5
4337074564,AI Content Evaluator (Remote),"- Role: AI Content Evaluator
- Location: Remote (Flexible)
- Compensation: Earn up to $10,000 Per Month



About the Role

Join a worldwide community of skilled professionals outsmarting AI with human creativity and analytical brilliance. As a Data Contributor, you will directly influence the quality and safety of cutting-edge language models, including collaborations with industry-standard partners.



Responsibilities

- Evaluate and rank outputs from large language models by reviewing reasoning, problem-solving, and response quality.
- Develop professional-level prompts and critique AI-generated content with user-centric thinking.
- Contribute to a variety of AI projects determined by your skill sets and expertise.



Requirements

- Bachelor’s degree or higher (or currently enrolled).
- Demonstrated analytical, problem-solving, and critical thinking skills.
- Clear and engaging writing style with attention to detail and technical precision.



Community & Growth

- Join an international team of coding and data experts.
- Influence enterprise adoption of advanced models like Llama in partnership with Scale AI and Meta.



Apply Now!",Taskify AI,https://www.linkedin.com/company/taskifyai?trk=public_jobs_topcard-org-name,https://uk.linkedin.com/jobs/view/ai-content-evaluator-remote-at-taskify-ai-4337074564?trk=public_jobs_topcard-title,2025-11-20 10:44:03,,,4
4337184265,AI Language Model Reviewer (Remote),"- Role: AI Language Model Reviewer
- Location: Remote (Flexible)
- Compensation: Earn up to $10,000 Per Month



About the Role

Join a worldwide community of skilled professionals outsmarting AI with human creativity and analytical brilliance. As a Data Contributor, you will directly influence the quality and safety of cutting-edge language models, including collaborations with industry-standard partners.



Responsibilities

- Evaluate and rank outputs from large language models by reviewing reasoning, problem-solving, and response quality.
- Develop professional-level prompts and critique AI-generated content with user-centric thinking.
- Contribute to a variety of AI projects determined by your skill sets and expertise.



Requirements

- Bachelor’s degree or higher (or currently enrolled).
- Demonstrated analytical, problem-solving, and critical thinking skills.
- Clear and engaging writing style with attention to detail and technical precision.



Community & Growth

- Join an international team of coding and data experts.
- Influence enterprise adoption of advanced models like Llama in partnership with Scale AI and Meta.



Apply Now!",Taskify AI,https://www.linkedin.com/company/taskifyai?trk=public_jobs_topcard-org-name,https://uk.linkedin.com/jobs/view/ai-language-model-reviewer-remote-at-taskify-ai-4337184265?trk=public_jobs_topcard-title,2025-11-20 10:44:05,,,4
4337214189,Data Labeling Associate (Remote),"- Role: Data Labeling Associate
- Location: Remote (Flexible)
- Compensation: Earn up to $10,000 Per Month



About the Role

Join a worldwide community of skilled professionals outsmarting AI with human creativity and analytical brilliance. As a Data Contributor, you will directly influence the quality and safety of cutting-edge language models, including collaborations with industry-standard partners.



Responsibilities

- Evaluate and rank outputs from large language models by reviewing reasoning, problem-solving, and response quality.
- Develop professional-level prompts and critique AI-generated content with user-centric thinking.
- Contribute to a variety of AI projects determined by your skill sets and expertise.



Requirements

- Bachelor’s degree or higher (or currently enrolled).
- Demonstrated analytical, problem-solving, and critical thinking skills.
- Clear and engaging writing style with attention to detail and technical precision.



Community & Growth

- Join an international team of coding and data experts.
- Influence enterprise adoption of advanced models like Llama in partnership with Scale AI and Meta.



Apply Now!",Taskify AI,https://www.linkedin.com/company/taskifyai?trk=public_jobs_topcard-org-name,https://uk.linkedin.com/jobs/view/data-labeling-associate-remote-at-taskify-ai-4337214189?trk=public_jobs_topcard-title,2025-11-20 10:44:32,,,4
4337154049,AI Content Evaluator (Remote),"- Role: AI Content Evaluator
- Location: Ireland
- Compensation: Earn up to $10,000 Per Month



About the Role

Join a worldwide community of skilled professionals outsmarting AI with human creativity and analytical brilliance. As a Data Contributor, you will directly influence the quality and safety of cutting-edge language models, including collaborations with industry-standard partners.



Responsibilities

- Evaluate and rank outputs from large language models by reviewing reasoning, problem-solving, and response quality.
- Develop professional-level prompts and critique AI-generated content with user-centric thinking.
- Contribute to a variety of AI projects determined by your skill sets and expertise.



Requirements

- Bachelor’s degree or higher (or currently enrolled).
- Demonstrated analytical, problem-solving, and critical thinking skills.
- Clear and engaging writing style with attention to detail and technical precision.



Community & Growth

- Join an international team of coding and data experts.
- Influence enterprise adoption of advanced models like Llama in partnership with Scale AI and Meta.



Apply Now!",Taskify AI,https://www.linkedin.com/company/taskifyai?trk=public_jobs_topcard-org-name,https://ie.linkedin.com/jobs/view/ai-content-evaluator-remote-at-taskify-ai-4337154049?trk=public_jobs_topcard-title,2025-11-20 08:46:02,,,4
4337213825,AI Language Model Reviewer (Remote),"- Role: AI Language Model Reviewer
- Location: Ireland
- Compensation: Earn up to $10,000 Per Month



About the Role

Join a worldwide community of skilled professionals outsmarting AI with human creativity and analytical brilliance. As a Data Contributor, you will directly influence the quality and safety of cutting-edge language models, including collaborations with industry-standard partners.



Responsibilities

- Evaluate and rank outputs from large language models by reviewing reasoning, problem-solving, and response quality.
- Develop professional-level prompts and critique AI-generated content with user-centric thinking.
- Contribute to a variety of AI projects determined by your skill sets and expertise.



Requirements

- Bachelor’s degree or higher (or currently enrolled).
- Demonstrated analytical, problem-solving, and critical thinking skills.
- Clear and engaging writing style with attention to detail and technical precision.



Community & Growth

- Join an international team of coding and data experts.
- Influence enterprise adoption of advanced models like Llama in partnership with Scale AI and Meta.



Apply Now!",Taskify AI,https://www.linkedin.com/company/taskifyai?trk=public_jobs_topcard-org-name,https://ie.linkedin.com/jobs/view/ai-language-model-reviewer-remote-at-taskify-ai-4337213825?trk=public_jobs_topcard-title,2025-11-20 08:46:04,,,4
4337034625,AI Model Quality Evaluator (Remote),"- Role: AI Model Quality Evaluator
- Location: Ireland
- Compensation: Earn up to $10,000 Per Month



About the Role

Join a worldwide community of skilled professionals outsmarting AI with human creativity and analytical brilliance. As a Data Contributor, you will directly influence the quality and safety of cutting-edge language models, including collaborations with industry-standard partners.



Responsibilities

- Evaluate and rank outputs from large language models by reviewing reasoning, problem-solving, and response quality.
- Develop professional-level prompts and critique AI-generated content with user-centric thinking.
- Contribute to a variety of AI projects determined by your skill sets and expertise.



Requirements

- Bachelor’s degree or higher (or currently enrolled).
- Demonstrated analytical, problem-solving, and critical thinking skills.
- Clear and engaging writing style with attention to detail and technical precision.



Community & Growth

- Join an international team of coding and data experts.
- Influence enterprise adoption of advanced models like Llama in partnership with Scale AI and Meta.



Apply Now!",Taskify AI,https://www.linkedin.com/company/taskifyai?trk=public_jobs_topcard-org-name,https://ie.linkedin.com/jobs/view/ai-model-quality-evaluator-remote-at-taskify-ai-4337034625?trk=public_jobs_topcard-title,2025-11-20 08:46:08,,,4
4337183891,Data Labeling Associate (Remote),"- Role: Data Labeling Associate
- Location: Ireland
- Compensation: Earn up to $10,000 Per Month



About the Role

Join a worldwide community of skilled professionals outsmarting AI with human creativity and analytical brilliance. As a Data Contributor, you will directly influence the quality and safety of cutting-edge language models, including collaborations with industry-standard partners.



Responsibilities

- Evaluate and rank outputs from large language models by reviewing reasoning, problem-solving, and response quality.
- Develop professional-level prompts and critique AI-generated content with user-centric thinking.
- Contribute to a variety of AI projects determined by your skill sets and expertise.



Requirements

- Bachelor’s degree or higher (or currently enrolled).
- Demonstrated analytical, problem-solving, and critical thinking skills.
- Clear and engaging writing style with attention to detail and technical precision.



Community & Growth

- Join an international team of coding and data experts.
- Influence enterprise adoption of advanced models like Llama in partnership with Scale AI and Meta.



Apply Now!",Taskify AI,https://www.linkedin.com/company/taskifyai?trk=public_jobs_topcard-org-name,https://ie.linkedin.com/jobs/view/data-labeling-associate-remote-at-taskify-ai-4337183891?trk=public_jobs_topcard-title,2025-11-20 08:46:12,,,4
4341872417,Co-Founder/ Business Developer,"🔥 Co-Founder & Business Developer

variet.co



About Us

Temperise has developed a breakthrough smart thermal battery technology, a portable heat solution designed to integrate across multiple industries. Variet is our first brand, for food and beverage self-heating can technology and food delivery heating solution.



Your Mission



👥 Drive business development & market expansion from early traction to scale

🚀 Launch and grow Variet, securing first customers and distribution channels

🤝 Build strategic partnerships across B2B, B2G, and new industry verticals

💸 Support fundraising, investor engagement, and pitch preparation

📈 Develop and execute the go-to-market roadmap for both the brand and platform

👤 Help assemble and lead the founding team as we scale

📊 Contribute to financial planning and operational execution



What You Bring



✅ Experience in business development, partnerships, or commercial leadership

✅ Proven ability to take products from zero-to-one and build traction

✅ Comfortable working across strategy and hands-on execution

✅ Strong communicator — able to pitch, negotiate, and close deals

✅ Passion for sustainable innovation and meaningful product ecosystems

✅ Ownership mindset — building long-term value, not a quick exit



What You’ll Get



🎉 Founding-level equity (true co-founder ownership)

📍 Salary after fundraising

🌍 Opportunity to shape a new product category and global brand



📧 Apply: info@temperise.co",Temperise,https://ca.linkedin.com/company/temperise?trk=public_jobs_topcard-org-name,https://fr.linkedin.com/jobs/view/co-founder-business-developer-at-temperise-4341872417?trk=public_jobs_topcard-title,2025-11-20 13:23:25,,,2
4341934162,"SAP Consultant – Manufacturing (PP, QM) (Remote in Spain)","- Manage full life cycle implementations of SAP S/4HANA in Production Planning & Manufacturing Execution / Quality Management.
- Evaluate business requirements and identify relevant SAP capabilities and best practices.
- Plan, prepare, and execute Fit-Gap / Fit-to-Standard workshops.
- Design solutions and drive adoption for identified gaps and process improvements.
- Ensure successful system implementation in collaboration with nearshore/offshore teams.
- Act as a trusted advisor for clients and take on project management responsibilities.

- 8–10 years of experience in SAP PP and QM.
- 2–5 full project lifecycles in SAP PP/QM implementations.
- Strong knowledge of Production Planning, Shop-Floor Manufacturing Execution, and/or Quality Management processes, with the ability to translate business needs into system specifications.
- Hands-on experience and/or certification in SAP S/4HANA.
- Preferably experienced in international template rollout projects.
- Solid business skills including stakeholder management, problem-solving, and resilience.
- Degree in Economics, Information Technology, or equivalent.
- Proven ability to gather, validate, synthesize, and communicate data for diverse audiences.
- Excellent interpersonal skills and C2 proficiency in English (and local language if applicable).
- Willingness to travel for project-related activities.

- Permanent contract and remote work from anywhere in Spain.
- Participation in international projects with leading clients.
- Career development and continuous training in SAP technologies.
- Collaborative and multicultural work environment.",TheWhiteam,https://es.linkedin.com/company/the-white-team-consulting?trk=public_jobs_topcard-org-name,https://es.linkedin.com/jobs/view/sap-consultant-%E2%80%93-manufacturing-pp-qm-remote-in-spain-at-thewhiteam-4341934162?trk=public_jobs_topcard-title,2025-11-20 19:31:35,,,1
4341914190,SAP EAM Functional Consultant (S/4HANA) – Global Projects (Remote in Spain),"- Lead and facilitate client workshops, including preparation, documentation, and requirements gathering.
- Design and optimize Plant Maintenance processes: maintenance requests, work order planning & execution, preventive maintenance, calibration, refurbishment.
- Align business process flows and coordinate between global and local teams.
- Support implementation, transition, and post go-live activities.
- Prepare functional specifications and collaborate with ABAP development teams.
- Actively participate in Agile ceremonies (Daily Stand-ups, Iteration Demos, PI Planning).
- Demonstrate SAP processes to stakeholders and deliver effective presentations.

- 8+ years of experience in SAP EAM (Plant Maintenance) and S/4HANA projects.
- Strong knowledge of integration with WM, MM, FI, Procurement modules.
- Experience in data migration, harmonization, and governance (SAP MDG).
- Familiarity with SAP Cloud tools (APM, Asset Manager).
- Experience with EHS processes and engineering-to-maintenance handover.
- Agile methodology knowledge (SAFe certification preferred).
- Proven track record in global delivery and coordination with offshore teams.
- Excellent communication skills, proactive attitude, and ability to lead workshops.
- Fluent in English (written and spoken).

- Full-time contract with 100% remote work from Spain.
- Opportunity to work on large-scale international projects.
- Collaborative environment with continuous learning and career growth.
- Training in SAP technologies and Agile frameworks.",TheWhiteam,https://es.linkedin.com/company/the-white-team-consulting?trk=public_jobs_topcard-org-name,https://es.linkedin.com/jobs/view/sap-eam-functional-consultant-s-4hana-%E2%80%93-global-projects-remote-in-spain-at-thewhiteam-4341914190?trk=public_jobs_topcard-title,2025-11-20 19:31:42,,,1
4347023897,Senior SAP FI/CO Consultant with S/4HANA Expertise (Remote in Spain),"- Manage full life cycle implementations of SAP S/4HANA in Finance and/or Controlling.
- Evaluate business requirements and identify relevant SAP capabilities and best practices.
- Plan, prepare, and execute Fit-Gap / Fit-to-Standard workshops.
- Design solutions and propose improvements for financial and controlling processes.
- Ensure system implementation in collaboration with nearshore/offshore teams.
- Act as a trusted advisor to the client and take on project management responsibilities.

- Minimum 8-10 years of experience in SAP FI/CO consulting.
- Proven track record of 3-5 full project lifecycles in SAP FI/CO/FSCM.
- Deep understanding of Finance and Controlling processes with the ability to translate business requirements into system design specifications.
- S/4HANA experience and/or certification.
- Preferably experienced in international template rollout projects.
- University degree in Economics, Information Technology, or equivalent.
- Strong skills in gathering, validating, synthesizing, documenting, and communicating data for diverse audiences.
- Broad business skill set including stakeholder management, problem-solving, and resilience.
- Excellent interpersonal skills and strong written and verbal communication skills. Fluency in English is mandatory.
- Willingness to travel for project-related activities.

- Permanent contract and remote work from anywhere in Spain.
- Participation in international projects with leading clients.
- Career development and continuous training in SAP technologies.
- Collaborative and multicultural work environment.",TheWhiteam,https://es.linkedin.com/company/the-white-team-consulting?trk=public_jobs_topcard-org-name,https://es.linkedin.com/jobs/view/senior-sap-fi-co-consultant-with-s-4hana-expertise-remote-in-spain-at-thewhiteam-4347023897?trk=public_jobs_topcard-title,2025-11-20 19:33:45,,,1
4347033460,Full Stack Developer - Next-Gen Development,"Tinkso is a forward-thinking digital agency of 10 talented individuals pushing the boundaries of modern web development. We partner with SMBs and growing companies to drive digital transformation through internal tools, ERP systems, and custom web applications. We don't just build products—we're reimagining how they're built. By combining cutting-edge technologies with AI-assisted development methodologies, we're creating faster, smarter ways to deliver exceptional digital experiences for our clients.



The Role



We're looking for a mid-level to senior Full Stack Developer who's excited about the future of software development. You'll be working primarily on client projects—building internal tools, implementing integrations, and creating digital solutions that transform how businesses operate. What makes this role unique is your opportunity to help shape and contribute to our proprietary AI-assisted development framework.

This isn't just about writing code—it's about revolutionizing how code gets written.



What You'll Do



- Build client projects using modern React frameworks and PostgreSQL, delivering high-quality, scalable web applications
- Design and implement integrations with third-party services and APIs, connecting various business systems
- Develop internal tools or ERP solutions that streamline client operations and drive digital transformation
- Contribute to our AI development framework , helping refine our methodology, orchestration tools, and automation systems
- Leverage AI-assisted coding tools (Claude Code, Codex, etc.) as part of your daily workflow
- Collaborate with clients and team members , translating business requirements into technical solutions
- Think product-first , balancing technical excellence with user needs and business goals
- Experiment and innovate with emerging AI tools and development practices



What We're Looking For



Must-Haves



- 3-5+ years of full stack development experience
- Strong proficiency with React and modern JavaScript/TypeScript
- Solid experience with PostgreSQL and database design
- Proven track record of building and consuming APIs (REST, GraphQL, webhooks)
- Experience integrating third-party services (payment processors, CRMs, ERPs, SaaS platforms, etc.)
- Hands-on experience with AI-assisted coding toolbox like Claude Code, Codex, Cursor, or similar..
- Product-oriented mindset —you understand that code serves users and business objectives
- Excellent communication skills —you can explain technical concepts to non-technical stakeholders and work directly with clients
- Self-directed and collaborative —comfortable working autonomously while staying aligned with the team



Nice-to-Haves



- Experience with Next.js, Supabase, or similar modern React frameworks/BaaS platforms
- Background in building internal tools, ERP systems, or B2B software
- Experience building or contributing to developer tools/frameworks
- Familiarity with authentication, authorization, and security best practices
- Background in AI/ML or automation systems
- Experience with TypeScript, Tailwind CSS, and modern React patterns
- Understanding of CI/CD, testing strategies, and performance optimization
- Previous agency or consultancy experience
- Interest in the evolving landscape of AI in software development



Work Setup



- Fully remote position
- CET timezone preferred (±2 hours)
- Collaborative team culture with regular syncs
- Flexible working hours with core overlap times



Why Tinkso?



- Be at the forefront of AI-assisted development—not just using tools, but building them
- Work on diverse projects across different industries and challenges
- Real business impact —help SMBs transform their operations through technology
- Small team impact —your contributions directly shape our direction
- Learn and grow alongside a talented, innovation-focused team
- Remote-first culture that values autonomy and trust



Our Stack



- Frontend: React (primarily Next.js), TypeScript, Tailwind CSS
- Backend: PostgreSQL, Node.js, Supabase
- Integrations: REST APIs, GraphQL, webhooks, various third-party services
- AI Tools: Claude Code, GitHub Copilot, custom orchestration systems
- Infrastructure: Vercel, GitHub Actions
- Collaboration: Modern tools for async and real-time communication



How to Apply



Send your application with:



- Your experience with AI-assisted coding tools
- An example of a complex integration you've built
- A project you're particularly proud of and why
- What excites you about this role



- We're excited to hear from developers who are as enthusiastic about the future of development as we are.",Tinkso,https://fr.linkedin.com/company/tinkso?trk=public_jobs_topcard-org-name,https://fr.linkedin.com/jobs/view/full-stack-developer-next-gen-development-at-tinkso-4347033460?trk=public_jobs_topcard-title,2025-11-20 17:23:23,,,8
4347022852,Sviluppatore front-end,"TopNetwork S.p.A . è alla ricerca di un Frontend Developer da inserire all’interno di un team già consolidato.



Responsabilità principali:

- Progettare software
- Sviluppo applicazioni web
- Collaborazione con i team di analisi



Competenze richieste:

- Esperienza di almeno 3 anni nel ruolo
- Ottima conoscenza di Angular
- Esperienza con Typescript e Javascript
- Conoscenza di HTML5/CSS3
- Conoscenza Git
- Buona conoscenza della lingua inglese
- Gradita laurea



Soft Skills:

- Orientamento al Team Working e spirito collaborativo
- Proattività e doti di problem solving
- Capacità di organizzazione e pianificazione: rispetto delle scadenze e tempi di progetto
- Flessibilità e proattività
- Curiosità e aggiornamento verso nuovi trend tecnologici



Sede : remote - inizio attività Dicembre 2025



Chi Siamo

TopNetwork s.p.a è un’azienda leader nel settore ICT ad alta Innovazione tecnologica, collocata tra i principali player per grandi aziende e istituzioni sul territorio nazionale. Le nostre soluzioni integrano l’Intelligenza Artificiale con altre tecnologie (blockchain, Cloud, Data Science, Internet of Things) e spaziano dalla Robotica ai sistemi satellitari, ai sistemi di analisi visiva, ai motori di ricerca semantica e machine learning. Una realtà stabile, riconosciuta e radicata sul mercato con 8 sedi operative aziendali in Italia e con un organico quasi 1000 dipendenti. Lo scorso anno siamo entrati nel gruppo internazionale SMART4ENGINEERING , che raccoglie realtà focalizzate in aree complementari dell’ingegneria digitale e della R&D, per consentire ai clienti di affrontare la digital trasformation. Il gruppo SMART4 è impegnato su progetti di scala Europea (Italia, Francia, Spagna, Portogallo e Tunisia) con un organico di più di 3500 dipendenti- > https://www.smart4engineering.com/



Cosa offriamo:

- Possibilità di accedere a diverse piattaforme e-learning per accrescere le competenze tecniche e quelle trasversali;
- Percorsi di accompagnamento alla certificazione;
- Retribuzioni commisurate a seniority e profilo professionale del candidato;
- Assicurazione sanitaria integrativa;
- Possibilità di inserirsi in una realtà in espansione, solida, affidabile, dinamica e flessibile, dove poter esprimere le proprie attitudini;
- Inserimento in un team di professionisti che si riconosce dalla disponibilità, puntualità nelle risposte, competenza, capacità di apprendere dalle lesson learned, creatività nella soluzioni;
- Correttezza e integrità: crediamo nell’etica del lavoro, quindi nella condivisione di obiettivi e in un rapporto quanto più possibile autentico con i nostri collaboratori.



Si prega di inviare il CV dettagliato con l’autorizzazione al trattamento dei dati personali (ai sensi degli artt. 12, 13 e 14 del Regolamento EU 2016/679).

Il presente annuncio è rivolto ad entrambi i sessi, ai sensi delle leggi 903/77 e 125/91, e a persone di tutte le età e tutte le nazionalità, ai sensi dei decreti legislativi 215/03 e 216/03.

Tale annuncio è, inoltre, rivolto a tutti i facenti parte di Categorie Protette, legge 68/99.

",Topnetwork S.p.A.,https://it.linkedin.com/company/topnetwork-s-p-a-?trk=public_jobs_topcard-org-name,https://it.linkedin.com/jobs/view/sviluppatore-front-end-at-topnetwork-s-p-a-4347022852?trk=public_jobs_topcard-title,2025-11-20 15:27:00,Romina Restelli,https://it.linkedin.com/in/romina-restelli-549932a6,1
4347003449,Global Account Manager,"- Develop a truly global travel program with your client
- Implement a Global Business Plan to establish, achieve and measure the business objectives of the global travel program
- Manage Global Program Management team and provide coaching and mentoring
- Establish and maintain relationships with key customer decision-makers
- Explore opportunities to expand client servicing relationships through coordination of sales effort, pricing, and implementation
- Oversee the implementation of new business, working closely with the global implementation team to ensure customer expectations are met

- Prior travel management company or related business travel account experience desired
- Account management experience required
- Extensive business travel industry experience
- Solid Regional or Global Program Management experience
- Experience in implementing and managing large market/global clients
- Ability to travel when needed
- Well-developed French and English language skills

- Flexible working hours and work-from-home or remote opportunities
- Opportunities to grow your skillset and career
- Generous vacation days so you can rest and recharge
- A compensation package that feels fair to you, including mental, physical, and financial wellbeing tools
- Travel industry professional perks and discounts
- An inclusive work environment where diversity is celebrated",Tour Travel,https://www.linkedin.com/company/tour-travel?trk=public_jobs_topcard-org-name,https://fr.linkedin.com/jobs/view/global-account-manager-at-tour-travel-4347003449?trk=public_jobs_topcard-title,2025-11-20 17:23:39,,,1
4321188340,German Linguist/Speech Data Verifier,"Work Location: Remote/Work-from-home

Work Schedule: Flexible schedule (preferred weekly availability is 20 hours or more)

Engagement Model: Freelance/Independent contractor

Language Needed: German (Germany)

Project duration: Until the end of December 2025



DataForce by TransPerfect is currently looking for linguists with idiomatic fluency in German (Germany) to join our team of Freelance Linguists. This is an exciting opportunity to be part of an innovative project.





Role Summary

As a Linguist/Speech Data Verifier, you will play a pivotal role in enhancing the capabilities of AI-driven speech recognition and generation assistants.

The ideal candidate has a linguistic education/background, great attention to detail, the ability to work independently, and enthusiasm for improving AI technology.





Role Responsibilities

In this role, you will listen to short German audio recordings and review, correct, refine, and/or expand pre-annotated descriptions/labels to accurately reflect voice characteristics and speech delivery.



Requirements

- Idiomatic fluency in German (Germany)
- Pass a qualification test (estimated duration is 25 minutes)
- Excellent listening, writing and spelling skills in German
- Advanced English language skills (written and verbal)
- Degree in linguistics or related field (phonetics, phonology, speech pathology, etc.)
- Phonetics/phonology expertise is preferred
- Relevant experience in data analysis, labelling, speech/text-to-speech technology, and/or audio annotation is considered a plus
- Familiarity with online annotation tools is preferred
- Ability to work independently and meet deadlines effectively
- Exceptional attention to detail and the ability to deliver error-free work
- Availability to work a minimum of 20 hours per week
- Interest in language technologies
- As part of the application process, you are required to complete a 1-minute questionnaire, which will be sent to you via email from a dataforce.recruitee.com domain after you click Apply to submit your application.



Who We Are

DataForce by TransPerfect is part of the TransPerfect family of companies, the world’s largest provider of language and technology solutions for global business, with offices in more than 100 cities worldwide.

We offer high-quality data for Human-Machine Interaction to some of the most prestigious technology companies in the world. Our department focuses on gathering, enriching, and processing data for Machine Learning in different AI domains.

To learn more about DataForce please visit us at https://www.transperfect.com/dataforce

For more information or inquiries, please contact us at DataForce.Sourcing@transperfect.com , and use the job title as the subject of the email.",TransPerfect,https://www.linkedin.com/company/transperfect?trk=public_jobs_topcard-org-name,https://de.linkedin.com/jobs/view/german-linguist-speech-data-verifier-at-transperfect-4321188340?trk=public_jobs_topcard-title,2025-11-20 16:16:19,Agostino Orru',https://es.linkedin.com/in/agostinoorru,3
4321228081,German Linguist/Speech Data Verifier,"Work Location: Remote/Work-from-home

Work Schedule: Flexible schedule (preferred weekly availability is 20 hours or more)

Engagement Model: Freelance/Independent contractor

Language Needed: German (Germany)

Project duration: Until the end of December 2025



DataForce by TransPerfect is currently looking for linguists with idiomatic fluency in German (Germany) to join our team of Freelance Linguists. This is an exciting opportunity to be part of an innovative project.





Role Summary

As a Linguist/Speech Data Verifier, you will play a pivotal role in enhancing the capabilities of AI-driven speech recognition and generation assistants.

The ideal candidate has a linguistic education/background, great attention to detail, the ability to work independently, and enthusiasm for improving AI technology.





Role Responsibilities

In this role, you will listen to short German audio recordings and review, correct, refine, and/or expand pre-annotated descriptions/labels to accurately reflect voice characteristics and speech delivery.



Requirements

- Idiomatic fluency in German (Germany)
- Pass a qualification test (estimated duration is 25 minutes)
- Excellent listening, writing and spelling skills in German
- Advanced English language skills (written and verbal)
- Degree in linguistics or related field (phonetics, phonology, speech pathology, etc.)
- Phonetics/phonology expertise is preferred
- Relevant experience in data analysis, labelling, speech/text-to-speech technology, and/or audio annotation is considered a plus
- Familiarity with online annotation tools is preferred
- Ability to work independently and meet deadlines effectively
- Exceptional attention to detail and the ability to deliver error-free work
- Availability to work a minimum of 20 hours per week
- Interest in language technologies
- As part of the application process, you are required to complete a 1-minute questionnaire, which will be sent to you via email from a dataforce.recruitee.com domain after you click Apply to submit your application.



Who We Are

DataForce by TransPerfect is part of the TransPerfect family of companies, the world’s largest provider of language and technology solutions for global business, with offices in more than 100 cities worldwide.

We offer high-quality data for Human-Machine Interaction to some of the most prestigious technology companies in the world. Our department focuses on gathering, enriching, and processing data for Machine Learning in different AI domains.

To learn more about DataForce please visit us at https://www.transperfect.com/dataforce

For more information or inquiries, please contact us at DataForce.Sourcing@transperfect.com , and use the job title as the subject of the email.",TransPerfect,https://www.linkedin.com/company/transperfect?trk=public_jobs_topcard-org-name,https://de.linkedin.com/jobs/view/german-linguist-speech-data-verifier-at-transperfect-4321228081?trk=public_jobs_topcard-title,2025-11-20 16:16:21,Agostino Orru',https://es.linkedin.com/in/agostinoorru,3
4323459860,Freelance Audio Annotators - German,"Work Location : Remote/Work from home (Germany)

Engagement Model: Freelance/Independent contractor

Work Schedule: Flexible schedule (preferred weekly availability is 20 hours or more)

Language Needed: German (Germany)

Expected Project Start : November 2025

Estimated Project End: End of December 2025



DataForce by TransPerfect is looking for freelance German speaking Annotators to be part of an innovative project related to Artificial Intelligence.



ROLE DESCRIPTION

As an Audio Annotator, you will be responsible for listening to short audio recordings in German to generate detailed, accurate, and creative descriptions of human speech attributes (such as voice characteristics, delivery style-tone, speed, intonation, pace, pronunciation, apparent gender, age range, or accent, etc.).



The ideal candidate should have idiomatic fluency in German (Germany), advanced level of English and excellent listening and language skills; great attention to detail; and a strong command of grammar rules.



Job requirements

- Idiomatic fluency in German (Germany).
- Advanced English.
- Be located in Germany.
- Excellent writing and spelling/grammar skills in German.
- Pass an audio annotation test (estimated duration is 25 minutes).
- Ability to work independently and meet deadlines effectively.
- Ability to follow detailed project guidelines.
- Exceptional attention to detail and the ability to deliver error-free work.
- Familiarity with annotation/transcription online tools is preferred.
- As part of the application process, you are required to complete a 1-minute questionnaire, which will be sent to you via email from a dataforce.recruitee.com domain after you click Apply to submit your application.



DataForce by TransPerfect is part of the TransPerfect family of companies, the world’s largest provider of language and technology solutions for global business, with offices in more than 100 cities worldwide.



DataForce by TransPerfect offers high-quality data for Human-Machine Interaction to some of the most prestigious technology companies in the world. Our department focuses on gathering, enriching and processing data for Machine Learning in different AI domains.



To learn more about DataForce please visit us at https://www.transperfect.com/dataforce",TransPerfect,https://www.linkedin.com/company/transperfect?trk=public_jobs_topcard-org-name,https://de.linkedin.com/jobs/view/freelance-audio-annotators-german-at-transperfect-4323459860?trk=public_jobs_topcard-title,2025-11-20 10:16:04,,,2
4323610009,Freelance Audio Annotators - German,"Work Location : Remote/Work from home (Germany)

Engagement Model: Freelance/Independent contractor

Work Schedule: Flexible schedule (preferred weekly availability is 20 hours or more)

Language Needed: German (Germany)

Expected Project Start : November 2025

Estimated Project End: End of December 2025



DataForce by TransPerfect is looking for freelance German speaking Annotators to be part of an innovative project related to Artificial Intelligence.



ROLE DESCRIPTION

As an Audio Annotator, you will be responsible for listening to short audio recordings in German to generate detailed, accurate, and creative descriptions of human speech attributes (such as voice characteristics, delivery style-tone, speed, intonation, pace, pronunciation, apparent gender, age range, or accent, etc.).



The ideal candidate should have idiomatic fluency in German (Germany), advanced level of English and excellent listening and language skills; great attention to detail; and a strong command of grammar rules.



Job requirements

- Idiomatic fluency in German (Germany).
- Advanced English.
- Be located in Germany.
- Excellent writing and spelling/grammar skills in German.
- Pass an audio annotation test (estimated duration is 25 minutes).
- Ability to work independently and meet deadlines effectively.
- Ability to follow detailed project guidelines.
- Exceptional attention to detail and the ability to deliver error-free work.
- Familiarity with annotation/transcription online tools is preferred.
- As part of the application process, you are required to complete a 1-minute questionnaire, which will be sent to you via email from a dataforce.recruitee.com domain after you click Apply to submit your application.



DataForce by TransPerfect is part of the TransPerfect family of companies, the world’s largest provider of language and technology solutions for global business, with offices in more than 100 cities worldwide.



DataForce by TransPerfect offers high-quality data for Human-Machine Interaction to some of the most prestigious technology companies in the world. Our department focuses on gathering, enriching and processing data for Machine Learning in different AI domains.



To learn more about DataForce please visit us at https://www.transperfect.com/dataforce",TransPerfect,https://www.linkedin.com/company/transperfect?trk=public_jobs_topcard-org-name,https://de.linkedin.com/jobs/view/freelance-audio-annotators-german-at-transperfect-4323610009?trk=public_jobs_topcard-title,2025-11-20 09:16:07,,,2
4323463416,Freelance Audio Annotators - German,"Work Location : Remote/Work from home (Germany)

Engagement Model: Freelance/Independent contractor

Work Schedule: Flexible schedule (preferred weekly availability is 20 hours or more)

Language Needed: German (Germany)

Expected Project Start : November 2025

Estimated Project End: End of December 2025



DataForce by TransPerfect is looking for freelance German speaking Annotators to be part of an innovative project related to Artificial Intelligence.



ROLE DESCRIPTION

As an Audio Annotator, you will be responsible for listening to short audio recordings in German to generate detailed, accurate, and creative descriptions of human speech attributes (such as voice characteristics, delivery style-tone, speed, intonation, pace, pronunciation, apparent gender, age range, or accent, etc.).



The ideal candidate should have idiomatic fluency in German (Germany), advanced level of English and excellent listening and language skills; great attention to detail; and a strong command of grammar rules.



Job requirements

- Idiomatic fluency in German (Germany).
- Advanced English.
- Be located in Germany.
- Excellent writing and spelling/grammar skills in German.
- Pass an audio annotation test (estimated duration is 25 minutes).
- Ability to work independently and meet deadlines effectively.
- Ability to follow detailed project guidelines.
- Exceptional attention to detail and the ability to deliver error-free work.
- Familiarity with annotation/transcription online tools is preferred.
- As part of the application process, you are required to complete a 1-minute questionnaire, which will be sent to you via email from a dataforce.recruitee.com domain after you click Apply to submit your application.



DataForce by TransPerfect is part of the TransPerfect family of companies, the world’s largest provider of language and technology solutions for global business, with offices in more than 100 cities worldwide.



DataForce by TransPerfect offers high-quality data for Human-Machine Interaction to some of the most prestigious technology companies in the world. Our department focuses on gathering, enriching and processing data for Machine Learning in different AI domains.



To learn more about DataForce please visit us at https://www.transperfect.com/dataforce",TransPerfect,https://www.linkedin.com/company/transperfect?trk=public_jobs_topcard-org-name,https://de.linkedin.com/jobs/view/freelance-audio-annotators-german-at-transperfect-4323463416?trk=public_jobs_topcard-title,2025-11-20 10:16:08,,,1
4321208030,German Linguist/Speech Data Verifier,"Work Location: Remote/Work-from-home

Work Schedule: Flexible schedule (preferred weekly availability is 20 hours or more)

Engagement Model: Freelance/Independent contractor

Language Needed: German (Germany)

Project duration: Until the end of December 2025



DataForce by TransPerfect is currently looking for linguists with idiomatic fluency in German (Germany) to join our team of Freelance Linguists. This is an exciting opportunity to be part of an innovative project.





Role Summary

As a Linguist/Speech Data Verifier, you will play a pivotal role in enhancing the capabilities of AI-driven speech recognition and generation assistants.

The ideal candidate has a linguistic education/background, great attention to detail, the ability to work independently, and enthusiasm for improving AI technology.





Role Responsibilities

In this role, you will listen to short German audio recordings and review, correct, refine, and/or expand pre-annotated descriptions/labels to accurately reflect voice characteristics and speech delivery.



Requirements

- Idiomatic fluency in German (Germany)
- Pass a qualification test (estimated duration is 25 minutes)
- Excellent listening, writing and spelling skills in German
- Advanced English language skills (written and verbal)
- Degree in linguistics or related field (phonetics, phonology, speech pathology, etc.)
- Phonetics/phonology expertise is preferred
- Relevant experience in data analysis, labelling, speech/text-to-speech technology, and/or audio annotation is considered a plus
- Familiarity with online annotation tools is preferred
- Ability to work independently and meet deadlines effectively
- Exceptional attention to detail and the ability to deliver error-free work
- Availability to work a minimum of 20 hours per week
- Interest in language technologies
- As part of the application process, you are required to complete a 1-minute questionnaire, which will be sent to you via email from a dataforce.recruitee.com domain after you click Apply to submit your application.



Who We Are

DataForce by TransPerfect is part of the TransPerfect family of companies, the world’s largest provider of language and technology solutions for global business, with offices in more than 100 cities worldwide.

We offer high-quality data for Human-Machine Interaction to some of the most prestigious technology companies in the world. Our department focuses on gathering, enriching, and processing data for Machine Learning in different AI domains.

To learn more about DataForce please visit us at https://www.transperfect.com/dataforce

For more information or inquiries, please contact us at DataForce.Sourcing@transperfect.com , and use the job title as the subject of the email.",TransPerfect,https://www.linkedin.com/company/transperfect?trk=public_jobs_topcard-org-name,https://de.linkedin.com/jobs/view/german-linguist-speech-data-verifier-at-transperfect-4321208030?trk=public_jobs_topcard-title,2025-11-20 16:16:11,Agostino Orru',https://es.linkedin.com/in/agostinoorru,1
4321168059,German Linguist/Speech Data Verifier,"Work Location: Remote/Work-from-home

Work Schedule: Flexible schedule (preferred weekly availability is 20 hours or more)

Engagement Model: Freelance/Independent contractor

Language Needed: German (Germany)

Project duration: Until the end of December 2025



DataForce by TransPerfect is currently looking for linguists with idiomatic fluency in German (Germany) to join our team of Freelance Linguists. This is an exciting opportunity to be part of an innovative project.





Role Summary

As a Linguist/Speech Data Verifier, you will play a pivotal role in enhancing the capabilities of AI-driven speech recognition and generation assistants.

The ideal candidate has a linguistic education/background, great attention to detail, the ability to work independently, and enthusiasm for improving AI technology.





Role Responsibilities

In this role, you will listen to short German audio recordings and review, correct, refine, and/or expand pre-annotated descriptions/labels to accurately reflect voice characteristics and speech delivery.



Requirements

- Idiomatic fluency in German (Germany)
- Pass a qualification test (estimated duration is 25 minutes)
- Excellent listening, writing and spelling skills in German
- Advanced English language skills (written and verbal)
- Degree in linguistics or related field (phonetics, phonology, speech pathology, etc.)
- Phonetics/phonology expertise is preferred
- Relevant experience in data analysis, labelling, speech/text-to-speech technology, and/or audio annotation is considered a plus
- Familiarity with online annotation tools is preferred
- Ability to work independently and meet deadlines effectively
- Exceptional attention to detail and the ability to deliver error-free work
- Availability to work a minimum of 20 hours per week
- Interest in language technologies
- As part of the application process, you are required to complete a 1-minute questionnaire, which will be sent to you via email from a dataforce.recruitee.com domain after you click Apply to submit your application.



Who We Are

DataForce by TransPerfect is part of the TransPerfect family of companies, the world’s largest provider of language and technology solutions for global business, with offices in more than 100 cities worldwide.

We offer high-quality data for Human-Machine Interaction to some of the most prestigious technology companies in the world. Our department focuses on gathering, enriching, and processing data for Machine Learning in different AI domains.

To learn more about DataForce please visit us at https://www.transperfect.com/dataforce

For more information or inquiries, please contact us at DataForce.Sourcing@transperfect.com , and use the job title as the subject of the email.",TransPerfect,https://www.linkedin.com/company/transperfect?trk=public_jobs_topcard-org-name,https://de.linkedin.com/jobs/view/german-linguist-speech-data-verifier-at-transperfect-4321168059?trk=public_jobs_topcard-title,2025-11-20 16:16:14,Agostino Orru',https://es.linkedin.com/in/agostinoorru,1
4323580101,Freelance Audio Annotators - German,"Work Location : Remote/Work from home (Germany)

Engagement Model: Freelance/Independent contractor

Work Schedule: Flexible schedule (preferred weekly availability is 20 hours or more)

Language Needed: German (Germany)

Expected Project Start : November 2025

Estimated Project End: End of December 2025



DataForce by TransPerfect is looking for freelance German speaking Annotators to be part of an innovative project related to Artificial Intelligence.



ROLE DESCRIPTION

As an Audio Annotator, you will be responsible for listening to short audio recordings in German to generate detailed, accurate, and creative descriptions of human speech attributes (such as voice characteristics, delivery style-tone, speed, intonation, pace, pronunciation, apparent gender, age range, or accent, etc.).



The ideal candidate should have idiomatic fluency in German (Germany), advanced level of English and excellent listening and language skills; great attention to detail; and a strong command of grammar rules.



Job requirements

- Idiomatic fluency in German (Germany).
- Advanced English.
- Be located in Germany.
- Excellent writing and spelling/grammar skills in German.
- Pass an audio annotation test (estimated duration is 25 minutes).
- Ability to work independently and meet deadlines effectively.
- Ability to follow detailed project guidelines.
- Exceptional attention to detail and the ability to deliver error-free work.
- Familiarity with annotation/transcription online tools is preferred.
- As part of the application process, you are required to complete a 1-minute questionnaire, which will be sent to you via email from a dataforce.recruitee.com domain after you click Apply to submit your application.



DataForce by TransPerfect is part of the TransPerfect family of companies, the world’s largest provider of language and technology solutions for global business, with offices in more than 100 cities worldwide.



DataForce by TransPerfect offers high-quality data for Human-Machine Interaction to some of the most prestigious technology companies in the world. Our department focuses on gathering, enriching and processing data for Machine Learning in different AI domains.



To learn more about DataForce please visit us at https://www.transperfect.com/dataforce",TransPerfect,https://www.linkedin.com/company/transperfect?trk=public_jobs_topcard-org-name,https://de.linkedin.com/jobs/view/freelance-audio-annotators-german-at-transperfect-4323580101?trk=public_jobs_topcard-title,2025-11-20 09:16:18,,,1
4323643222,Japanese Script Adaptor,"Hello! TransPerfect Media is currently looking for Japanese Lip Synch Script Adaptors .



In order to access this job, you must:

- Have previous experience in Script Adaptation
- Pass our internal test
- Respect our strict timeline
- All days, except for Bank Holidays, count as workdays for client
- DL is 10 days from reception of the files
- Work on daily basis



PLEASE, LET ME KNOW YOUR DAILY AVAILABILITY, INCLUDING HOLIDAYS



Before proceeding I’d like to ask you more about your experience related to this service , so please send a list of previous works and attach your CV.



Thank you!",TransPerfect,https://www.linkedin.com/company/transperfect?trk=public_jobs_topcard-org-name,https://es.linkedin.com/jobs/view/japanese-script-adaptor-at-transperfect-4323643222?trk=public_jobs_topcard-title,2025-11-20 15:32:45,Martina De Martino,https://es.linkedin.com/in/martina-de-martino-53248b144/en,1
4323560082,Freelance Audio Annotators - German,"Work Location : Remote/Work from home (Germany)

Engagement Model: Freelance/Independent contractor

Work Schedule: Flexible schedule (preferred weekly availability is 20 hours or more)

Language Needed: German (Germany)

Expected Project Start : November 2025

Estimated Project End: End of December 2025



DataForce by TransPerfect is looking for freelance German speaking Annotators to be part of an innovative project related to Artificial Intelligence.



ROLE DESCRIPTION

As an Audio Annotator, you will be responsible for listening to short audio recordings in German to generate detailed, accurate, and creative descriptions of human speech attributes (such as voice characteristics, delivery style-tone, speed, intonation, pace, pronunciation, apparent gender, age range, or accent, etc.).



The ideal candidate should have idiomatic fluency in German (Germany), advanced level of English and excellent listening and language skills; great attention to detail; and a strong command of grammar rules.



Job requirements

- Idiomatic fluency in German (Germany).
- Advanced English.
- Be located in Germany.
- Excellent writing and spelling/grammar skills in German.
- Pass an audio annotation test (estimated duration is 25 minutes).
- Ability to work independently and meet deadlines effectively.
- Ability to follow detailed project guidelines.
- Exceptional attention to detail and the ability to deliver error-free work.
- Familiarity with annotation/transcription online tools is preferred.
- As part of the application process, you are required to complete a 1-minute questionnaire, which will be sent to you via email from a dataforce.recruitee.com domain after you click Apply to submit your application.



DataForce by TransPerfect is part of the TransPerfect family of companies, the world’s largest provider of language and technology solutions for global business, with offices in more than 100 cities worldwide.



DataForce by TransPerfect offers high-quality data for Human-Machine Interaction to some of the most prestigious technology companies in the world. Our department focuses on gathering, enriching and processing data for Machine Learning in different AI domains.



To learn more about DataForce please visit us at https://www.transperfect.com/dataforce",TransPerfect,https://www.linkedin.com/company/transperfect?trk=public_jobs_topcard-org-name,https://at.linkedin.com/jobs/view/freelance-audio-annotators-german-at-transperfect-4323560082?trk=public_jobs_topcard-title,2025-11-20 09:50:46,,,1
4323510152,Freelance Audio Annotators - German (Germany),"Work Location : Remote/Work from home (Germany)

Engagement Model: Freelance/Independent contractor

Work Schedule: Flexible schedule (preferred weekly availability is 20 hours or more)

Language Needed: German (Germany)

Expected Project Start : November 2025

Estimated Project End: End of December 2025



DataForce by TransPerfect is looking for freelance German speaking Annotators to be part of an innovative project related to Artificial Intelligence.



ROLE DESCRIPTION

As an Audio Annotator, you will be responsible for listening to short audio recordings in German to generate detailed, accurate, and creative descriptions of human speech attributes (such as voice characteristics, delivery style-tone, speed, intonation, pace, pronunciation, apparent gender, age range, or accent, etc.).



The ideal candidate should have idiomatic fluency in German (Germany), advanced level of English and excellent listening and language skills; great attention to detail; and a strong command of grammar rules.



Job requirements

- Idiomatic fluency in German (Germany).
- Advanced English.
- Be located in Germany.
- Excellent writing and spelling/grammar skills in German.
- Pass an audio annotation test (estimated duration is 25 minutes).
- Ability to work independently and meet deadlines effectively.
- Ability to follow detailed project guidelines.
- Exceptional attention to detail and the ability to deliver error-free work.
- Familiarity with annotation/transcription online tools is preferred.
- As part of the application process, you are required to complete a 1-minute questionnaire, which will be sent to you via email from a dataforce.recruitee.com domain after you click Apply to submit your application.



DataForce by TransPerfect is part of the TransPerfect family of companies, the world’s largest provider of language and technology solutions for global business, with offices in more than 100 cities worldwide.



DataForce by TransPerfect offers high-quality data for Human-Machine Interaction to some of the most prestigious technology companies in the world. Our department focuses on gathering, enriching and processing data for Machine Learning in different AI domains.



To learn more about DataForce please visit us at https://www.transperfect.com/dataforce",TransPerfect,https://www.linkedin.com/company/transperfect?trk=public_jobs_topcard-org-name,https://at.linkedin.com/jobs/view/freelance-audio-annotators-german-germany-at-transperfect-4323510152?trk=public_jobs_topcard-title,2025-11-20 09:50:48,,,1
4323429914,Freelance Audio Annotators - German,"Work Location : Remote/Work from home (Germany)

Engagement Model: Freelance/Independent contractor

Work Schedule: Flexible schedule (preferred weekly availability is 20 hours or more)

Language Needed: German (Germany)

Expected Project Start : November 2025

Estimated Project End: End of December 2025



DataForce by TransPerfect is looking for freelance German speaking Annotators to be part of an innovative project related to Artificial Intelligence.



ROLE DESCRIPTION

As an Audio Annotator, you will be responsible for listening to short audio recordings in German to generate detailed, accurate, and creative descriptions of human speech attributes (such as voice characteristics, delivery style-tone, speed, intonation, pace, pronunciation, apparent gender, age range, or accent, etc.).



The ideal candidate should have idiomatic fluency in German (Germany), advanced level of English and excellent listening and language skills; great attention to detail; and a strong command of grammar rules.



Job requirements

- Idiomatic fluency in German (Germany).
- Advanced English.
- Be located in Germany.
- Excellent writing and spelling/grammar skills in German.
- Pass an audio annotation test (estimated duration is 25 minutes).
- Ability to work independently and meet deadlines effectively.
- Ability to follow detailed project guidelines.
- Exceptional attention to detail and the ability to deliver error-free work.
- Familiarity with annotation/transcription online tools is preferred.
- As part of the application process, you are required to complete a 1-minute questionnaire, which will be sent to you via email from a dataforce.recruitee.com domain after you click Apply to submit your application.



DataForce by TransPerfect is part of the TransPerfect family of companies, the world’s largest provider of language and technology solutions for global business, with offices in more than 100 cities worldwide.



DataForce by TransPerfect offers high-quality data for Human-Machine Interaction to some of the most prestigious technology companies in the world. Our department focuses on gathering, enriching and processing data for Machine Learning in different AI domains.



To learn more about DataForce please visit us at https://www.transperfect.com/dataforce",TransPerfect,https://www.linkedin.com/company/transperfect?trk=public_jobs_topcard-org-name,https://at.linkedin.com/jobs/view/freelance-audio-annotators-german-at-transperfect-4323429914?trk=public_jobs_topcard-title,2025-11-20 09:50:50,,,1
4323389835,Freelance Audio Annotators - German,"Work Location : Remote/Work from home (Germany)

Engagement Model: Freelance/Independent contractor

Work Schedule: Flexible schedule (preferred weekly availability is 20 hours or more)

Language Needed: German (Germany)

Expected Project Start : November 2025

Estimated Project End: End of December 2025



DataForce by TransPerfect is looking for freelance German speaking Annotators to be part of an innovative project related to Artificial Intelligence.



ROLE DESCRIPTION

As an Audio Annotator, you will be responsible for listening to short audio recordings in German to generate detailed, accurate, and creative descriptions of human speech attributes (such as voice characteristics, delivery style-tone, speed, intonation, pace, pronunciation, apparent gender, age range, or accent, etc.).



The ideal candidate should have idiomatic fluency in German (Germany), advanced level of English and excellent listening and language skills; great attention to detail; and a strong command of grammar rules.



Job requirements

- Idiomatic fluency in German (Germany).
- Advanced English.
- Be located in Germany.
- Excellent writing and spelling/grammar skills in German.
- Pass an audio annotation test (estimated duration is 25 minutes).
- Ability to work independently and meet deadlines effectively.
- Ability to follow detailed project guidelines.
- Exceptional attention to detail and the ability to deliver error-free work.
- Familiarity with annotation/transcription online tools is preferred.
- As part of the application process, you are required to complete a 1-minute questionnaire, which will be sent to you via email from a dataforce.recruitee.com domain after you click Apply to submit your application.



DataForce by TransPerfect is part of the TransPerfect family of companies, the world’s largest provider of language and technology solutions for global business, with offices in more than 100 cities worldwide.



DataForce by TransPerfect offers high-quality data for Human-Machine Interaction to some of the most prestigious technology companies in the world. Our department focuses on gathering, enriching and processing data for Machine Learning in different AI domains.



To learn more about DataForce please visit us at https://www.transperfect.com/dataforce",TransPerfect,https://www.linkedin.com/company/transperfect?trk=public_jobs_topcard-org-name,https://at.linkedin.com/jobs/view/freelance-audio-annotators-german-at-transperfect-4323389835?trk=public_jobs_topcard-title,2025-11-20 09:50:53,,,1
4323439892,Freelance Audio Annotators - German,"Work Location : Remote/Work from home (Germany)

Engagement Model: Freelance/Independent contractor

Work Schedule: Flexible schedule (preferred weekly availability is 20 hours or more)

Language Needed: German (Germany)

Expected Project Start : November 2025

Estimated Project End: End of December 2025



DataForce by TransPerfect is looking for freelance German speaking Annotators to be part of an innovative project related to Artificial Intelligence.



ROLE DESCRIPTION

As an Audio Annotator, you will be responsible for listening to short audio recordings in German to generate detailed, accurate, and creative descriptions of human speech attributes (such as voice characteristics, delivery style-tone, speed, intonation, pace, pronunciation, apparent gender, age range, or accent, etc.).



The ideal candidate should have idiomatic fluency in German (Germany), advanced level of English and excellent listening and language skills; great attention to detail; and a strong command of grammar rules.



Job requirements

- Idiomatic fluency in German (Germany).
- Advanced English.
- Be located in Germany.
- Excellent writing and spelling/grammar skills in German.
- Pass an audio annotation test (estimated duration is 25 minutes).
- Ability to work independently and meet deadlines effectively.
- Ability to follow detailed project guidelines.
- Exceptional attention to detail and the ability to deliver error-free work.
- Familiarity with annotation/transcription online tools is preferred.
- As part of the application process, you are required to complete a 1-minute questionnaire, which will be sent to you via email from a dataforce.recruitee.com domain after you click Apply to submit your application.



DataForce by TransPerfect is part of the TransPerfect family of companies, the world’s largest provider of language and technology solutions for global business, with offices in more than 100 cities worldwide.



DataForce by TransPerfect offers high-quality data for Human-Machine Interaction to some of the most prestigious technology companies in the world. Our department focuses on gathering, enriching and processing data for Machine Learning in different AI domains.



To learn more about DataForce please visit us at https://www.transperfect.com/dataforce",TransPerfect,https://www.linkedin.com/company/transperfect?trk=public_jobs_topcard-org-name,https://at.linkedin.com/jobs/view/freelance-audio-annotators-german-at-transperfect-4323439892?trk=public_jobs_topcard-title,2025-11-20 09:50:55,,,1
4323540103,Freelance Audio Annotators - German,"Work Location : Remote/Work from home (Germany)

Engagement Model: Freelance/Independent contractor

Work Schedule: Flexible schedule (preferred weekly availability is 20 hours or more)

Language Needed: German (Germany)

Expected Project Start : November 2025

Estimated Project End: End of December 2025



DataForce by TransPerfect is looking for freelance German speaking Annotators to be part of an innovative project related to Artificial Intelligence.



ROLE DESCRIPTION

As an Audio Annotator, you will be responsible for listening to short audio recordings in German to generate detailed, accurate, and creative descriptions of human speech attributes (such as voice characteristics, delivery style-tone, speed, intonation, pace, pronunciation, apparent gender, age range, or accent, etc.).



The ideal candidate should have idiomatic fluency in German (Germany), advanced level of English and excellent listening and language skills; great attention to detail; and a strong command of grammar rules.



Job requirements

- Idiomatic fluency in German (Germany).
- Advanced English.
- Be located in Germany.
- Excellent writing and spelling/grammar skills in German.
- Pass an audio annotation test (estimated duration is 25 minutes).
- Ability to work independently and meet deadlines effectively.
- Ability to follow detailed project guidelines.
- Exceptional attention to detail and the ability to deliver error-free work.
- Familiarity with annotation/transcription online tools is preferred.
- As part of the application process, you are required to complete a 1-minute questionnaire, which will be sent to you via email from a dataforce.recruitee.com domain after you click Apply to submit your application.



DataForce by TransPerfect is part of the TransPerfect family of companies, the world’s largest provider of language and technology solutions for global business, with offices in more than 100 cities worldwide.



DataForce by TransPerfect offers high-quality data for Human-Machine Interaction to some of the most prestigious technology companies in the world. Our department focuses on gathering, enriching and processing data for Machine Learning in different AI domains.



To learn more about DataForce please visit us at https://www.transperfect.com/dataforce",TransPerfect,https://www.linkedin.com/company/transperfect?trk=public_jobs_topcard-org-name,https://at.linkedin.com/jobs/view/freelance-audio-annotators-german-at-transperfect-4323540103?trk=public_jobs_topcard-title,2025-11-20 09:50:57,,,1
4323449861,Freelance Audio Annotators - German,"Work Location : Remote/Work from home (Germany)

Engagement Model: Freelance/Independent contractor

Work Schedule: Flexible schedule (preferred weekly availability is 20 hours or more)

Language Needed: German (Germany)

Expected Project Start : November 2025

Estimated Project End: End of December 2025



DataForce by TransPerfect is looking for freelance German speaking Annotators to be part of an innovative project related to Artificial Intelligence.



ROLE DESCRIPTION

As an Audio Annotator, you will be responsible for listening to short audio recordings in German to generate detailed, accurate, and creative descriptions of human speech attributes (such as voice characteristics, delivery style-tone, speed, intonation, pace, pronunciation, apparent gender, age range, or accent, etc.).



The ideal candidate should have idiomatic fluency in German (Germany), advanced level of English and excellent listening and language skills; great attention to detail; and a strong command of grammar rules.



Job requirements

- Idiomatic fluency in German (Germany).
- Advanced English.
- Be located in Germany.
- Excellent writing and spelling/grammar skills in German.
- Pass an audio annotation test (estimated duration is 25 minutes).
- Ability to work independently and meet deadlines effectively.
- Ability to follow detailed project guidelines.
- Exceptional attention to detail and the ability to deliver error-free work.
- Familiarity with annotation/transcription online tools is preferred.
- As part of the application process, you are required to complete a 1-minute questionnaire, which will be sent to you via email from a dataforce.recruitee.com domain after you click Apply to submit your application.



DataForce by TransPerfect is part of the TransPerfect family of companies, the world’s largest provider of language and technology solutions for global business, with offices in more than 100 cities worldwide.



DataForce by TransPerfect offers high-quality data for Human-Machine Interaction to some of the most prestigious technology companies in the world. Our department focuses on gathering, enriching and processing data for Machine Learning in different AI domains.



To learn more about DataForce please visit us at https://www.transperfect.com/dataforce",TransPerfect,https://www.linkedin.com/company/transperfect?trk=public_jobs_topcard-org-name,https://at.linkedin.com/jobs/view/freelance-audio-annotators-german-at-transperfect-4323449861?trk=public_jobs_topcard-title,2025-11-20 09:50:58,,,1
4323389822,Freelance Audio Annotators - German,"Work Location : Remote/Work from home (Germany)

Engagement Model: Freelance/Independent contractor

Work Schedule: Flexible schedule (preferred weekly availability is 20 hours or more)

Language Needed: German (Germany)

Expected Project Start : November 2025

Estimated Project End: End of December 2025



DataForce by TransPerfect is looking for freelance German speaking Annotators to be part of an innovative project related to Artificial Intelligence.



ROLE DESCRIPTION

As an Audio Annotator, you will be responsible for listening to short audio recordings in German to generate detailed, accurate, and creative descriptions of human speech attributes (such as voice characteristics, delivery style-tone, speed, intonation, pace, pronunciation, apparent gender, age range, or accent, etc.).



The ideal candidate should have idiomatic fluency in German (Germany), advanced level of English and excellent listening and language skills; great attention to detail; and a strong command of grammar rules.



Job requirements

- Idiomatic fluency in German (Germany).
- Advanced English.
- Be located in Germany.
- Excellent writing and spelling/grammar skills in German.
- Pass an audio annotation test (estimated duration is 25 minutes).
- Ability to work independently and meet deadlines effectively.
- Ability to follow detailed project guidelines.
- Exceptional attention to detail and the ability to deliver error-free work.
- Familiarity with annotation/transcription online tools is preferred.
- As part of the application process, you are required to complete a 1-minute questionnaire, which will be sent to you via email from a dataforce.recruitee.com domain after you click Apply to submit your application.



DataForce by TransPerfect is part of the TransPerfect family of companies, the world’s largest provider of language and technology solutions for global business, with offices in more than 100 cities worldwide.



DataForce by TransPerfect offers high-quality data for Human-Machine Interaction to some of the most prestigious technology companies in the world. Our department focuses on gathering, enriching and processing data for Machine Learning in different AI domains.



To learn more about DataForce please visit us at https://www.transperfect.com/dataforce",TransPerfect,https://www.linkedin.com/company/transperfect?trk=public_jobs_topcard-org-name,https://at.linkedin.com/jobs/view/freelance-audio-annotators-german-at-transperfect-4323389822?trk=public_jobs_topcard-title,2025-11-20 09:51:00,,,1
4323510165,Freelance Audio Annotators - German,"Work Location : Remote/Work from home (Germany)

Engagement Model: Freelance/Independent contractor

Work Schedule: Flexible schedule (preferred weekly availability is 20 hours or more)

Language Needed: German (Germany)

Expected Project Start : November 2025

Estimated Project End: End of December 2025



DataForce by TransPerfect is looking for freelance German speaking Annotators to be part of an innovative project related to Artificial Intelligence.



ROLE DESCRIPTION

As an Audio Annotator, you will be responsible for listening to short audio recordings in German to generate detailed, accurate, and creative descriptions of human speech attributes (such as voice characteristics, delivery style-tone, speed, intonation, pace, pronunciation, apparent gender, age range, or accent, etc.).



The ideal candidate should have idiomatic fluency in German (Germany), advanced level of English and excellent listening and language skills; great attention to detail; and a strong command of grammar rules.



Job requirements

- Idiomatic fluency in German (Germany).
- Advanced English.
- Be located in Germany.
- Excellent writing and spelling/grammar skills in German.
- Pass an audio annotation test (estimated duration is 25 minutes).
- Ability to work independently and meet deadlines effectively.
- Ability to follow detailed project guidelines.
- Exceptional attention to detail and the ability to deliver error-free work.
- Familiarity with annotation/transcription online tools is preferred.
- As part of the application process, you are required to complete a 1-minute questionnaire, which will be sent to you via email from a dataforce.recruitee.com domain after you click Apply to submit your application.



DataForce by TransPerfect is part of the TransPerfect family of companies, the world’s largest provider of language and technology solutions for global business, with offices in more than 100 cities worldwide.



DataForce by TransPerfect offers high-quality data for Human-Machine Interaction to some of the most prestigious technology companies in the world. Our department focuses on gathering, enriching and processing data for Machine Learning in different AI domains.



To learn more about DataForce please visit us at https://www.transperfect.com/dataforce",TransPerfect,https://www.linkedin.com/company/transperfect?trk=public_jobs_topcard-org-name,https://at.linkedin.com/jobs/view/freelance-audio-annotators-german-at-transperfect-4323510165?trk=public_jobs_topcard-title,2025-11-20 09:51:01,,,1
4337114641,Account Manager Facade – Projektsalg - Danmark,"Trespa International B.V. er en førende innovator inden for arkitektoniske panelmaterialer og er internationalt anerkendt som den førende udvikler af højkvalitets paneler til beklædning, dekorative facader og Scientific Surface Solutions. Siden grundlæggelsen i 1960 har Trespa arbejdet tæt sammen med arkitekter, designere, installatører, distributører og slutbrugere over hele verden. Trespas fokus er på produktudvikling, hvor specielle produktionsteknologier kombineres med intelligente løsninger til arkitektoniske anvendelser. Med et unikt perspektiv på de vigtigste udfordringer og krav på markedet har Trespa altid været passioneret og energisk i sin forpligtelse til at levere innovative, æstetisk tiltalende og højkvalitetsløsninger til en række arkitektoniske behov. Trespa er en del af Broadview Holding Group, et internationalt holdingselskab, der er aktivt inden for to industriklynger: Materialeteknologi og energi. Andre virksomheder i koncernen omfatter Arpa Industriale, Westag & Getalit, Formica og Homapal.

Til vores Trespa-salgsteam søger vi en entusiastisk og drevet



Account Manager Facade – Projektsalg - Danmark



der har den rette kommercielle sans og overbevisende evne til at vedligeholde og udvide kundeporteføljen.





Din rolle som Account Manager Facade:

Som Account Manager Facade vil du støtte projektforretningen i dit område ved at søge, skabe og koordinere projekter med kunder, arkitekter, designere og andre interessenter med det formål at generere salg. Du vil arbejde tæt sammen med de andre internationale salgskolleger i dit team: Inside Sales-medarbejderne, teknisk support, marketing , compliance og andre kolleger. Du vil rapportere til salgschefen for Skandinavien.



Dine hovedopgaver er:

- Du vil udvikle og implementere en årlig salgsvækstplan for dit eget område baseret på udviklingsbehov og tendenser og i overensstemmelse med vores retningslinjer for kommerciel excellence.
- Baseret på din salgsplan vil du generere salgsvækst, udvikle forbedringer og foreslå nye initiativer.
- Du vil promovere vores produkter og deres specifikationer over for kunder, arkitekter, designere og andre interessenter og skabe ny efterspørgsel ved at fremhæve vores unikke salgsargumenter og kerneværdier.
- Du forstår dine kunders behov og stræber efter at imødekomme dem så godt som muligt – ved at finde løsninger, der fører til win-win-resultater og langvarige forretningsforhold.
- Du planlægger dine aktiviteter proaktivt med fokus på projekter og kunder med stort potentiale, samtidig med at du løbende overvåger og forbedrer dine egne fremskridt.
- Du sikrer, at vores CRM-system altid er opdateret med relevante data, og bruger det aktivt til at planlægge, spore og justere dine aktiviteter.
- Du vedligeholder og styrker dit eksisterende netværk af kunder og partnere med stort potentiale, samtidig med at du løbende søger muligheder for at udvide det. Du mødes regelmæssigt med dem og sikrer, at de modtager de nyeste oplysninger og uddannelse om Trespa-produkter.
- Du arbejder tæt sammen med kolleger både i marken og på kontoret samt med supportafdelingerne. Naturligvis følger du vores compliance-regler og handler i overensstemmelse med Trespas værdier og standarder.





Hvad du bidrager med:

- En bachelorgrad i salg, marketing, erhvervsadministration eller et beslægtet område.
- Flere års erfaring i en salgsrolle, helst inden for bygge- eller byggematerialesektoren.
- Gode mundtlige og skriftlige kommunikationsevner.
- Du har gode sprogkundskaber i dansk og engelsk.
- Erfaring med CRM og Microsoft Office-værktøjer.
- En proaktiv tankegang, fremragende tidsstyringsfærdigheder og en samarbejdsorienteret tilgang.
- En passion for at opbygge kunderelationer – du nyder at være Trespas ansigt i dit område og regelmæssigt besøge kunder.
- Du bor i København-området.





Hvad du kan forvente af os:

- Et succesfuldt team af uafhængige, talentfulde og ambitiøse kolleger, der værdsætter godt samarbejde.
- Plads til at arbejde selvstændigt og med en høj grad af personligt ansvar.
- Bidrag til vores vækststrategi.
- Fremragende primære og sekundære ansættelsesvilkår, herunder:
- En konkurrencedygtig løn
- En attraktiv bonus
- En firmabil, telefon og bærbar computer.
- Masser af muligheder for videreudvikling.
- En sjov og udfordrende rolle.
- Et omfattende introduktions- og oplæringsprogram, der forbereder dig til jobbet



Er du interesseret?

Vil du gerne arbejde hos Trespa som Account Manager Façade ? Så svar via knappen ""Ansøg nu"" på vores hjemmeside.

Hvis du har spørgsmål, kan du kontakte Annelies Walta, HR Business Partner, via e-mail påa.walta@trespa.com",Trespa,https://nl.linkedin.com/company/trespa?trk=public_jobs_topcard-org-name,https://dk.linkedin.com/jobs/view/account-manager-facade-%E2%80%93-projektsalg-danmark-at-trespa-4337114641?trk=public_jobs_topcard-title,2025-11-20 10:50:00,Annelies Walta,https://nl.linkedin.com/in/annelieswalta,1
4341991742,Freelance Software Engineer,"- Design and implement system-level functionality using Rust
- Write efficient, maintainable, and robust code with a focus on performance and reliability
- Collaborate directly with the project owner to define architecture and technical direction
- Apply best practices in async Rust, memory management, and performance optimization
- Participate in code reviews and provide constructive feedback
- Mentor and support the project owner in Rust development concepts and problem-solving
- Communicate progress, challenges, and solutions clearly and proactively

- Proven hands-on experience with Rust in production or advanced personal projects
- Strong background in systems programming and low-level software design
- Expertise in async Rust, memory management, and performance tuning
- Ability to architect scalable and maintainable solutions
- Excellent communication skills and a collaborative approach
- Experience with remote, flexible, and self-directed work environments
- Availability for consistent, part-time engagement over the long term",Twine,https://uk.linkedin.com/company/twine-net?trk=public_jobs_topcard-org-name,https://ch.linkedin.com/jobs/view/freelance-software-engineer-at-twine-4341991742?trk=public_jobs_topcard-title,2025-11-20 11:20:09,,,6
4347011843,Web Developer,"- Develop, test, and deploy a robust web application according to project specifications
- Collaborate with internal stakeholders to gather requirements and provide technical input
- Ensure code quality, maintainability, and scalability throughout the development lifecycle
- Troubleshoot and resolve technical issues as they arise
- Provide documentation and support for the delivered solution

- Proven experience as a web developer, with a strong portfolio of completed projects
- Proficiency in modern web development technologies (such as HTML5, CSS3, JavaScript, and relevant frameworks)
- Experience with backend development and database integration
- Ability to work independently and communicate effectively with remote teams
- Strong problem-solving skills and attention to detail
- Must be based in Italy and available for ongoing collaboration
- Fluency in Italian is highly preferred",Twine,https://uk.linkedin.com/company/twine-net?trk=public_jobs_topcard-org-name,https://it.linkedin.com/jobs/view/web-developer-at-twine-4347011843?trk=public_jobs_topcard-title,2025-11-20 11:26:59,,,5
4341991743,Freelance Software Engineer,"- Design and implement system-level functionality using Rust
- Write efficient, maintainable, and robust code with a focus on performance and reliability
- Collaborate directly with the project owner to define architecture and technical direction
- Apply best practices in async Rust, memory management, and performance optimization
- Participate in code reviews and provide constructive feedback
- Mentor and support the project owner in Rust development concepts and problem-solving
- Communicate progress, challenges, and solutions clearly and proactively

- Proven hands-on experience with Rust in production or advanced personal projects
- Strong background in systems programming and low-level software design
- Expertise in async Rust, memory management, and performance tuning
- Ability to architect scalable and maintainable solutions
- Excellent communication skills and a collaborative approach
- Experience with remote, flexible, and self-directed work environments
- Availability for consistent, part-time engagement over the long term",Twine,https://uk.linkedin.com/company/twine-net?trk=public_jobs_topcard-org-name,https://uk.linkedin.com/jobs/view/freelance-software-engineer-at-twine-4341991743?trk=public_jobs_topcard-title,2025-11-20 11:43:28,,,4
4341863592,3D Designer – Remote,"- Develop detailed 3D renderings for custom retail display solutions based on provided concepts and reference materials.
- Translate design briefs and sample documents into visually engaging, accurate 3D models.
- Ensure all renderings meet quality standards for presentation and client review.
- Collaborate with stakeholders to refine and adjust designs as needed.
- Deliver final assets in required formats within agreed timelines.

- Proven experience in 3D rendering and industrial design, specifically for retail environments.
- Proficiency with industry-standard 3D software (e.g., 3ds Max, Cinema 4D, Blender, or similar).
- Strong portfolio demonstrating retail display or similar commercial 3D projects.
- Excellent attention to detail and ability to interpret design briefs.
- Ability to work independently and communicate effectively in a remote setting.
- Availability for a single project with openness to future collaboration.",Twine,https://uk.linkedin.com/company/twine-net?trk=public_jobs_topcard-org-name,https://ch.linkedin.com/jobs/view/3d-designer-%E2%80%93-remote-at-twine-4341863592?trk=public_jobs_topcard-title,2025-11-20 17:20:01,,,1
4341853677,Content Creator – Remote,"- Develop and execute a content calendar aligned with brand objectives and seasonal campaigns
- Create engaging written, visual, and video content for social media, blogs, and newsletters
- Collaborate with the team to highlight product stories, sourcing practices, and customer experiences
- Monitor content performance and adjust strategies to maximize reach and engagement
- Ensure all content reflects the brand’s values and messaging

- Proven experience in content creation, preferably within the food, wellness, or lifestyle sectors
- Strong writing, editing, and visual storytelling skills
- Proficiency with content creation tools (e.g., Canva, Adobe Creative Suite, video editing software)
- Familiarity with social media platforms and digital marketing best practices
- Ability to work independently, manage deadlines, and adapt to feedback
- Passion for organic foods and sustainable sourcing
- Availability for part-time, remote contract work",Twine,https://uk.linkedin.com/company/twine-net?trk=public_jobs_topcard-org-name,https://ch.linkedin.com/jobs/view/content-creator-%E2%80%93-remote-at-twine-4341853677?trk=public_jobs_topcard-title,2025-11-20 17:20:03,,,1
4341953483,Audio Engineer (Remote),"- Align background music tracks precisely with voiceover recordings
- Adjust audio levels and timing to achieve a balanced and cohesive sound
- Collaborate with the project editor to understand creative direction and desired outcomes
- Review and revise audio syncs based on feedback to ensure high-quality results
- Deliver final audio files in the required format and within the agreed timeline

- Demonstrated experience in audio editing and music synchronization
- Proficiency with digital audio workstations (DAWs) such as Audacity, FL Studio, or similar software
- Strong attention to detail and ability to match music cues with spoken content
- Basic understanding of mixing and mastering principles
- Ability to communicate effectively and respond promptly to feedback
- Availability for a short-term, remote engagement
- Prior experience with BGM and voiceover projects is preferred",Twine,https://uk.linkedin.com/company/twine-net?trk=public_jobs_topcard-org-name,https://ch.linkedin.com/jobs/view/audio-engineer-remote-at-twine-4341953483?trk=public_jobs_topcard-title,2025-11-20 17:20:05,,,1
4341981840,Freelance Web Designer – Redesign,"- Audit the current WooCommerce WordPress website to identify design and functionality issues
- Redesign key pages to improve user experience and visual appeal
- Implement fixes for any technical problems affecting site performance or e-commerce functionality
- Ensure the website is responsive and optimized for all devices
- Test all updates to guarantee smooth checkout and browsing experiences
- Provide documentation or recommendations for ongoing site maintenance

- Proven experience designing and developing WordPress and WooCommerce websites
- Strong understanding of e-commerce best practices and user experience design
- Proficiency in HTML, CSS, and basic PHP for WordPress customization
- Ability to troubleshoot and resolve technical issues efficiently
- Experience with responsive and mobile-first web design
- Excellent communication skills and ability to work independently
- Availability for a short-term project with potential for future collaboration
- Remote work capability; based in Brussels is a plus but not required",Twine,https://uk.linkedin.com/company/twine-net?trk=public_jobs_topcard-org-name,https://ch.linkedin.com/jobs/view/freelance-web-designer-%E2%80%93-redesign-at-twine-4341981840?trk=public_jobs_topcard-title,2025-11-20 11:20:46,,,1
4341943514,Video Editor (Part-Time),"- Edit and assemble raw footage into polished YouTube vlogs and talking head videos
- Incorporate graphics, transitions, and effects to enhance viewer engagement
- Optimize video pacing, audio, and color grading for a professional finish
- Collaborate on creative direction to ensure content aligns with the channel’s style and audience expectations
- Deliver final videos in required formats and within agreed timelines

- Proven experience editing YouTube or social media video content, preferably vlogs or talking head formats
- Proficiency with industry-standard editing software (e.g., Adobe Premiere Pro, Final Cut Pro, DaVinci Resolve)
- Strong sense of visual storytelling, pacing, and audience engagement strategies
- Ability to work independently and manage multiple projects remotely
- Excellent communication skills and responsiveness
- Availability for part-time, contract-based work",Twine,https://uk.linkedin.com/company/twine-net?trk=public_jobs_topcard-org-name,https://ch.linkedin.com/jobs/view/video-editor-part-time-at-twine-4341943514?trk=public_jobs_topcard-title,2025-11-20 17:20:47,,,1
4341883584,Freelance Content Creator – Part time,"- Develop and produce original content for digital platforms, including social media, blogs, and company websites
- Edit and proofread content to ensure clarity, accuracy, and consistency with brand guidelines
- Collaborate with internal stakeholders to understand content needs and objectives
- Adapt content style and format to suit different channels and target audiences
- Meet project deadlines and deliver content according to the agreed schedule

- Demonstrated experience in content creation, such as writing, editing, or multimedia production
- Strong command of written English and attention to detail
- Proficiency with content creation tools (e.g., Canva, Adobe Creative Suite, or similar)
- Ability to work independently and manage multiple projects simultaneously
- Creative mindset with the ability to generate fresh ideas and adapt to feedback
- Reliable internet connection and availability for remote collaboration
- Open to entry-level candidates with a strong portfolio or relevant coursework",Twine,https://uk.linkedin.com/company/twine-net?trk=public_jobs_topcard-org-name,https://ch.linkedin.com/jobs/view/freelance-content-creator-%E2%80%93-part-time-at-twine-4341883584?trk=public_jobs_topcard-title,2025-11-20 17:21:10,,,1
4341882036,Music Composer – Remote,"- Compose an original piece of music tailored to a four-stanza Christmas poem
- Collaborate closely to ensure the music complements the poem’s tone and message
- Deliver a finished composition of at least one minute in duration
- Provide digital files in a suitable format for vocal performance
- Communicate progress and incorporate feedback as needed
- Meet agreed-upon deadlines for project completion

- Demonstrated ability to compose original music, preferably with experience in vocal or choral arrangements
- Creativity and sensitivity to poetic themes and emotional nuance
- Proficiency with music composition software (e.g., Sibelius, Finale, Logic Pro, or similar)
- Ability to work independently and manage remote collaboration
- Strong communication skills and openness to feedback
- Availability to begin work promptly and deliver within the project timeline",Twine,https://uk.linkedin.com/company/twine-net?trk=public_jobs_topcard-org-name,https://ch.linkedin.com/jobs/view/music-composer-%E2%80%93-remote-at-twine-4341882036?trk=public_jobs_topcard-title,2025-11-20 11:21:28,,,1
4341921888,Freelance Marketing (Remote),"- Develop and implement a comprehensive marketing plan for the software product
- Conduct market research to identify target audiences and competitive positioning
- Create engaging content for digital channels, including social media, blogs, and email campaigns
- Manage branding initiatives to enhance product visibility and reputation
- Monitor and analyze campaign performance, providing actionable insights for optimization
- Collaborate with the development team to align marketing strategies with product features and updates

- Proven experience in digital marketing, preferably within the software or technology sector
- Strong understanding of branding principles and digital marketing channels
- Ability to develop and execute strategic marketing plans
- Proficiency in content creation, social media management, and analytics tools
- Excellent communication and organizational skills
- Strategic mindset with the ability to work independently and remotely
- Availability for a single project with potential for follow-up work",Twine,https://uk.linkedin.com/company/twine-net?trk=public_jobs_topcard-org-name,https://ch.linkedin.com/jobs/view/freelance-marketing-remote-at-twine-4341921888?trk=public_jobs_topcard-title,2025-11-20 11:22:02,,,1
4347033502,Freelance Video Editor - Ecommerce,"- Edit video content from 4 UGC creators per month, producing approximately 12 unique edits with multiple hook variations
- Create 4 storytelling video ads monthly using stock or AI-generated footage tailored to campaign objectives
- Collaborate with the creative and marketing teams to ensure all edits align with brand guidelines and performance goals
- Implement feedback efficiently to optimize video performance across various social platforms
- Stay updated on the latest trends in social media advertising, especially within the health and wellness sector
- Manage project timelines to deliver high-quality edits within agreed deadlines

- Proven experience editing performance-driven social media ads, preferably for ecommerce brands
- Proficiency with industry-standard video editing software (e.g., Adobe Premiere Pro, Final Cut Pro, or DaVinci Resolve)
- Strong storytelling skills and the ability to craft engaging narratives from UGC, stock, or AI-generated footage
- Familiarity with social media ad formats and best practices for platforms such as Facebook, Instagram, and TikTok
- Excellent attention to detail and ability to produce multiple creative variations efficiently
- Experience in the health and wellness sector is a plus
- Strong communication skills and ability to work independently in a remote setting
- Reliable internet connection and availability for ongoing collaboration",Twine,https://uk.linkedin.com/company/twine-net?trk=public_jobs_topcard-org-name,https://ch.linkedin.com/jobs/view/freelance-video-editor-ecommerce-at-twine-4347033502?trk=public_jobs_topcard-title,2025-11-20 17:22:23,,,1
4341923564,Freelance Photo Editor,"- Edit 5–8 individual photos for each of approximately 300 athletes, ensuring consistency and quality across all images
- Apply minor retouching, color correction, cropping, and exposure adjustments as needed
- Prepare final images in the required formats for digital delivery
- Maintain an organized workflow to manage a large volume of files efficiently
- Deliver all edited photos by the agreed deadline

- Proven experience in photo editing, preferably within sports, events, or portrait photography
- Proficiency with Adobe Photoshop, Lightroom, or equivalent professional photo editing software
- Strong attention to detail and ability to maintain consistency across a large batch of images
- Excellent time management skills to meet tight deadlines
- Ability to work independently and communicate effectively in a remote setting
- Reliable internet connection and access to necessary editing tools
- Availability to start promptly and deliver by January 20",Twine,https://uk.linkedin.com/company/twine-net?trk=public_jobs_topcard-org-name,https://ch.linkedin.com/jobs/view/freelance-photo-editor-at-twine-4341923564?trk=public_jobs_topcard-title,2025-11-20 17:22:25,,,1
4341822159,Music Producer (Remote),"- Produce, arrange, and mix four original songs for the EP
- Collaborate closely with the artist to refine song structure, instrumentation, and overall sound
- Provide creative input on genre, style, and sonic direction
- Deliver high-quality, industry-standard masters ready for distribution
- Communicate progress and incorporate feedback throughout the production process

- Proven experience producing and mixing music, preferably for EPs or similar projects
- Proficiency with industry-standard DAWs and production software (e.g., Ableton Live, Logic Pro, Pro Tools)
- Strong understanding of current music trends and genres
- Excellent communication and collaboration skills, with the ability to interpret and realize an artist’s vision
- Ability to work remotely and manage project timelines independently
- Portfolio or examples of previous production work required",Twine,https://uk.linkedin.com/company/twine-net?trk=public_jobs_topcard-org-name,https://ch.linkedin.com/jobs/view/music-producer-remote-at-twine-4341822159?trk=public_jobs_topcard-title,2025-11-20 11:22:58,,,1
4347041743,Video Editor - Contract,"- Develop a visually engaging teaser video that effectively presents the musician’s style and strengths
- Integrate animation and graphic elements to enhance storytelling and visual appeal
- Collaborate on creative direction, offering input on structure, pacing, and visual themes
- Sync video with music and audio to ensure a polished, professional result
- Prepare final deliverables in formats suitable for digital sharing and professional presentations

- Proven experience in video editing, animation, and graphic design, preferably within the music or performing arts sector
- Proficiency with industry-standard software such as Adobe Premiere Pro, After Effects, and Photoshop
- Strong sense of visual storytelling and ability to translate artistic concepts into engaging video content
- Solid understanding of audio editing and synchronization with video
- Ability to work independently, communicate effectively, and meet project deadlines
- Remote work capability with reliable internet access
- Availability for potential follow-up projects",Twine,https://uk.linkedin.com/company/twine-net?trk=public_jobs_topcard-org-name,https://ch.linkedin.com/jobs/view/video-editor-contract-at-twine-4347041743?trk=public_jobs_topcard-title,2025-11-20 11:23:01,,,1
4341973404,3D Designer – Remote,"- Develop detailed 3D renderings for custom retail display solutions based on provided concepts and reference materials.
- Translate design briefs and sample documents into visually engaging, accurate 3D models.
- Ensure all renderings meet quality standards for presentation and client review.
- Collaborate with stakeholders to refine and adjust designs as needed.
- Deliver final assets in required formats within agreed timelines.

- Proven experience in 3D rendering and industrial design, specifically for retail environments.
- Proficiency with industry-standard 3D software (e.g., 3ds Max, Cinema 4D, Blender, or similar).
- Strong portfolio demonstrating retail display or similar commercial 3D projects.
- Excellent attention to detail and ability to interpret design briefs.
- Ability to work independently and communicate effectively in a remote setting.
- Availability for a single project with openness to future collaboration.",Twine,https://uk.linkedin.com/company/twine-net?trk=public_jobs_topcard-org-name,https://uk.linkedin.com/jobs/view/3d-designer-%E2%80%93-remote-at-twine-4341973404?trk=public_jobs_topcard-title,2025-11-20 17:42:38,,,1
4341953485,Freelance Content Creator – Part time,"- Develop and produce original content for digital platforms, including social media, blogs, and company websites
- Edit and proofread content to ensure clarity, accuracy, and consistency with brand guidelines
- Collaborate with internal stakeholders to understand content needs and objectives
- Adapt content style and format to suit different channels and target audiences
- Meet project deadlines and deliver content according to the agreed schedule

- Demonstrated experience in content creation, such as writing, editing, or multimedia production
- Strong command of written English and attention to detail
- Proficiency with content creation tools (e.g., Canva, Adobe Creative Suite, or similar)
- Ability to work independently and manage multiple projects simultaneously
- Creative mindset with the ability to generate fresh ideas and adapt to feedback
- Reliable internet connection and availability for remote collaboration
- Open to entry-level candidates with a strong portfolio or relevant coursework",Twine,https://uk.linkedin.com/company/twine-net?trk=public_jobs_topcard-org-name,https://uk.linkedin.com/jobs/view/freelance-content-creator-%E2%80%93-part-time-at-twine-4341953485?trk=public_jobs_topcard-title,2025-11-20 17:42:40,,,1
4341832027,Freelance Web Designer – Redesign,"- Audit the current WooCommerce WordPress website to identify design and functionality issues
- Redesign key pages to improve user experience and visual appeal
- Implement fixes for any technical problems affecting site performance or e-commerce functionality
- Ensure the website is responsive and optimized for all devices
- Test all updates to guarantee smooth checkout and browsing experiences
- Provide documentation or recommendations for ongoing site maintenance

- Proven experience designing and developing WordPress and WooCommerce websites
- Strong understanding of e-commerce best practices and user experience design
- Proficiency in HTML, CSS, and basic PHP for WordPress customization
- Ability to troubleshoot and resolve technical issues efficiently
- Experience with responsive and mobile-first web design
- Excellent communication skills and ability to work independently
- Availability for a short-term project with potential for future collaboration
- Remote work capability; based in Brussels is a plus but not required",Twine,https://uk.linkedin.com/company/twine-net?trk=public_jobs_topcard-org-name,https://uk.linkedin.com/jobs/view/freelance-web-designer-%E2%80%93-redesign-at-twine-4341832027?trk=public_jobs_topcard-title,2025-11-20 11:42:43,,,1
4341933613,Freelance Photo Editor,"- Edit 5–8 individual photos for each of approximately 300 athletes, ensuring consistency and quality across all images
- Apply minor retouching, color correction, cropping, and exposure adjustments as needed
- Prepare final images in the required formats for digital delivery
- Maintain an organized workflow to manage a large volume of files efficiently
- Deliver all edited photos by the agreed deadline

- Proven experience in photo editing, preferably within sports, events, or portrait photography
- Proficiency with Adobe Photoshop, Lightroom, or equivalent professional photo editing software
- Strong attention to detail and ability to maintain consistency across a large batch of images
- Excellent time management skills to meet tight deadlines
- Ability to work independently and communicate effectively in a remote setting
- Reliable internet connection and access to necessary editing tools
- Availability to start promptly and deliver by January 20",Twine,https://uk.linkedin.com/company/twine-net?trk=public_jobs_topcard-org-name,https://uk.linkedin.com/jobs/view/freelance-photo-editor-at-twine-4341933613?trk=public_jobs_topcard-title,2025-11-20 17:42:45,,,1
4341872011,Music Composer – Remote,"- Compose an original piece of music tailored to a four-stanza Christmas poem
- Collaborate closely to ensure the music complements the poem’s tone and message
- Deliver a finished composition of at least one minute in duration
- Provide digital files in a suitable format for vocal performance
- Communicate progress and incorporate feedback as needed
- Meet agreed-upon deadlines for project completion

- Demonstrated ability to compose original music, preferably with experience in vocal or choral arrangements
- Creativity and sensitivity to poetic themes and emotional nuance
- Proficiency with music composition software (e.g., Sibelius, Finale, Logic Pro, or similar)
- Ability to work independently and manage remote collaboration
- Strong communication skills and openness to feedback
- Availability to begin work promptly and deliver within the project timeline",Twine,https://uk.linkedin.com/company/twine-net?trk=public_jobs_topcard-org-name,https://uk.linkedin.com/jobs/view/music-composer-%E2%80%93-remote-at-twine-4341872011?trk=public_jobs_topcard-title,2025-11-20 11:43:25,,,1
4341953489,Content Creator – Remote,"- Develop and execute a content calendar aligned with brand objectives and seasonal campaigns
- Create engaging written, visual, and video content for social media, blogs, and newsletters
- Collaborate with the team to highlight product stories, sourcing practices, and customer experiences
- Monitor content performance and adjust strategies to maximize reach and engagement
- Ensure all content reflects the brand’s values and messaging

- Proven experience in content creation, preferably within the food, wellness, or lifestyle sectors
- Strong writing, editing, and visual storytelling skills
- Proficiency with content creation tools (e.g., Canva, Adobe Creative Suite, video editing software)
- Familiarity with social media platforms and digital marketing best practices
- Ability to work independently, manage deadlines, and adapt to feedback
- Passion for organic foods and sustainable sourcing
- Availability for part-time, remote contract work",Twine,https://uk.linkedin.com/company/twine-net?trk=public_jobs_topcard-org-name,https://uk.linkedin.com/jobs/view/content-creator-%E2%80%93-remote-at-twine-4341953489?trk=public_jobs_topcard-title,2025-11-20 17:44:01,,,1
4347043609,Quality Assurance Automation Engineer,"Telford – (2 days per month)



🕒 6-month Contract







We are seeking an experienced Quality Engineer / QA Automation Engineer (SC CLEARED) to lead the design and implementation of a new automation testing framework across UI, API, and data pipelines. This role is highly hands-on and requires someone confident in owning the automation approach end-to-end.

You’ll be working within a SAS Viya–based data and analytics environment , so strong experience testing complex data platforms is essential.



Key Responsibilities

- Design, build, and maintain a scalable automation framework from the ground up.
- Develop automated tests across UI, API, data workflows, and integrations .
- Integrate automated tests into CI/CD pipelines (Git-based).
- Support regression, integration, and performance testing coverage.
- Troubleshoot issues across containerised environments (Docker, Kubernetes, OpenShift).
- Collaborate closely with developers, DevOps, BAs, and stakeholders in an Agile environment .
- Lead and promote automation best practices , ensuring robust quality and reliable delivery.



Automation & Scripting

- Proven experience building automation frameworks (not only using existing ones).
- Strong hands-on experience with Selenium, PyTest, JUnit , or similar tools.
- Python scripting proficiency (Shell scripting beneficial).



Data & Analytics Platform Testing

- Experience testing data/analytics platforms — experience with SAS Viya 4 is essential (Visual Analytics, Intelligent Decisioning, data pipelines).
- Ability to design and execute tests across data workflows and integrated systems .



API & Integration Testing

- Strong understanding of REST APIs and automated API testing techniques.



CI/CD & Version Control

- Hands-on experience with Git workflows and integrating tests into Jenkins, GitLab CI , or similar.



Containers & Environments

- Understanding of Docker, Kubernetes, OpenShift , and troubleshooting within containerised test environments.

",TXP,https://uk.linkedin.com/company/txp-technology-x-people?trk=public_jobs_topcard-org-name,https://uk.linkedin.com/jobs/view/quality-assurance-automation-engineer-at-txp-4347043609?trk=public_jobs_topcard-title,2025-11-20 18:41:06,Sandra Piginaite,https://uk.linkedin.com/in/sandra-piginaite-8061941a5,6
4341951616,Cloud Engineer,"Job Title: Cloud Native Developer

Location: Frankfurt, Germany

Duration: 6 Months

Employment Type: Contract B2B



Roles & Responsibilities:

We’re looking for a Cloud-Native Developer with strong Golang experience and hands-on Kubernetes skills to build and maintain platform services, operators, automation, and cloud-native tooling.

Responsibilities:

- Develop backend components and tooling using Golang .
- Work with Kubernetes , including CRDs, Operators, Helm/Kustomize, and debugging workloads.
- Build observability features using Prometheus , metrics, logs, and health checks.
- Create CI/CD pipelines and GitOps workflows using GitHub Actions and automation scripts.
- Work with REST APIs , distributed systems, and microservice patterns.
- Support deployments using Helm , Kustomize , and Terraform .
- Contribute to documentation, code reviews, and Agile ceremonies.

Required Skills:

- 3+ years Go development.
- Strong Kubernetes experience (deployments, debugging, kubectl).
- Knowledge of microservices, distributed systems, and cloud-native patterns.
- Experience with Prometheus , OpenSearch, and observability tooling.
- CI/CD & GitOps using GitHub Actions and Git.
- Strong API integration skills and English communication.

Nice to Have:

- Kubernetes Operator development (client-go).
- Knowledge of control plane internals or bare-metal clusters.
- CKA/CKAD certification.
- Cloud experience (AWS/GCP/Azure/OpenStack).
- SQL/MariaDB familiarity.",Ubique Systems,https://uk.linkedin.com/company/ubique-systems?trk=public_jobs_topcard-org-name,https://de.linkedin.com/jobs/view/cloud-engineer-at-ubique-systems-4341951616?trk=public_jobs_topcard-title,2025-11-20 10:16:42,Shshank Sourabh,https://uk.linkedin.com/in/shshank-sourabh-70552758,5
4341921593,Senior Business Analyst,"Greetings from Ubique Systems!!!







We are looking for a Senior Business Analyst for one of our customer who has an expertise in:-





- 9–12+ years of experience in business analysis, process improvement, or related roles.
- Proven experience leading large or complex business transformation or IT projects.
- Experience with methodologies such as Agile, Scrum, or Waterfall.
- Experience in Automobile Deal management system
- Proficiency in business analysis tools (e.g., JIRA, Confluence, MS Visio, etc).
- Strong data analysis and reporting skills (e.g., Excel, Power BI, SQL).
- Familiarity with digital transformation platforms







Employment type:- Fixed Term Contract.







It would be remote working with occasional travel in Munich or Frankfurt.





Note:-Only apply if you have valid visa in the EU Region, Sponsorship will not be given.

",Ubique Systems,https://uk.linkedin.com/company/ubique-systems?trk=public_jobs_topcard-org-name,https://de.linkedin.com/jobs/view/senior-business-analyst-at-ubique-systems-4341921593?trk=public_jobs_topcard-title,2025-11-20 10:16:56,Rupak Maitra,https://uk.linkedin.com/in/rupak-maitra-1018bb190,3
4337188510,"Consultant (12 months, home-based, remotely) Website, Platforms and UX/UI, Individual Giving, PFP, Geneva","- Lead the end-to-end UX/UI process for GGP 2 fundraising platform and Virtual Hub.
- Design and optimize user paths to conversion from landing page to donation confirmation using user-centered methodologies.
- Ensure platform-wide design consistency and alignment with UNICEF’s branding and accessibility standards, as well as adhering to industry-accepted SEO, GEO, and AEO best practices (AI enabled organic discovery engines).

- Plan, execute, and evaluate A/B and multivariate tests on donation flows, CTAs, and content.
- Use tools such as Google Analytics, Hotjar, and Optimizely to generate insights and validate design hypotheses.
- Identify and remove friction points to improve revenue per session, donor engagement, and maximize conversion rates.

- Support the onboarding and roll-out of ecommerce site known as the Global Giving Platform (GGP) 2.0 for UNICEF’s digital fundraising, including UX refinements, testing, and feedback collection.
- Collaborate with cross-functional teams (Product, SES, ICTD, Analytics, Content) to ensure market readiness and smooth transitions.
- Lead the transition from GGP 1.0 to GGP 2.0 for UNICEF’s digital fundraising operation (aka Virtual Hub), covering content migration, data continuity, and process alignment.

- Oversee the front-end performance of existing GGP 1.0 fundraising sites for markets to ensure speed, responsiveness, and reliability.
- Manage website updates and donation form functionality via CMS (e.g., Drupal or other platforms), ensuring integration with payment systems (Stripe) and CRM (Salesforce).
- Monitor platform uptime, performance, and support reporting through tools such as Google Analytics and Power BI.

- Document UX/UI learnings, A/B test results, and platform insights for broader organizational learning.
- Promote a culture of evidence-based design and continuous testing across markets.
- Serve as a UX/UI and experimentation advisor to product, fundraising, and market teams.
- Support the governance process of new feature roll-out, including communicating to UNICEF offices regarding performance analysis and UX and usability testing.

- UX/UI Design for GGP 2.0: Lead UX/UI design for the GGP 2.0 platform across MVP, Core, and Virtual Hub roll-outs. Conduct UX audits, design and refine donor paths to conversion, and ensure consistency with UNICEF’s brand, SEO, and accessibility standards.
- Platform Transition & Business Continuity: Support the phase-out of GGP 1.0 and onboarding of GGP 2.0 in Virtual Hub markets. Ensure continuity of donation flows, website operations, and integrations (CMS, Stripe, Salesforce), while introducing new PSPs such as Checkout etc.
- Experimentation and A/B Testing: Develop and execute a strategic A/B testing roadmap focused on improving conversion rates. Analyze user behavior and continuously optimize key digital elements such as donation forms, CTAs, and layouts.
- Performance Monitoring & Optimization: Ensure high-performing, mobile-responsive websites through regular audits and front-end optimization. Maintain platform uptime, monitor load speeds, and support performance reporting through tools like Power BI.
- Collaboration & Data-Driven Insights: Work closely with Product, Activation (Journeys + Paid media ads), CRM, Analytics, and Content teams to align UX with data insights. Build dashboards, track key KPIs, and personalize donor experience and journeys based on segmentation, test results, and behavioral data.

- Project discovery with key stakeholders (Product, Virtual Hub, ICTD, SES, Data, CRM).
- Conduct a UX/UI audit of existing Virtual Hub user journeys and donation flows.
- Review Virtual Hub tech stack readiness for GGP 2.0, including CMS, PSP, and Salesforce CRM integration.

- Finalize 12-month UX, experimentation, and optimization roadmap aligned with GGP 2.0 milestones.
- Define KPIs and data tracking approach in collaboration with the Data and CRM teams.
- Review and prioritize experimentation backlog for MVP and Core phases of GGP 2.0.
- Support governance process with internal clients (i.e. UNICEF offices using the GGP 2).

- Implement initial UX/UI improvements for GGP 2.0 MVP (e.g., donation flow, SEO/GEO/AEO compatibility, mobile responsiveness).
- Design and align on GGP 2.0 Core user journey templates, wireframes, and conversion elements.
- Develop first version of the performance and business continuity dashboard with Data/CRM teams.

- Support UAT of MVP builds in close coordination with ICTD and Product teams for Virtual Hub.
- Launch A/B testing framework for GGP 2.0 MVP pages and donation forms.
- Integrate user tracking tools (e.g., GA4, Hotjar, Optimizely) and define test measurement approach.

- Implement UX improvements based on early test results and feedback from MVP markets.
- Finalize Core design components and cross-market reusable blocks for Virtual Hub use.
- Expand dashboard to include segmented user behavior, engagement, and CRO tracking.

- Support Core roll-out preparations for Virtual Hub markets, focusing on UX quality and performance.
- Validate integrations (CRM, PSPs) for Core markets and flag issues.
- Prepare usability testing sessions and design validations with selected markets.

- Collaborate with PFP, IT, ICTD, and FinHub teams on integration of new PSPs (e.g., Checkout, Nuvei).
- Support design and optimization of the payment experience across devices.
- Report on PSP UX performance and test conversion impact.

- Analyze UX, A/B testing, and CRO data across MVP and Core releases.
- Refine user journeys and interaction flows based on donor behavior insights.
- Deliver mid-year performance review and adjust UX/testing roadmap accordingly.

- Support the Virtual Hub in phasing out GGP 1.0 websites, ensuring no disruption in fundraising activities.
- Coordinate content migration, URL redirects, and technical decommissioning with ICTD and Product teams.
- Validate that all critical journeys, donation forms, and data flows have been successfully transitioned to GGP 2.0.

- Implement advanced UX techniques (micro-interactions, progress indicators, error recovery, etc.).
- Collaborate with markets to localize and test culturally adapted UX patterns.
- Continue iterative testing based on roadmap and user feedback loops.

- Conduct final rounds of A/B testing on mobile, donation flow, and call-to-action components.
- Run final UX and functionality tests on GGP 2.0 platform across Virtual Hub markets.
- Validate full PSP integrations from donor experience to CRM handoff.

- Deliver final report covering UX/UI optimization efforts, test outcomes, and CRO insights.
- Present final review of the performance dashboard and its use for market reporting.
- Provide recommendations for post-launch UX governance, experimentation, and tech roadmap (GGP 2.0 scaling, PSP performance, CRM insights).

- A first-level university degree (Bachelor's degree or equivalent) in web-design, UX/UI, marketing, computer science, engineering, technology, digital media, or any other relevant areas is required.

- A minimum of two (2) years of progressive experience in web design and development, Strong knowledge of UX/UI design principles, with experience in optimizing websites for conversions or online customer acquisition, and income is required.
- Experience in large scale digital ecommerce non-profit fundraising operations (+5million USD annual revenue) for individuals is an asset.
- Expertise in A/B testing, user behavior analysis, and data-driven experimentation is required.
- Familiarity with CMS platforms (e.g., Optimizely, Drupal) and CRM systems (e.g., Salesforce) is required.
- Extensive data-crunching experience in Excel and SQL is an asset.
- Proficiency with tools like Google Analytics, Optimizely, Power BI, Hotjar, or similar is an asset.
- Strong communication and collaboration skills to work effectively with internal teams, cross-divisions (ICTD, Communication), multiple cultures, and vendors are required.
- Experience with UN/UNICEF project management is an asset.
- Experience partnering with analytics teams to integrate user research findings and product usage data to better understand the full picture of a user’s experience is an asset.
- A strong working knowledge of user research methods, including when and how to apply different methods in various scenarios, is an asset.
- Experience in managing long-term and multiple projects simultaneously across multiple geographies (please do include the list of geographies you managed in your CV or cover letter) is an asset.
- Experience working under Agile methodology and processes is an asset.

- Fluency in English is required. Knowledge of another official UN language is considered as an asset.",UNICEF,https://www.linkedin.com/company/unicef?trk=public_jobs_topcard-org-name,https://ch.linkedin.com/jobs/view/consultant-12-months-home-based-remotely-website-platforms-and-ux-ui-individual-giving-pfp-geneva-at-unicef-4337188510?trk=public_jobs_topcard-title,2025-11-20 17:19:58,,,4
4323563144,"Consultant (12 months, home-based, remotely) Website, Platforms and UX/UI, Individual Giving, PFP, Geneva","- Lead the end-to-end UX/UI process for GGP 2 fundraising platform and Virtual Hub.
- Design and optimize user paths to conversion from landing page to donation confirmation using user-centered methodologies.
- Ensure platform-wide design consistency and alignment with UNICEF’s branding and accessibility standards, as well as adhering to industry-accepted SEO, GEO, and AEO best practices (AI enabled organic discovery engines).

- Plan, execute, and evaluate A/B and multivariate tests on donation flows, CTAs, and content.
- Use tools such as Google Analytics, Hotjar, and Optimizely to generate insights and validate design hypotheses.
- Identify and remove friction points to improve revenue per session, donor engagement, and maximize conversion rates.

- Support the onboarding and roll-out of ecommerce site known as the Global Giving Platform (GGP) 2.0 for UNICEF’s digital fundraising, including UX refinements, testing, and feedback collection.
- Collaborate with cross-functional teams (Product, SES, ICTD, Analytics, Content) to ensure market readiness and smooth transitions.
- Lead the transition from GGP 1.0 to GGP 2.0 for UNICEF’s digital fundraising operation (aka Virtual Hub), covering content migration, data continuity, and process alignment.

- Oversee the front-end performance of existing GGP 1.0 fundraising sites for markets to ensure speed, responsiveness, and reliability.
- Manage website updates and donation form functionality via CMS (e.g., Drupal or other platforms), ensuring integration with payment systems (Stripe) and CRM (Salesforce).
- Monitor platform uptime, performance, and support reporting through tools such as Google Analytics and Power BI.

- Document UX/UI learnings, A/B test results, and platform insights for broader organizational learning.
- Promote a culture of evidence-based design and continuous testing across markets.
- Serve as a UX/UI and experimentation advisor to product, fundraising, and market teams.
- Support the governance process of new feature roll-out, including communicating to UNICEF offices regarding performance analysis and UX and usability testing.

- UX/UI Design for GGP 2.0: Lead UX/UI design for the GGP 2.0 platform across MVP, Core, and Virtual Hub roll-outs. Conduct UX audits, design and refine donor paths to conversion, and ensure consistency with UNICEF’s brand, SEO, and accessibility standards.
- Platform Transition & Business Continuity: Support the phase-out of GGP 1.0 and onboarding of GGP 2.0 in Virtual Hub markets. Ensure continuity of donation flows, website operations, and integrations (CMS, Stripe, Salesforce), while introducing new PSPs such as Checkout etc.
- Experimentation and A/B Testing: Develop and execute a strategic A/B testing roadmap focused on improving conversion rates. Analyze user behavior and continuously optimize key digital elements such as donation forms, CTAs, and layouts.
- Performance Monitoring & Optimization: Ensure high-performing, mobile-responsive websites through regular audits and front-end optimization. Maintain platform uptime, monitor load speeds, and support performance reporting through tools like Power BI.
- Collaboration & Data-Driven Insights: Work closely with Product, Activation (Journeys + Paid media ads), CRM, Analytics, and Content teams to align UX with data insights. Build dashboards, track key KPIs, and personalize donor experience and journeys based on segmentation, test results, and behavioral data.

- Project discovery with key stakeholders (Product, Virtual Hub, ICTD, SES, Data, CRM).
- Conduct a UX/UI audit of existing Virtual Hub user journeys and donation flows.
- Review Virtual Hub tech stack readiness for GGP 2.0, including CMS, PSP, and Salesforce CRM integration.

- Finalize 12-month UX, experimentation, and optimization roadmap aligned with GGP 2.0 milestones.
- Define KPIs and data tracking approach in collaboration with the Data and CRM teams.
- Review and prioritize experimentation backlog for MVP and Core phases of GGP 2.0.
- Support governance process with internal clients (i.e. UNICEF offices using the GGP 2).

- Implement initial UX/UI improvements for GGP 2.0 MVP (e.g., donation flow, SEO/GEO/AEO compatibility, mobile responsiveness).
- Design and align on GGP 2.0 Core user journey templates, wireframes, and conversion elements.
- Develop first version of the performance and business continuity dashboard with Data/CRM teams.

- Support UAT of MVP builds in close coordination with ICTD and Product teams for Virtual Hub.
- Launch A/B testing framework for GGP 2.0 MVP pages and donation forms.
- Integrate user tracking tools (e.g., GA4, Hotjar, Optimizely) and define test measurement approach.

- Implement UX improvements based on early test results and feedback from MVP markets.
- Finalize Core design components and cross-market reusable blocks for Virtual Hub use.
- Expand dashboard to include segmented user behavior, engagement, and CRO tracking.

- Support Core roll-out preparations for Virtual Hub markets, focusing on UX quality and performance.
- Validate integrations (CRM, PSPs) for Core markets and flag issues.
- Prepare usability testing sessions and design validations with selected markets.

- Collaborate with PFP, IT, ICTD, and FinHub teams on integration of new PSPs (e.g., Checkout, Nuvei).
- Support design and optimization of the payment experience across devices.
- Report on PSP UX performance and test conversion impact.

- Analyze UX, A/B testing, and CRO data across MVP and Core releases.
- Refine user journeys and interaction flows based on donor behavior insights.
- Deliver mid-year performance review and adjust UX/testing roadmap accordingly.

- Support the Virtual Hub in phasing out GGP 1.0 websites, ensuring no disruption in fundraising activities.
- Coordinate content migration, URL redirects, and technical decommissioning with ICTD and Product teams.
- Validate that all critical journeys, donation forms, and data flows have been successfully transitioned to GGP 2.0.

- Implement advanced UX techniques (micro-interactions, progress indicators, error recovery, etc.).
- Collaborate with markets to localize and test culturally adapted UX patterns.
- Continue iterative testing based on roadmap and user feedback loops.

- Conduct final rounds of A/B testing on mobile, donation flow, and call-to-action components.
- Run final UX and functionality tests on GGP 2.0 platform across Virtual Hub markets.
- Validate full PSP integrations from donor experience to CRM handoff.

- Deliver final report covering UX/UI optimization efforts, test outcomes, and CRO insights.
- Present final review of the performance dashboard and its use for market reporting.
- Provide recommendations for post-launch UX governance, experimentation, and tech roadmap (GGP 2.0 scaling, PSP performance, CRM insights).

- A first-level university degree (Bachelor's degree or equivalent) in web-design, UX/UI, marketing, computer science, engineering, technology, digital media, or any other relevant areas is required.

- A minimum of two (2) years of progressive experience in web design and development, Strong knowledge of UX/UI design principles, with experience in optimizing websites for conversions or online customer acquisition, and income is required.
- Experience in large scale digital ecommerce non-profit fundraising operations (+5million USD annual revenue) for individuals is an asset.
- Expertise in A/B testing, user behavior analysis, and data-driven experimentation is required.
- Familiarity with CMS platforms (e.g., Optimizely, Drupal) and CRM systems (e.g., Salesforce) is required.
- Extensive data-crunching experience in Excel and SQL is an asset.
- Proficiency with tools like Google Analytics, Optimizely, Power BI, Hotjar, or similar is an asset.
- Strong communication and collaboration skills to work effectively with internal teams, cross-divisions (ICTD, Communication), multiple cultures, and vendors are required.
- Experience with UN/UNICEF project management is an asset.
- Experience partnering with analytics teams to integrate user research findings and product usage data to better understand the full picture of a user’s experience is an asset.
- A strong working knowledge of user research methods, including when and how to apply different methods in various scenarios, is an asset.
- Experience in managing long-term and multiple projects simultaneously across multiple geographies (please do include the list of geographies you managed in your CV or cover letter) is an asset.
- Experience working under Agile methodology and processes is an asset.

- Fluency in English is required. Knowledge of another official UN language is considered as an asset.",UNICEF Bangladesh,https://bd.linkedin.com/company/unicefbangladesh?trk=public_jobs_topcard-org-name,https://ch.linkedin.com/jobs/view/consultant-12-months-home-based-remotely-website-platforms-and-ux-ui-individual-giving-pfp-geneva-at-unicef-bangladesh-4323563144?trk=public_jobs_topcard-title,2025-11-20 15:19:53,,,4
4341903906,"Consultant (12 months, home-based, remotely) Website, Platforms and UX/UI, Individual Giving, PFP, Geneva","- Lead the end-to-end UX/UI process for GGP 2 fundraising platform and Virtual Hub.
- Design and optimize user paths to conversion from landing page to donation confirmation using user-centered methodologies.
- Ensure platform-wide design consistency and alignment with UNICEF’s branding and accessibility standards, as well as adhering to industry-accepted SEO, GEO, and AEO best practices (AI enabled organic discovery engines).

- Plan, execute, and evaluate A/B and multivariate tests on donation flows, CTAs, and content.
- Use tools such as Google Analytics, Hotjar, and Optimizely to generate insights and validate design hypotheses.
- Identify and remove friction points to improve revenue per session, donor engagement, and maximize conversion rates.

- Support the onboarding and roll-out of ecommerce site known as the Global Giving Platform (GGP) 2.0 for UNICEF’s digital fundraising, including UX refinements, testing, and feedback collection.
- Collaborate with cross-functional teams (Product, SES, ICTD, Analytics, Content) to ensure market readiness and smooth transitions.
- Lead the transition from GGP 1.0 to GGP 2.0 for UNICEF’s digital fundraising operation (aka Virtual Hub), covering content migration, data continuity, and process alignment.

- Oversee the front-end performance of existing GGP 1.0 fundraising sites for markets to ensure speed, responsiveness, and reliability.
- Manage website updates and donation form functionality via CMS (e.g., Drupal or other platforms), ensuring integration with payment systems (Stripe) and CRM (Salesforce).
- Monitor platform uptime, performance, and support reporting through tools such as Google Analytics and Power BI.

- Document UX/UI learnings, A/B test results, and platform insights for broader organizational learning.
- Promote a culture of evidence-based design and continuous testing across markets.
- Serve as a UX/UI and experimentation advisor to product, fundraising, and market teams.
- Support the governance process of new feature roll-out, including communicating to UNICEF offices regarding performance analysis and UX and usability testing.

- UX/UI Design for GGP 2.0: Lead UX/UI design for the GGP 2.0 platform across MVP, Core, and Virtual Hub roll-outs. Conduct UX audits, design and refine donor paths to conversion, and ensure consistency with UNICEF’s brand, SEO, and accessibility standards.
- Platform Transition & Business Continuity: Support the phase-out of GGP 1.0 and onboarding of GGP 2.0 in Virtual Hub markets. Ensure continuity of donation flows, website operations, and integrations (CMS, Stripe, Salesforce), while introducing new PSPs such as Checkout etc.
- Experimentation and A/B Testing: Develop and execute a strategic A/B testing roadmap focused on improving conversion rates. Analyze user behavior and continuously optimize key digital elements such as donation forms, CTAs, and layouts.
- Performance Monitoring & Optimization: Ensure high-performing, mobile-responsive websites through regular audits and front-end optimization. Maintain platform uptime, monitor load speeds, and support performance reporting through tools like Power BI.
- Collaboration & Data-Driven Insights: Work closely with Product, Activation (Journeys + Paid media ads), CRM, Analytics, and Content teams to align UX with data insights. Build dashboards, track key KPIs, and personalize donor experience and journeys based on segmentation, test results, and behavioral data.

- Project discovery with key stakeholders (Product, Virtual Hub, ICTD, SES, Data, CRM).
- Conduct a UX/UI audit of existing Virtual Hub user journeys and donation flows.
- Review Virtual Hub tech stack readiness for GGP 2.0, including CMS, PSP, and Salesforce CRM integration.

- Finalize 12-month UX, experimentation, and optimization roadmap aligned with GGP 2.0 milestones.
- Define KPIs and data tracking approach in collaboration with the Data and CRM teams.
- Review and prioritize experimentation backlog for MVP and Core phases of GGP 2.0.
- Support governance process with internal clients (i.e. UNICEF offices using the GGP 2).

- Implement initial UX/UI improvements for GGP 2.0 MVP (e.g., donation flow, SEO/GEO/AEO compatibility, mobile responsiveness).
- Design and align on GGP 2.0 Core user journey templates, wireframes, and conversion elements.
- Develop first version of the performance and business continuity dashboard with Data/CRM teams.

- Support UAT of MVP builds in close coordination with ICTD and Product teams for Virtual Hub.
- Launch A/B testing framework for GGP 2.0 MVP pages and donation forms.
- Integrate user tracking tools (e.g., GA4, Hotjar, Optimizely) and define test measurement approach.

- Implement UX improvements based on early test results and feedback from MVP markets.
- Finalize Core design components and cross-market reusable blocks for Virtual Hub use.
- Expand dashboard to include segmented user behavior, engagement, and CRO tracking.

- Support Core roll-out preparations for Virtual Hub markets, focusing on UX quality and performance.
- Validate integrations (CRM, PSPs) for Core markets and flag issues.
- Prepare usability testing sessions and design validations with selected markets.

- Collaborate with PFP, IT, ICTD, and FinHub teams on integration of new PSPs (e.g., Checkout, Nuvei).
- Support design and optimization of the payment experience across devices.
- Report on PSP UX performance and test conversion impact.

- Analyze UX, A/B testing, and CRO data across MVP and Core releases.
- Refine user journeys and interaction flows based on donor behavior insights.
- Deliver mid-year performance review and adjust UX/testing roadmap accordingly.

- Support the Virtual Hub in phasing out GGP 1.0 websites, ensuring no disruption in fundraising activities.
- Coordinate content migration, URL redirects, and technical decommissioning with ICTD and Product teams.
- Validate that all critical journeys, donation forms, and data flows have been successfully transitioned to GGP 2.0.

- Implement advanced UX techniques (micro-interactions, progress indicators, error recovery, etc.).
- Collaborate with markets to localize and test culturally adapted UX patterns.
- Continue iterative testing based on roadmap and user feedback loops.

- Conduct final rounds of A/B testing on mobile, donation flow, and call-to-action components.
- Run final UX and functionality tests on GGP 2.0 platform across Virtual Hub markets.
- Validate full PSP integrations from donor experience to CRM handoff.

- Deliver final report covering UX/UI optimization efforts, test outcomes, and CRO insights.
- Present final review of the performance dashboard and its use for market reporting.
- Provide recommendations for post-launch UX governance, experimentation, and tech roadmap (GGP 2.0 scaling, PSP performance, CRM insights).

- A first-level university degree (Bachelor's degree or equivalent) in web-design, UX/UI, marketing, computer science, engineering, technology, digital media, or any other relevant areas is required.

- A minimum of two (2) years of progressive experience in web design and development, Strong knowledge of UX/UI design principles, with experience in optimizing websites for conversions or online customer acquisition, and income is required.
- Experience in large scale digital ecommerce non-profit fundraising operations (+5million USD annual revenue) for individuals is an asset.
- Expertise in A/B testing, user behavior analysis, and data-driven experimentation is required.
- Familiarity with CMS platforms (e.g., Optimizely, Drupal) and CRM systems (e.g., Salesforce) is required.
- Extensive data-crunching experience in Excel and SQL is an asset.
- Proficiency with tools like Google Analytics, Optimizely, Power BI, Hotjar, or similar is an asset.
- Strong communication and collaboration skills to work effectively with internal teams, cross-divisions (ICTD, Communication), multiple cultures, and vendors are required.
- Experience with UN/UNICEF project management is an asset.
- Experience partnering with analytics teams to integrate user research findings and product usage data to better understand the full picture of a user’s experience is an asset.
- A strong working knowledge of user research methods, including when and how to apply different methods in various scenarios, is an asset.
- Experience in managing long-term and multiple projects simultaneously across multiple geographies (please do include the list of geographies you managed in your CV or cover letter) is an asset.
- Experience working under Agile methodology and processes is an asset.

- Fluency in English is required. Knowledge of another official UN language is considered as an asset.",Unicef CHAD,https://td.linkedin.com/company/unicef-tchad?trk=public_jobs_topcard-org-name,https://ch.linkedin.com/jobs/view/consultant-12-months-home-based-remotely-website-platforms-and-ux-ui-individual-giving-pfp-geneva-at-unicef-chad-4341903906?trk=public_jobs_topcard-title,2025-11-20 18:19:56,,,7
4337079671,"Consultant (12 months, home-based, remotely) Website, Platforms and UX/UI, Individual Giving, PFP, Geneva","- Lead the end-to-end UX/UI process for GGP 2 fundraising platform and Virtual Hub.
- Design and optimize user paths to conversion from landing page to donation confirmation using user-centered methodologies.
- Ensure platform-wide design consistency and alignment with UNICEF’s branding and accessibility standards, as well as adhering to industry-accepted SEO, GEO, and AEO best practices (AI enabled organic discovery engines).

- Plan, execute, and evaluate A/B and multivariate tests on donation flows, CTAs, and content.
- Use tools such as Google Analytics, Hotjar, and Optimizely to generate insights and validate design hypotheses.
- Identify and remove friction points to improve revenue per session, donor engagement, and maximize conversion rates.

- Support the onboarding and roll-out of ecommerce site known as the Global Giving Platform (GGP) 2.0 for UNICEF’s digital fundraising, including UX refinements, testing, and feedback collection.
- Collaborate with cross-functional teams (Product, SES, ICTD, Analytics, Content) to ensure market readiness and smooth transitions.
- Lead the transition from GGP 1.0 to GGP 2.0 for UNICEF’s digital fundraising operation (aka Virtual Hub), covering content migration, data continuity, and process alignment.

- Oversee the front-end performance of existing GGP 1.0 fundraising sites for markets to ensure speed, responsiveness, and reliability.
- Manage website updates and donation form functionality via CMS (e.g., Drupal or other platforms), ensuring integration with payment systems (Stripe) and CRM (Salesforce).
- Monitor platform uptime, performance, and support reporting through tools such as Google Analytics and Power BI.

- Document UX/UI learnings, A/B test results, and platform insights for broader organizational learning.
- Promote a culture of evidence-based design and continuous testing across markets.
- Serve as a UX/UI and experimentation advisor to product, fundraising, and market teams.
- Support the governance process of new feature roll-out, including communicating to UNICEF offices regarding performance analysis and UX and usability testing.

- UX/UI Design for GGP 2.0: Lead UX/UI design for the GGP 2.0 platform across MVP, Core, and Virtual Hub roll-outs. Conduct UX audits, design and refine donor paths to conversion, and ensure consistency with UNICEF’s brand, SEO, and accessibility standards.
- Platform Transition & Business Continuity: Support the phase-out of GGP 1.0 and onboarding of GGP 2.0 in Virtual Hub markets. Ensure continuity of donation flows, website operations, and integrations (CMS, Stripe, Salesforce), while introducing new PSPs such as Checkout etc.
- Experimentation and A/B Testing: Develop and execute a strategic A/B testing roadmap focused on improving conversion rates. Analyze user behavior and continuously optimize key digital elements such as donation forms, CTAs, and layouts.
- Performance Monitoring & Optimization: Ensure high-performing, mobile-responsive websites through regular audits and front-end optimization. Maintain platform uptime, monitor load speeds, and support performance reporting through tools like Power BI.
- Collaboration & Data-Driven Insights: Work closely with Product, Activation (Journeys + Paid media ads), CRM, Analytics, and Content teams to align UX with data insights. Build dashboards, track key KPIs, and personalize donor experience and journeys based on segmentation, test results, and behavioral data.

- Project discovery with key stakeholders (Product, Virtual Hub, ICTD, SES, Data, CRM).
- Conduct a UX/UI audit of existing Virtual Hub user journeys and donation flows.
- Review Virtual Hub tech stack readiness for GGP 2.0, including CMS, PSP, and Salesforce CRM integration.

- Finalize 12-month UX, experimentation, and optimization roadmap aligned with GGP 2.0 milestones.
- Define KPIs and data tracking approach in collaboration with the Data and CRM teams.
- Review and prioritize experimentation backlog for MVP and Core phases of GGP 2.0.
- Support governance process with internal clients (i.e. UNICEF offices using the GGP 2).

- Implement initial UX/UI improvements for GGP 2.0 MVP (e.g., donation flow, SEO/GEO/AEO compatibility, mobile responsiveness).
- Design and align on GGP 2.0 Core user journey templates, wireframes, and conversion elements.
- Develop first version of the performance and business continuity dashboard with Data/CRM teams.

- Support UAT of MVP builds in close coordination with ICTD and Product teams for Virtual Hub.
- Launch A/B testing framework for GGP 2.0 MVP pages and donation forms.
- Integrate user tracking tools (e.g., GA4, Hotjar, Optimizely) and define test measurement approach.

- Implement UX improvements based on early test results and feedback from MVP markets.
- Finalize Core design components and cross-market reusable blocks for Virtual Hub use.
- Expand dashboard to include segmented user behavior, engagement, and CRO tracking.

- Support Core roll-out preparations for Virtual Hub markets, focusing on UX quality and performance.
- Validate integrations (CRM, PSPs) for Core markets and flag issues.
- Prepare usability testing sessions and design validations with selected markets.

- Collaborate with PFP, IT, ICTD, and FinHub teams on integration of new PSPs (e.g., Checkout, Nuvei).
- Support design and optimization of the payment experience across devices.
- Report on PSP UX performance and test conversion impact.

- Analyze UX, A/B testing, and CRO data across MVP and Core releases.
- Refine user journeys and interaction flows based on donor behavior insights.
- Deliver mid-year performance review and adjust UX/testing roadmap accordingly.

- Support the Virtual Hub in phasing out GGP 1.0 websites, ensuring no disruption in fundraising activities.
- Coordinate content migration, URL redirects, and technical decommissioning with ICTD and Product teams.
- Validate that all critical journeys, donation forms, and data flows have been successfully transitioned to GGP 2.0.

- Implement advanced UX techniques (micro-interactions, progress indicators, error recovery, etc.).
- Collaborate with markets to localize and test culturally adapted UX patterns.
- Continue iterative testing based on roadmap and user feedback loops.

- Conduct final rounds of A/B testing on mobile, donation flow, and call-to-action components.
- Run final UX and functionality tests on GGP 2.0 platform across Virtual Hub markets.
- Validate full PSP integrations from donor experience to CRM handoff.

- Deliver final report covering UX/UI optimization efforts, test outcomes, and CRO insights.
- Present final review of the performance dashboard and its use for market reporting.
- Provide recommendations for post-launch UX governance, experimentation, and tech roadmap (GGP 2.0 scaling, PSP performance, CRM insights).

- A first-level university degree (Bachelor's degree or equivalent) in web-design, UX/UI, marketing, computer science, engineering, technology, digital media, or any other relevant areas is required.

- A minimum of two (2) years of progressive experience in web design and development, Strong knowledge of UX/UI design principles, with experience in optimizing websites for conversions or online customer acquisition, and income is required.
- Experience in large scale digital ecommerce non-profit fundraising operations (+5million USD annual revenue) for individuals is an asset.
- Expertise in A/B testing, user behavior analysis, and data-driven experimentation is required.
- Familiarity with CMS platforms (e.g., Optimizely, Drupal) and CRM systems (e.g., Salesforce) is required.
- Extensive data-crunching experience in Excel and SQL is an asset.
- Proficiency with tools like Google Analytics, Optimizely, Power BI, Hotjar, or similar is an asset.
- Strong communication and collaboration skills to work effectively with internal teams, cross-divisions (ICTD, Communication), multiple cultures, and vendors are required.
- Experience with UN/UNICEF project management is an asset.
- Experience partnering with analytics teams to integrate user research findings and product usage data to better understand the full picture of a user’s experience is an asset.
- A strong working knowledge of user research methods, including when and how to apply different methods in various scenarios, is an asset.
- Experience in managing long-term and multiple projects simultaneously across multiple geographies (please do include the list of geographies you managed in your CV or cover letter) is an asset.
- Experience working under Agile methodology and processes is an asset.

- Fluency in English is required. Knowledge of another official UN language is considered as an asset.",UNICEF MK,https://mk.linkedin.com/company/unicefmk?trk=public_jobs_topcard-org-name,https://ch.linkedin.com/jobs/view/consultant-12-months-home-based-remotely-website-platforms-and-ux-ui-individual-giving-pfp-geneva-at-unicef-mk-4337079671?trk=public_jobs_topcard-title,2025-11-20 19:20:00,,,4
4337168996,Data Engineer,"Data Engineer

SC Cleared

£550-600 per day, Outside IR35

Initial 3 Month engagement (likely to extend)

3 days per week

Fully Remote!

Start ASAP!



Our exclusive Consulting partner urgently requires the services of an experience SC Cleared Data Engineer to join a project team, delivering a high profile Government program.



You MUST hold Active Security Clearance!



You MUST have experience working within Government departments and the Public Sector.



Task

- Review the current processes & put together a proposal on what the team would need to do to improve priority areas within the tech stack (probably focussing on light-touch processes using Python and/or R).
- Implement pipelines for 1-2 datasets or problematic processes, which they can then use as template to cover any other datasets / areas. Most data are stored as CSV files in a network drive of the businesses Data Analytics Platform (AWS workspace) with most data engineering & modelling work being carried out in Python or R in the businesses Data Analytics Platform (AWS workspace) or in MacBooks, while the front-end development is predominantly happening on MacBooks with deployment handled by central Data Science infrastructure.
- The team are looking to scope out options to make the whole process more sustainable going forward, including the businesses Consolidated Data Store (using SQL server database) in the short term and Common Data Platforms (using Azure DataBricks) or Azure (again using DataBricks) team’s infrastructure platform in the medium/ longer term.



Experience Needed

- CSV
- Data Analytics Platform (AWS workspace)
- Python and R
- SQL
- Azure DataBricks
- Geospatial



The Data Engineer needs a strong consulting mentality and a self-starting approach; they will be required to work with data experts from other government departments and public bodies that provide data for the tool.



Project Team: User Researcher, Interaction Designer, Data Scientist



This is an Urgent Contract – Please apply by submitting your latest CV for immediate review by our Talent Team.



Thank you!","Unify Talent - IT, Digital & Tech Recruitment",https://uk.linkedin.com/company/unify-talent-solutions?trk=public_jobs_topcard-org-name,https://uk.linkedin.com/jobs/view/data-engineer-at-unify-talent-it-digital-tech-recruitment-4337168996?trk=public_jobs_topcard-title,2025-11-20 17:41:04,Mark Brereton,https://uk.linkedin.com/in/mark-brereton-5372265,8
4341903856,Audio Tagging Specialist - Spanish Language (Emotion & Manner Annotation),"- Review transcribed audio clips for accuracy and context
- Apply emotional and manner tags to each segment (e.g., tone, intensity, vocal expression)
- Insert precise timestamps for all relevant moments (down to the millisecond)
- Ensure consistent tagging following provided guidelines and examples
- Collaborate with project managers or QA reviewers to maintain high data quality

- Prior experience with audio tagging, transcription, or annotation projects
- Strong attention to detail and consistency
- Comfort using web-based or proprietary tools for labeling data
- Excellent comprehension of English and language that you are applying for
- Ability to follow written instructions precisely
- Reliable internet connection and access to a computer with audio playback capability

- Background in linguistics or related field
- Familiarity with audio analysis tools or time-based tagging software",Upwork,https://www.linkedin.com/company/upwork?trk=public_jobs_topcard-org-name,https://es.linkedin.com/jobs/view/audio-tagging-specialist-spanish-language-emotion-manner-annotation-at-upwork-4341903856?trk=public_jobs_topcard-title,2025-11-20 18:30:33,,,2
4323544087,Remote (WFH) English-speaking AI Trainers,"An Enterprise client is seeking talents who are fluent in English who will help train generative artificial intelligence models.



Job Descriptio



n Some examples of projects you might work o

- n:Create and answer questions to train AI model
- s.Review, analyze, and rank AI-models' chains of thought for correctness and approac
- h.Provide clear, constructive feedback to improve AI-generated response



s. Qualificati



ons Backgrounds may include but not limited

- to:Customer support, quality assurance, virtual assistants / administrators, analytics, consulting, even just basic programm
- ing.Fluent in English - native or non-native English speak



ers. Additional Informa

- tion:The work schedule is flexible, allowing you to complete tasks during your available h
- ours.Both native and non-native English speakers are encouraged to a

",Upwork,https://www.linkedin.com/company/upwork?trk=public_jobs_topcard-org-name,https://uk.linkedin.com/jobs/view/remote-wfh-english-speaking-ai-trainers-at-upwork-4323544087?trk=public_jobs_topcard-title,2025-11-20 17:41:11,,,2
4323573555,Remote (WFH) English-speaking AI Trainers,"An Enterprise client is seeking talents who are fluent in English who will help train generative artificial intelligence models.



Job Description



Some examples of projects you might work on:

- Create and answer questions to train AI models.
- Review, analyze, and rank AI-models' chains of thought for correctness and approach.
- Provide clear, constructive feedback to improve AI-generated responses.



Qualifications



Backgrounds may include but not limited to:

- Customer support, quality assurance, virtual assistants / administrators, analytics, consulting, even just basic programming.
- Fluent in English - native or non-native English speakers.



Additional Information:

- The work schedule is flexible, allowing you to complete tasks during your available hours.
- Both native and non-native English speakers are encouraged to apply.

",Upwork,https://www.linkedin.com/company/upwork?trk=public_jobs_topcard-org-name,https://ie.linkedin.com/jobs/view/remote-wfh-english-speaking-ai-trainers-at-upwork-4323573555?trk=public_jobs_topcard-title,2025-11-20 16:45:58,,,2
4337155293,Software Engineer,"

Location: Remote – UK/EU/US timezone overlap preferred

Contract Type: Full-time or long-term contract (6 months+)

Company: Vidium



About Vidium

Vidium is a video intelligence company transforming how brands and agencies plan, execute, and measure online video campaigns.



We combine video intelligence data, attention data, carbon data, and performance metrics from the world’s leading SSPs and DSPs to give advertisers a deeper understanding of media quality, efficiency, and impact.





We’re hiring a Software Engineer to design, automate, and maintain data pipelines that unify and standardise datasets from multiple ad-tech sources.



You’ll build a scalable foundation that powers automated reporting, optimisation dashboards, and Vidium’s internal Video Intelligence Platform, enabling smarter media decisions and deeper contextual insights.







- Build and manage automated data ingestion pipelines in Google Cloud Platform (GCP) .
- Integrate and normalise data from SSPs (Index Exchange, PubMatic, Equativ, Magnite, etc.) and DSPs (Amazon DSP, The Trade Desk, DV360).
- Handle diverse data schemas and standardise outputs for analytics and dashboard use.
- Implement ETL/ELT automation using BigQuery, Dataflow, Cloud Functions, or Apache Airflow .



Data Warehousing & Modelling

- Design efficient, scalable schemas in BigQuery to support both client-facing dashboards and internal analytics.
- 
- Optimise for speed, query cost, and reliability across growing data volumes.



- Automate the delivery of structured data into Looker Studio, Power BI , or equivalent dashboard tools.
- Ensure consistent metric definitions across performance, attention, and carbon reporting.
- Develop validation and error-handling processes to ensure clean data refreshes.





- Collaborate with internal engineers to enhance Vidium’s video intelligence technology infrastructure used to collect video player, context, and metadata signals from publisher environments.
- Enhance data accuracy, crawl efficiency, and classification logic to ensure the reliable capture of key contextual attributes.
- Implement automated QA scripts and logging systems to detect errors, duplicates, or schema drift
- Design data pipelines to merge crawler output into BigQuery for integration with broader performance and contextual datasets.
- Work toward a scalable architecture for content discovery and video segment generation within Vidium’s Video Intelligence Data Platform.





- Connect intelligence and performance data into Vidium’s Video Intelligence Data Platform .
- Enable future use cases for segment creation, content discovery, and activation through platform partners.
- Support API and data feed integrations for automated activation pipelines.



Governance & Quality

- Maintain data accuracy and completeness across all inputs and outputs to ensure consistency and reliability.
- Implement monitoring, schema mapping, and issue alerts for pipeline health.





- Proven experience as a Software Engineer or Data Pipeline Developer , within ad-tech or mar-tech is a potential plus but not a requirement .
- Deep knowledge of GCP services : BigQuery, Dataflow, Pub/Sub, Cloud Functions, Composer (Airflow).
- Expertise in Python , SQL , and automation.
- Strong understanding of ETL/ELT pipelines and data normalisation across varied ad-tech schemas.
- Experience with API integrations (REST, JSON, OAuth) and data connector creation .
- Familiarity with programmatic data taxonomies (OpenRTB, bidstream, campaign-level metrics).
- Experience in web crawling, scraping, or structured data collection at scale (e.g., Scrapy, Playwright, Selenium, or custom GCP-based crawlers).
- Bonus: experience integrating Scope3 , Adelaide , or similar measurement frameworks.





- Opportunity to build the backbone of Vidium’s data and reporting infrastructure.
- Collaborative, high-performance environment working alongside product, engineering, and analytics leads.
- Competitive salary or day rate based on experience.
- Fully remote flexibility with regular team meetups. European location preferred for timezone and communication ease.",Vidium,https://uk.linkedin.com/company/vidium-ads?trk=public_jobs_topcard-org-name,https://pt.linkedin.com/jobs/view/software-engineer-at-vidium-4337155293?trk=public_jobs_topcard-title,2025-11-20 13:34:04,🐢  Elliot MacNay,https://www.linkedin.com/in/elliotmacnay,8
4341843519,Abogado penalista/procesalista en Madrid - Remoto - Parcial - Por horas,"Busco a un abogado penalista - procesal con experiencia real en procedimientos penales y civiles derivados de fraudes económicos, especialmente estafas online (Wallapop, compraventa entre particulares, plataformas digitales, medios de pago etc.).



Lo que busco:



- Penalista/procesalista con experiencia en juicios y personación en procedimientos.
- Trabajo por horas: asesoramiento, preparación de denuncias/querellas y acompañamiento procesal.
- Que esté acostumbrado a manejar documentación digital (conversaciones, anuncios, justificantes, informes técnicos).
- Perfil combativo, ordenado y riguroso: más orientado a hacer las cosas bien y defender lo justo que a “rascar” lo máximo posible sin sentido.



Zona: Madrid, aunque el trabajo puede ser en remoto salvo vistas y actuaciones presenciales.



- Si encajas en este perfil o conoces a alguien que sí, escríbeme por mensaje directo con breve resumen de experiencia en fraudes/estafas y procedimientos asociados.",Vivetix: Organiza las entradas de tus eventos fácilmente,https://es.linkedin.com/company/vivetix?trk=public_jobs_topcard-org-name,https://es.linkedin.com/jobs/view/abogado-penalista-procesalista-en-madrid-remoto-parcial-por-horas-at-vivetix-organiza-las-entradas-de-tus-eventos-f%C3%A1cilmente-4341843519?trk=public_jobs_topcard-title,2025-11-20 16:32:51,Gabriel Aldaz Romero,https://es.linkedin.com/in/galdaz,1
4323621049,Infrastructure Engineer,"World Wide Technology (WWT), a global technology integrator and IT solutions provider. World Wide Technology, established in 1990 in St. Louis, Missouri, collaborates with OEMs like Cisco and Dell EMC to offer infrastructure security and custom app development services to Fortune 500 companies in various sectors. With over 10,000 employees globally, we generate $17 billion in annual revenue and operate in regions including the US, UK, Canada, Europe, Costa Rica, APAC, and Middle East. We're proud to be consistently recognized as a top employer by Fortune and Glassdoor for over 13 years.



World Wide Technology Holding Co, LLC (WWT) has an opportunity for a Infrastructure Engineer. Below is the JD for the role. Please help me with the information needed to process your application, and I will contact you to discuss the role.



This is a contract Role & Outside IR35



Infrastructure Engineer



Contract Duration : 6 months!



Location: Remote/ London, United Kingdom



Responsibilities

- Work to deploy infrastructure required to support target applications which will be migrated to the new Cloud platform.
- Develop High- and Low-level designs for the solution.
- Cocreate test plans for customer acceptance aligned to the agreed requirements.
- Collaborate, manage, and respect the needs of a wide range of stakeholders.
- Ensure any infrastructure requirements demanded by the workloads are catered for by the infrastructure.
- Cocreate methods of procedure to build out clusters following OEM builds.
- Enable day two resource to support clusters in early life support.
- Provide knowledge transfer and documentation to customer operations teams.
- Ensure alignment with automation framework for integration and zero touch provisioning at scale.

What we are looking for

- Experience designing and building on-prem Kubernetes environments, preferably on Red Hat OpenShift.
- Experience working in a Telco environment with knowledge of regulatory considerations and TSA awareness (Telecoms Security Act) and operate within the boundaries.
- Experience building High- and Low-level design documents.
- Work with Red Hat Virtualization (RHV) and container platforms (OpenShift/Kubernetes) team for cloud-native deployments.
- Experience in bare metal deployments leveraging automation and ZTP (zero touch provisioning)
- Detailed knowledge of the physical installation considerations of such deployments.
- Have a flexible and ‘can do’ attitude with a strong sense of initiative with the ability to learn fast and deal calmly with situations under pressure.
- Have strong organization and planning skills to manage multiple tasks.
- Experience with VMware (Vsphere / VSAN / NSX-T) and migrations / replatforming from VMWare into Redhat
- For OpenShift, experience with their TNC reference architecture is a big plus.
- From a networking perspective, MetalLB and service mesh (Istio).
- For Storage, experience with Pure and Portworx would be good.
- For the IaaS component OpenStack is being used, Redhat
- Excellent written and verbal communication skills, and the ability to discuss technical topics with a range of technical and non-technical stakeholders.
- Foundational knowledge of building these clusters onto Arista or Cisco networks would also be beneficial, understanding the connectivity and requirements of the underlying network fabric.
- Awareness of CICD pipelines, gitlab and general Devops principles would also be beneficial as you will be working with Architects responsible for automation.



All candidates will need to go through a background check.



Must be eligible to live and work in the UK. Only successful candidates will be contacted.



EQUAL OPPORTUNITIES

World Wide Technology is committed to equal opportunities and actively seeks applications from all sectors of the community irrespective of sex, race, color, nationality, ethnic or national origin, disability, marital status, sexual orientation, having responsibility for dependents, age, religion/beliefs, or any other reason which cannot be shown to be justified.



Equal Opportunity Employer Minorities/Women/Veterans/Disabled",World Wide Technology,https://www.linkedin.com/company/world-wide-technology?trk=public_jobs_topcard-org-name,https://uk.linkedin.com/jobs/view/infrastructure-engineer-at-world-wide-technology-4323621049?trk=public_jobs_topcard-title,2025-11-20 11:42:06,Ranjeet Khemundu,https://in.linkedin.com/in/ranjeet-khemundu-0b63711bb,4
4337600795,Technical Delivery Manager (Outside IR35),"Join Xolvio, a boutique software consultancy partnering with tier-1 clients such as T-Mobile and Volkswagen. We specialise in high-quality, event-sourced, AI-driven applications for organisations that expect exceptional engineering. As deeply technical software architects, we prioritise creativity, curiosity, and rigorous engineering while keeping space for innovation to thrive.

We’re looking for a UK-based Technical Delivery Manager (Outside IR35, B2B) to help guide and coordinate complex consulting projects across distributed teams. In this role, you’ll collaborate with both European and US clients, bringing together delivery leadership, client partnership, and technical understanding to ensure projects stay aligned, predictable, and successful.

This is a remote-first role within a highly collaborative international team. Because we operate across Europe and the US, we keep a small daily overlap window for joint collaboration, typically until 2 PM US Eastern Time, with occasional flexibility when needed for key milestones.



Services to Be Provided

- Delivery Leadership: Provide delivery oversight and support across multiple teams, helping keep work aligned with agreed scope and timelines.
- Client Collaboration: Act as a technical point of contact between clients and delivery teams to maintain alignment on scope, timelines, and quality expectations.
- Planning & Prioritization: Contribute to defining objectives, milestones, and delivery timelines in partnership with technical and product leads.
- Risk & Quality Management: Identify risks early, recommend mitigation approaches, and support adherence to Xolvio’s quality standards.
- Process Enablement: Support delivery processes, contribute to ceremonies when required, and help teams maintain efficient workflows
- Technical Insight: Translate technical concepts into clear plans and communicate progress to both technical and non-technical stakeholders.
- Agency-Style Delivery: Must be comfortable with context switching and managing multiple client engagements.



Required Experience

- Proven experience providing delivery support in roles such as Delivery Manager, Technical Project Manager, or Program Lead within the software industry.
- Solid technical understanding of modern web and cloud stacks (e.g., TypeScript, GraphQL, AWS, CI/CD pipelines).
- Experience working with distributed systems.
- Strong communication, coordination, and stakeholder engagement skills.
- Experience working with distributed engineering teams and contributing to cross-functional initiatives.
- Excellent English language skills, including the ability to understand and communicate complex topics in the software domain.



Valuable Experience

- A background as a software system architect or software developer.
- Experience working in environments with high levels of software quality and delivery automation.
- Direct experience working with event-sourced systems.
- Experience building software with TypeScript, Apollo GraphQL, KurrentDB, and CDK.
- Domain knowledge in the US healthcare system, software developer tools, and/or quantum computation.
- German language skills.



Apply

If this sounds like the kind of work you thrive in, we’d love to meet you. Apply by sending your CV and a brief introduction.",Xolvio,https://www.linkedin.com/company/xolvio?trk=public_jobs_topcard-org-name,https://uk.linkedin.com/jobs/view/technical-delivery-manager-outside-ir35-at-xolvio-4337600795?trk=public_jobs_topcard-title,2025-11-20 22:45:08,,,5
