id,job title,description,company name,company linkedin url,job url,upload date,hiring manager name,hiring manager linkedin url,fit
4336480287,Verzorgende IG,"Ben jij verzorgende 3/3IG of verpleegkundige?



Dan zijn we op zoek naar jou!!



Ben jij op zoek naar een uitdagende baan, leuke collega’s en invloed op je eigen werk?



Solliciteer dan snel en wie weet spreken we elkaar binnenkort!",A Zorg,https://nl.linkedin.com/company/a-zorg?trk=public_jobs_topcard-org-name,https://nl.linkedin.com/jobs/view/verzorgende-ig-at-a-zorg-4336480287?trk=public_jobs_topcard-title,2025-11-16 11:28:07,Lisette Voets,https://nl.linkedin.com/in/lisette-voets-7a2160131,1
4341140586,Data Expert & Marketing Support 2 Year FTC,"We are looking for a Data Expert & Marketing Support at Advanced Medical Solutions.



Job Purpose



- Support Janus portfolio workstream leads. Janus is the project name for the suture integration of Peters Surgical into the AMS organisation
- Create necessary data content out of the existing BI systems and analyses data in a way how it is requested and needed that people are able to read results and enable them making decisions
- Take over the lead & responsibility of a central excel based SKU-SKU database with several 100k datapoints, which is a key tool for the Janus project
- Optimize data in alignment with the defined Janus goals and objectives
- Reporting and documentation including lead & control of initiated change requests
- Support regarding needed Marketing tasks



Key Responsibilities / Main Duties



- Member of the Janus portfolio workstream team. Also interact with Category Director and Marketing Director of Suture, Clip, VTO category. When needed also interact with other Janus workstreams
- Work closely with the Portfolio Janus leads, to enable them full filling their tasks and timelines. Create the requested data content out of BI system and analyse the data in a way that portfolio workstream enables to make decisions based on numbers and facts
- When ready be the responsible person and leader of the developed central excel SKU-SKU database with several 100k datapoints, which is a key tool for the Janus project and work together with IT to transfer this Excel file into an IT tool, which is more stabile and professional to handle so many datapoints
- Optimize data in alignment with the defined Janus goals and objectives means when mistakes or mismatches identified clarify with workstream leads and correct these in all necessary. places in parallel until a final IT solution is in place. Avoiding inefficiencies
- Able to create and read reporting and where needed initiate change requests to correct data & mistakes within the linked ERP systems. Depending on defined processes also support and control the execution of these changes
- Identify and elimination of misalignments. Historical changes done but not finalised within ERP. Start change request process to put codes to discontinue where necessary and not done yet.
- Support on defined marketing tasks linked to Janus & new branding (Create customer letter drafts, Pack shots & picture material, New Suture and CI re-branding impacts, Update content)



Person Specification



- Fluent English language (written/ verbal) is a must, French and/ or German would be very beneficial
- Bachelor degree or equivalent commercial education or practical/ professional industry experience
- Above-average analytical skills for suture portfolio analysis (figure- and fact-based character)
- MS Office expertise. Especially very strong & deep Excel knowledge and empathy is mandatory
- Expert know-how in dealing with IT and browser-based business software applications
- Strong self-motivation, well-structured and organised, responsible, reliable, sustainable, positive ""can do"" character and likes working very precise (managing details)
- Fluent English and French language (written/ verbal) is a must, German would be very beneficial
- Able working under NDA with confidential content and interacting with people not on NDA
- Commercial mentality: strong entrepreneurial mindset and an understanding of aligning company and business interests of revenue, margin, profit and costs, ideally with some Marketing background
- Goal oriented, focused, motivated, optimistic, positive, professional
- Background on Marketing support tasks would be helpful
- Ideally some kind of experience within MedTech industry (not mandatory), knowledge about surgical suture material would be helpful
- Quick comprehension, good handling of complex issues and willingness to study on one's own to further develop own skills
- Strong social skills with the corresponding staying power, team player mentality
- Participate when needed or requested local meeting on site & occasional travel for European meetings",Advanced Medical Solutions,https://uk.linkedin.com/company/advanced-medical-solutions?trk=public_jobs_topcard-org-name,https://de.linkedin.com/jobs/view/data-expert-marketing-support-2-year-ftc-at-advanced-medical-solutions-4341140586?trk=public_jobs_topcard-title,2025-11-16 19:16:19,,,4
4341360424,Commercial/closer 100% remote,"Mission :

- Le closer est responsable de transformer les rendez-vous en clients payants.
- Il gère les appels de vente, suit les prospects dans le CRM, relance systématiquement et assure le suivi jusqu’à la signature.
- Il travaille en coordination avec les équipes marketing et opérationnelles pour garantir une expérience fluide et professionnelle à chaque prospect.
- Il prend des notes précises dans le CRM pour permettre aux autres membres de l’équipe de suivre le dossier efficacement.







Définition projet vidéo :

- Closer des rendez-vous qualifiés (objectif : ≥20% de closing )
- Encaisser les acomptes / montants des deals
- Rester disponible, réactif et professionnel
- Missions 100% remote , clientèle B2B . (client cible : gérant de sociétés dans le BTP)
- Cible : profil 25–45 ans , autonome, orienté performance
- Rémunération à la performance : 150€ à 350€ par deal
- Appels Google Meet 30 à 90 minutes
- Rejoindre une équipe jeune, motivée",Agendac : Agence de Communication pour Sociétés de rénovation énergétique en France et Suisse Romand,https://fr.linkedin.com/company/agendac-sas?trk=public_jobs_topcard-org-name,https://fr.linkedin.com/jobs/view/commercial-closer-100%25-remote-at-agendac-agence-de-communication-pour-soci%C3%A9t%C3%A9s-de-r%C3%A9novation-%C3%A9nerg%C3%A9tique-en-france-et-suisse-romand-4341360424?trk=public_jobs_topcard-title,2025-11-17 01:20:26,Arno Ador,https://fr.linkedin.com/in/arno-ador,1
4336311461,Generalist AI Data Analyst (Remote),"- Role: Generalist AI Data Analyst
- Location: Remote (Flexible)
- Compensation: Earn up to $10,000 Per Month



About the Role

Join a worldwide community of skilled professionals outsmarting AI with human creativity and analytical brilliance. As a Data Contributor, you will directly influence the quality and safety of cutting-edge language models, including collaborations with industry-standard partners.



Responsibilities

- Evaluate and rank outputs from large language models by reviewing reasoning, problem-solving, and response quality.
- Develop professional-level prompts and critique AI-generated content with user-centric thinking.
- Contribute to a variety of AI projects determined by your skill sets and expertise.



Requirements

- Bachelor’s degree or higher (or currently enrolled).
- Demonstrated analytical, problem-solving, and critical thinking skills.
- Clear and engaging writing style with attention to detail and technical precision.



Community & Growth

- Join an international team of coding and data experts.
- Influence enterprise adoption of advanced models like Llama in partnership with Scale AI and Meta.



Apply Now!",AI Jobs,https://www.linkedin.com/company/ai-jobss?trk=public_jobs_topcard-org-name,https://uk.linkedin.com/jobs/view/generalist-ai-data-analyst-remote-at-ai-jobs-4336311461?trk=public_jobs_topcard-title,2025-11-16 13:29:43,,,5
4336410342,AI Model Quality Evaluator (Remote),"- Role: AI Model Quality Evaluator
- Location: Remote (Flexible)
- Compensation: Earn up to $10,000 Per Month



About the Role

Join a worldwide community of skilled professionals outsmarting AI with human creativity and analytical brilliance. As a Data Contributor, you will directly influence the quality and safety of cutting-edge language models, including collaborations with industry-standard partners.



Responsibilities

- Evaluate and rank outputs from large language models by reviewing reasoning, problem-solving, and response quality.
- Develop professional-level prompts and critique AI-generated content with user-centric thinking.
- Contribute to a variety of AI projects determined by your skill sets and expertise.



Requirements

- Bachelor’s degree or higher (or currently enrolled).
- Demonstrated analytical, problem-solving, and critical thinking skills.
- Clear and engaging writing style with attention to detail and technical precision.



Community & Growth

- Join an international team of coding and data experts.
- Influence enterprise adoption of advanced models like Llama in partnership with Scale AI and Meta.



Apply Now!",AI Jobs,https://www.linkedin.com/company/ai-jobss?trk=public_jobs_topcard-org-name,https://uk.linkedin.com/jobs/view/ai-model-quality-evaluator-remote-at-ai-jobs-4336410342?trk=public_jobs_topcard-title,2025-11-16 10:32:11,,,5
4336520140,Generalist AI Data Analyst (Remote),"- Role: Generalist AI Data Analyst
- Location: Ireland
- Compensation: Earn up to $10,000 Per Month



About the Role

Join a worldwide community of skilled professionals outsmarting AI with human creativity and analytical brilliance. As a Data Contributor, you will directly influence the quality and safety of cutting-edge language models, including collaborations with industry-standard partners.



Responsibilities

- Evaluate and rank outputs from large language models by reviewing reasoning, problem-solving, and response quality.
- Develop professional-level prompts and critique AI-generated content with user-centric thinking.
- Contribute to a variety of AI projects determined by your skill sets and expertise.



Requirements

- Bachelor’s degree or higher (or currently enrolled).
- Demonstrated analytical, problem-solving, and critical thinking skills.
- Clear and engaging writing style with attention to detail and technical precision.



Community & Growth

- Join an international team of coding and data experts.
- Influence enterprise adoption of advanced models like Llama in partnership with Scale AI and Meta.



Apply Now!",AI Jobs,https://www.linkedin.com/company/ai-jobss?trk=public_jobs_topcard-org-name,https://ie.linkedin.com/jobs/view/generalist-ai-data-analyst-remote-at-ai-jobs-4336520140?trk=public_jobs_topcard-title,2025-11-16 10:33:49,,,5
4336390442,AI Model Software Tester (Remote),"- Role: AI Model Tester
- Location: Ireland
- Compensation: Earn up to $10,000 Per Month



About the Role

Join a worldwide community of skilled professionals outsmarting AI with human creativity and analytical brilliance. As a Data Contributor, you will directly influence the quality and safety of cutting-edge language models, including collaborations with industry-standard partners.



Responsibilities

- Evaluate and rank outputs from large language models by reviewing reasoning, problem-solving, and response quality.
- Develop professional-level prompts and critique AI-generated content with user-centric thinking.
- Contribute to a variety of AI projects determined by your skill sets and expertise.



Requirements

- Bachelor’s degree or higher (or currently enrolled).
- Demonstrated analytical, problem-solving, and critical thinking skills.
- Clear and engaging writing style with attention to detail and technical precision.



Community & Growth

- Join an international team of coding and data experts.
- Influence enterprise adoption of advanced models like Llama in partnership with Scale AI and Meta.



Apply Now!",AI Jobs,https://www.linkedin.com/company/ai-jobss?trk=public_jobs_topcard-org-name,https://ie.linkedin.com/jobs/view/ai-model-software-tester-remote-at-ai-jobs-4336390442?trk=public_jobs_topcard-title,2025-11-16 10:33:54,,,5
4336360490,Remote Prompt Engineer (Remote),"- Role: Remote Prompt Creator
- Location: Ireland
- Compensation: Earn up to $10,000 Per Month



About the Role

Join a worldwide community of skilled professionals outsmarting AI with human creativity and analytical brilliance. As a Data Contributor, you will directly influence the quality and safety of cutting-edge language models, including collaborations with industry-standard partners.



Responsibilities

- Evaluate and rank outputs from large language models by reviewing reasoning, problem-solving, and response quality.
- Develop professional-level prompts and critique AI-generated content with user-centric thinking.
- Contribute to a variety of AI projects determined by your skill sets and expertise.



Requirements

- Bachelor’s degree or higher (or currently enrolled).
- Demonstrated analytical, problem-solving, and critical thinking skills.
- Clear and engaging writing style with attention to detail and technical precision.



Community & Growth

- Join an international team of coding and data experts.
- Influence enterprise adoption of advanced models like Llama in partnership with Scale AI and Meta.



Apply Now!",AI Jobs,https://www.linkedin.com/company/ai-jobss?trk=public_jobs_topcard-org-name,https://ie.linkedin.com/jobs/view/remote-prompt-engineer-remote-at-ai-jobs-4336360490?trk=public_jobs_topcard-title,2025-11-16 10:33:58,,,5
4336380398,Prompt Engineer (Remote),"- Role: Prompt Engineer
- Location: Ireland
- Compensation: Earn up to $10,000 Per Month



About the Role

Join a worldwide community of skilled professionals outsmarting AI with human creativity and analytical brilliance. As a Data Contributor, you will directly influence the quality and safety of cutting-edge language models, including collaborations with industry-standard partners.



Responsibilities

- Evaluate and rank outputs from large language models by reviewing reasoning, problem-solving, and response quality.
- Develop professional-level prompts and critique AI-generated content with user-centric thinking.
- Contribute to a variety of AI projects determined by your skill sets and expertise.



Requirements

- Bachelor’s degree or higher (or currently enrolled).
- Demonstrated analytical, problem-solving, and critical thinking skills.
- Clear and engaging writing style with attention to detail and technical precision.



Community & Growth

- Join an international team of coding and data experts.
- Influence enterprise adoption of advanced models like Llama in partnership with Scale AI and Meta.



Apply Now!",AI Jobs,https://www.linkedin.com/company/ai-jobss?trk=public_jobs_topcard-org-name,https://ie.linkedin.com/jobs/view/prompt-engineer-remote-at-ai-jobs-4336380398?trk=public_jobs_topcard-title,2025-11-16 09:35:05,,,5
4336410881,AI Data Analyst (Remote),"- Role: AI Data Analyst
- Location: Remote (Flexible)
- Compensation: Earn up to $10,000 Per Month



About the Role

Join a worldwide community of skilled professionals outsmarting AI with human creativity and analytical brilliance. As a Data Contributor, you will directly influence the quality and safety of cutting-edge language models, including collaborations with industry-standard partners.



Responsibilities

- Evaluate and rank outputs from large language models by reviewing reasoning, problem-solving, and response quality.
- Develop professional-level prompts and critique AI-generated content with user-centric thinking.
- Contribute to a variety of AI projects determined by your skill sets and expertise.



Requirements

- Bachelor’s degree or higher (or currently enrolled).
- Demonstrated analytical, problem-solving, and critical thinking skills.
- Clear and engaging writing style with attention to detail and technical precision.



Community & Growth

- Join an international team of coding and data experts.
- Influence enterprise adoption of advanced models like Llama in partnership with Scale AI and Meta.



Apply Now!",AI Jobs,https://www.linkedin.com/company/ai-jobss?trk=public_jobs_topcard-org-name,https://uk.linkedin.com/jobs/view/ai-data-analyst-remote-at-ai-jobs-4336410881?trk=public_jobs_topcard-title,2025-11-16 13:29:36,,,4
4336310823,AI Data Annotation Specialist (Remote),"- Role: AI Data Annotation Specialist
- Location: Remote (Flexible)
- Compensation: Earn up to $10,000 Per Month



About the Role

Join a worldwide community of skilled professionals outsmarting AI with human creativity and analytical brilliance. As a Data Contributor, you will directly influence the quality and safety of cutting-edge language models, including collaborations with industry-standard partners.



Responsibilities

- Evaluate and rank outputs from large language models by reviewing reasoning, problem-solving, and response quality.
- Develop professional-level prompts and critique AI-generated content with user-centric thinking.
- Contribute to a variety of AI projects determined by your skill sets and expertise.



Requirements

- Bachelor’s degree or higher (or currently enrolled).
- Demonstrated analytical, problem-solving, and critical thinking skills.
- Clear and engaging writing style with attention to detail and technical precision.



Community & Growth

- Join an international team of coding and data experts.
- Influence enterprise adoption of advanced models like Llama in partnership with Scale AI and Meta.



Apply Now!",AI Jobs,https://www.linkedin.com/company/ai-jobss?trk=public_jobs_topcard-org-name,https://uk.linkedin.com/jobs/view/ai-data-annotation-specialist-remote-at-ai-jobs-4336310823?trk=public_jobs_topcard-title,2025-11-16 09:29:40,,,4
4336500054,Freelance AI Data Specialist (Remote),"- Role: Freelance AI Data Specialist
- Location: Remote (Flexible)
- Compensation: Earn up to $10,000 Per Month



About the Role

Join a worldwide community of skilled professionals outsmarting AI with human creativity and analytical brilliance. As a Data Contributor, you will directly influence the quality and safety of cutting-edge language models, including collaborations with industry-standard partners.



Responsibilities

- Evaluate and rank outputs from large language models by reviewing reasoning, problem-solving, and response quality.
- Develop professional-level prompts and critique AI-generated content with user-centric thinking.
- Contribute to a variety of AI projects determined by your skill sets and expertise.



Requirements

- Bachelor’s degree or higher (or currently enrolled).
- Demonstrated analytical, problem-solving, and critical thinking skills.
- Clear and engaging writing style with attention to detail and technical precision.



Community & Growth

- Join an international team of coding and data experts.
- Influence enterprise adoption of advanced models like Llama in partnership with Scale AI and Meta.



Apply Now!",AI Jobs,https://www.linkedin.com/company/ai-jobss?trk=public_jobs_topcard-org-name,https://uk.linkedin.com/jobs/view/freelance-ai-data-specialist-remote-at-ai-jobs-4336500054?trk=public_jobs_topcard-title,2025-11-16 10:29:44,,,4
4336460247,AI Model Software Tester (Remote),"- Role: AI Model Tester
- Location: Remote (Flexible)
- Compensation: Earn up to $10,000 Per Month



About the Role

Join a worldwide community of skilled professionals outsmarting AI with human creativity and analytical brilliance. As a Data Contributor, you will directly influence the quality and safety of cutting-edge language models, including collaborations with industry-standard partners.



Responsibilities

- Evaluate and rank outputs from large language models by reviewing reasoning, problem-solving, and response quality.
- Develop professional-level prompts and critique AI-generated content with user-centric thinking.
- Contribute to a variety of AI projects determined by your skill sets and expertise.



Requirements

- Bachelor’s degree or higher (or currently enrolled).
- Demonstrated analytical, problem-solving, and critical thinking skills.
- Clear and engaging writing style with attention to detail and technical precision.



Community & Growth

- Join an international team of coding and data experts.
- Influence enterprise adoption of advanced models like Llama in partnership with Scale AI and Meta.



Apply Now!",AI Jobs,https://www.linkedin.com/company/ai-jobss?trk=public_jobs_topcard-org-name,https://uk.linkedin.com/jobs/view/ai-model-software-tester-remote-at-ai-jobs-4336460247?trk=public_jobs_topcard-title,2025-11-16 10:29:46,,,4
4336530052,AI Data Validator (Remote),"- Role: AI Data Validator
- Location: Remote (Flexible)
- Compensation: Earn up to $10,000 Per Month



About the Role

Join a worldwide community of skilled professionals outsmarting AI with human creativity and analytical brilliance. As a Data Contributor, you will directly influence the quality and safety of cutting-edge language models, including collaborations with industry-standard partners.



Responsibilities

- Evaluate and rank outputs from large language models by reviewing reasoning, problem-solving, and response quality.
- Develop professional-level prompts and critique AI-generated content with user-centric thinking.
- Contribute to a variety of AI projects determined by your skill sets and expertise.



Requirements

- Bachelor’s degree or higher (or currently enrolled).
- Demonstrated analytical, problem-solving, and critical thinking skills.
- Clear and engaging writing style with attention to detail and technical precision.



Community & Growth

- Join an international team of coding and data experts.
- Influence enterprise adoption of advanced models like Llama in partnership with Scale AI and Meta.



Apply Now!",AI Jobs,https://www.linkedin.com/company/ai-jobss?trk=public_jobs_topcard-org-name,https://uk.linkedin.com/jobs/view/ai-data-validator-remote-at-ai-jobs-4336530052?trk=public_jobs_topcard-title,2025-11-16 10:29:50,,,4
4336371077,Data Contributor (Remote),"- Role: Data Contributor
- Location: Remote (Flexible)
- Compensation: Earn up to $10,000 Per Month



About the Role

Join a worldwide community of skilled professionals outsmarting AI with human creativity and analytical brilliance. As a Data Contributor, you will directly influence the quality and safety of cutting-edge language models, including collaborations with industry-standard partners.



Responsibilities

- Evaluate and rank outputs from large language models by reviewing reasoning, problem-solving, and response quality.
- Develop professional-level prompts and critique AI-generated content with user-centric thinking.
- Contribute to a variety of AI projects determined by your skill sets and expertise.



Requirements

- Bachelor’s degree or higher (or currently enrolled).
- Demonstrated analytical, problem-solving, and critical thinking skills.
- Clear and engaging writing style with attention to detail and technical precision.



Community & Growth

- Join an international team of coding and data experts.
- Influence enterprise adoption of advanced models like Llama in partnership with Scale AI and Meta.



Apply Now!",AI Jobs,https://www.linkedin.com/company/ai-jobss?trk=public_jobs_topcard-org-name,https://uk.linkedin.com/jobs/view/data-contributor-remote-at-ai-jobs-4336371077?trk=public_jobs_topcard-title,2025-11-16 13:30:25,,,4
4336420284,AI Language Model Reviewer (Remote),"- Role: AI Language Model Reviewer
- Location: Remote (Flexible)
- Compensation: Earn up to $10,000 Per Month



About the Role

Join a worldwide community of skilled professionals outsmarting AI with human creativity and analytical brilliance. As a Data Contributor, you will directly influence the quality and safety of cutting-edge language models, including collaborations with industry-standard partners.



Responsibilities

- Evaluate and rank outputs from large language models by reviewing reasoning, problem-solving, and response quality.
- Develop professional-level prompts and critique AI-generated content with user-centric thinking.
- Contribute to a variety of AI projects determined by your skill sets and expertise.



Requirements

- Bachelor’s degree or higher (or currently enrolled).
- Demonstrated analytical, problem-solving, and critical thinking skills.
- Clear and engaging writing style with attention to detail and technical precision.



Community & Growth

- Join an international team of coding and data experts.
- Influence enterprise adoption of advanced models like Llama in partnership with Scale AI and Meta.



Apply Now!",AI Jobs,https://www.linkedin.com/company/ai-jobss?trk=public_jobs_topcard-org-name,https://uk.linkedin.com/jobs/view/ai-language-model-reviewer-remote-at-ai-jobs-4336420284?trk=public_jobs_topcard-title,2025-11-16 10:30:56,,,4
4336480107,Prompt Engineer (Remote),"- Role: Prompt Engineer
- Compensation: Earn up to $10,000 Per Month



About the Role

Join a worldwide community of skilled professionals outsmarting AI with human creativity and analytical brilliance. As a Data Contributor, you will directly influence the quality and safety of cutting-edge language models, including collaborations with industry-standard partners.



Responsibilities

- Evaluate and rank outputs from large language models by reviewing reasoning, problem-solving, and response quality.
- Develop professional-level prompts and critique AI-generated content with user-centric thinking.
- Contribute to a variety of AI projects determined by your skill sets and expertise.



Requirements

- Bachelor’s degree or higher (or currently enrolled).
- Demonstrated analytical, problem-solving, and critical thinking skills.
- Clear and engaging writing style with attention to detail and technical precision.



Community & Growth

- Join an international team of coding and data experts.
- Influence enterprise adoption of advanced models like Llama in partnership with Scale AI and Meta.



Apply Now!",AI Jobs,https://www.linkedin.com/company/ai-jobss?trk=public_jobs_topcard-org-name,https://uk.linkedin.com/jobs/view/prompt-engineer-remote-at-ai-jobs-4336480107?trk=public_jobs_topcard-title,2025-11-16 09:31:04,,,4
4336510082,AI Content Evaluator (Remote),"- Role: AI Content Evaluator
- Location: Remote (Flexible)
- Compensation: Earn up to $10,000 Per Month



About the Role

Join a worldwide community of skilled professionals outsmarting AI with human creativity and analytical brilliance. As a Data Contributor, you will directly influence the quality and safety of cutting-edge language models, including collaborations with industry-standard partners.



Responsibilities

- Evaluate and rank outputs from large language models by reviewing reasoning, problem-solving, and response quality.
- Develop professional-level prompts and critique AI-generated content with user-centric thinking.
- Contribute to a variety of AI projects determined by your skill sets and expertise.



Requirements

- Bachelor’s degree or higher (or currently enrolled).
- Demonstrated analytical, problem-solving, and critical thinking skills.
- Clear and engaging writing style with attention to detail and technical precision.



Community & Growth

- Join an international team of coding and data experts.
- Influence enterprise adoption of advanced models like Llama in partnership with Scale AI and Meta.



Apply Now!",AI Jobs,https://www.linkedin.com/company/ai-jobss?trk=public_jobs_topcard-org-name,https://uk.linkedin.com/jobs/view/ai-content-evaluator-remote-at-ai-jobs-4336510082?trk=public_jobs_topcard-title,2025-11-16 10:32:07,,,4
4336309892,Data Labeling Associate (Remote),"- Role: Data Labeling Associate
- Location: Remote (Flexible)
- Compensation: Earn up to $10,000 Per Month



About the Role

Join a worldwide community of skilled professionals outsmarting AI with human creativity and analytical brilliance. As a Data Contributor, you will directly influence the quality and safety of cutting-edge language models, including collaborations with industry-standard partners.



Responsibilities

- Evaluate and rank outputs from large language models by reviewing reasoning, problem-solving, and response quality.
- Develop professional-level prompts and critique AI-generated content with user-centric thinking.
- Contribute to a variety of AI projects determined by your skill sets and expertise.



Requirements

- Bachelor’s degree or higher (or currently enrolled).
- Demonstrated analytical, problem-solving, and critical thinking skills.
- Clear and engaging writing style with attention to detail and technical precision.



Community & Growth

- Join an international team of coding and data experts.
- Influence enterprise adoption of advanced models like Llama in partnership with Scale AI and Meta.



Apply Now!",AI Jobs,https://www.linkedin.com/company/ai-jobss?trk=public_jobs_topcard-org-name,https://uk.linkedin.com/jobs/view/data-labeling-associate-remote-at-ai-jobs-4336309892?trk=public_jobs_topcard-title,2025-11-16 10:32:30,,,4
4336390338,Data Quality Tester (Remote),"- Role: Data Quality Tester
- Location: Remote (Flexible)
- Compensation: Earn up to $10,000 Per Month



About the Role

Join a worldwide community of skilled professionals outsmarting AI with human creativity and analytical brilliance. As a Data Contributor, you will directly influence the quality and safety of cutting-edge language models, including collaborations with industry-standard partners.



Responsibilities

- Evaluate and rank outputs from large language models by reviewing reasoning, problem-solving, and response quality.
- Develop professional-level prompts and critique AI-generated content with user-centric thinking.
- Contribute to a variety of AI projects determined by your skill sets and expertise.



Requirements

- Bachelor’s degree or higher (or currently enrolled).
- Demonstrated analytical, problem-solving, and critical thinking skills.
- Clear and engaging writing style with attention to detail and technical precision.



Community & Growth

- Join an international team of coding and data experts.
- Influence enterprise adoption of advanced models like Llama in partnership with Scale AI and Meta.



Apply Now!",AI Jobs,https://www.linkedin.com/company/ai-jobss?trk=public_jobs_topcard-org-name,https://uk.linkedin.com/jobs/view/data-quality-tester-remote-at-ai-jobs-4336390338?trk=public_jobs_topcard-title,2025-11-16 09:32:37,,,4
4336520137,AI Data Analyst (Remote),"- Role: AI Data Analyst
- Location: Ireland
- Compensation: Earn up to $10,000 Per Month



About the Role

Join a worldwide community of skilled professionals outsmarting AI with human creativity and analytical brilliance. As a Data Contributor, you will directly influence the quality and safety of cutting-edge language models, including collaborations with industry-standard partners.



Responsibilities

- Evaluate and rank outputs from large language models by reviewing reasoning, problem-solving, and response quality.
- Develop professional-level prompts and critique AI-generated content with user-centric thinking.
- Contribute to a variety of AI projects determined by your skill sets and expertise.



Requirements

- Bachelor’s degree or higher (or currently enrolled).
- Demonstrated analytical, problem-solving, and critical thinking skills.
- Clear and engaging writing style with attention to detail and technical precision.



Community & Growth

- Join an international team of coding and data experts.
- Influence enterprise adoption of advanced models like Llama in partnership with Scale AI and Meta.



Apply Now!",AI Jobs,https://www.linkedin.com/company/ai-jobss?trk=public_jobs_topcard-org-name,https://ie.linkedin.com/jobs/view/ai-data-analyst-remote-at-ai-jobs-4336520137?trk=public_jobs_topcard-title,2025-11-16 10:33:44,,,4
4336330602,Artificial Intelligence Data Reviewer (Remote),"- Role: Artificial Intelligence Data Reviewer
- Location: Ireland
- Compensation: Earn up to $10,000 Per Month



About the Role

Join a worldwide community of skilled professionals outsmarting AI with human creativity and analytical brilliance. As a Data Contributor, you will directly influence the quality and safety of cutting-edge language models, including collaborations with industry-standard partners.



Responsibilities

- Evaluate and rank outputs from large language models by reviewing reasoning, problem-solving, and response quality.
- Develop professional-level prompts and critique AI-generated content with user-centric thinking.
- Contribute to a variety of AI projects determined by your skill sets and expertise.



Requirements

- Bachelor’s degree or higher (or currently enrolled).
- Demonstrated analytical, problem-solving, and critical thinking skills.
- Clear and engaging writing style with attention to detail and technical precision.



Community & Growth

- Join an international team of coding and data experts.
- Influence enterprise adoption of advanced models like Llama in partnership with Scale AI and Meta.



Apply Now!",AI Jobs,https://www.linkedin.com/company/ai-jobss?trk=public_jobs_topcard-org-name,https://ie.linkedin.com/jobs/view/artificial-intelligence-data-reviewer-remote-at-ai-jobs-4336330602?trk=public_jobs_topcard-title,2025-11-16 10:33:45,,,4
4336460308,Freelance AI Data Specialist (Remote),"- Role: Freelance AI Data Specialist
- Location: Ireland
- Compensation: Earn up to $10,000 Per Month



About the Role

Join a worldwide community of skilled professionals outsmarting AI with human creativity and analytical brilliance. As a Data Contributor, you will directly influence the quality and safety of cutting-edge language models, including collaborations with industry-standard partners.



Responsibilities

- Evaluate and rank outputs from large language models by reviewing reasoning, problem-solving, and response quality.
- Develop professional-level prompts and critique AI-generated content with user-centric thinking.
- Contribute to a variety of AI projects determined by your skill sets and expertise.



Requirements

- Bachelor’s degree or higher (or currently enrolled).
- Demonstrated analytical, problem-solving, and critical thinking skills.
- Clear and engaging writing style with attention to detail and technical precision.



Community & Growth

- Join an international team of coding and data experts.
- Influence enterprise adoption of advanced models like Llama in partnership with Scale AI and Meta.



Apply Now!",AI Jobs,https://www.linkedin.com/company/ai-jobss?trk=public_jobs_topcard-org-name,https://ie.linkedin.com/jobs/view/freelance-ai-data-specialist-remote-at-ai-jobs-4336460308?trk=public_jobs_topcard-title,2025-11-16 10:33:51,,,4
4336340698,AI Data Validator (Remote),"- Role: AI Data Validator
- Location: Ireland
- Compensation: Earn up to $10,000 Per Month



About the Role

Join a worldwide community of skilled professionals outsmarting AI with human creativity and analytical brilliance. As a Data Contributor, you will directly influence the quality and safety of cutting-edge language models, including collaborations with industry-standard partners.



Responsibilities

- Evaluate and rank outputs from large language models by reviewing reasoning, problem-solving, and response quality.
- Develop professional-level prompts and critique AI-generated content with user-centric thinking.
- Contribute to a variety of AI projects determined by your skill sets and expertise.



Requirements

- Bachelor’s degree or higher (or currently enrolled).
- Demonstrated analytical, problem-solving, and critical thinking skills.
- Clear and engaging writing style with attention to detail and technical precision.



Community & Growth

- Join an international team of coding and data experts.
- Influence enterprise adoption of advanced models like Llama in partnership with Scale AI and Meta.



Apply Now!",AI Jobs,https://www.linkedin.com/company/ai-jobss?trk=public_jobs_topcard-org-name,https://ie.linkedin.com/jobs/view/ai-data-validator-remote-at-ai-jobs-4336340698?trk=public_jobs_topcard-title,2025-11-16 10:33:53,,,4
4336500097,AI Language Model Reviewer (Remote),"- Role: AI Language Model Reviewer
- Location: Ireland
- Compensation: Earn up to $10,000 Per Month



About the Role

Join a worldwide community of skilled professionals outsmarting AI with human creativity and analytical brilliance. As a Data Contributor, you will directly influence the quality and safety of cutting-edge language models, including collaborations with industry-standard partners.



Responsibilities

- Evaluate and rank outputs from large language models by reviewing reasoning, problem-solving, and response quality.
- Develop professional-level prompts and critique AI-generated content with user-centric thinking.
- Contribute to a variety of AI projects determined by your skill sets and expertise.



Requirements

- Bachelor’s degree or higher (or currently enrolled).
- Demonstrated analytical, problem-solving, and critical thinking skills.
- Clear and engaging writing style with attention to detail and technical precision.



Community & Growth

- Join an international team of coding and data experts.
- Influence enterprise adoption of advanced models like Llama in partnership with Scale AI and Meta.



Apply Now!",AI Jobs,https://www.linkedin.com/company/ai-jobss?trk=public_jobs_topcard-org-name,https://ie.linkedin.com/jobs/view/ai-language-model-reviewer-remote-at-ai-jobs-4336500097?trk=public_jobs_topcard-title,2025-11-16 10:33:56,,,4
4336410393,AI Content Evaluator (Remote),"- Role: AI Content Evaluator
- Location: Ireland
- Compensation: Earn up to $10,000 Per Month



About the Role

Join a worldwide community of skilled professionals outsmarting AI with human creativity and analytical brilliance. As a Data Contributor, you will directly influence the quality and safety of cutting-edge language models, including collaborations with industry-standard partners.



Responsibilities

- Evaluate and rank outputs from large language models by reviewing reasoning, problem-solving, and response quality.
- Develop professional-level prompts and critique AI-generated content with user-centric thinking.
- Contribute to a variety of AI projects determined by your skill sets and expertise.



Requirements

- Bachelor’s degree or higher (or currently enrolled).
- Demonstrated analytical, problem-solving, and critical thinking skills.
- Clear and engaging writing style with attention to detail and technical precision.



Community & Growth

- Join an international team of coding and data experts.
- Influence enterprise adoption of advanced models like Llama in partnership with Scale AI and Meta.



Apply Now!",AI Jobs,https://www.linkedin.com/company/ai-jobss?trk=public_jobs_topcard-org-name,https://ie.linkedin.com/jobs/view/ai-content-evaluator-remote-at-ai-jobs-4336410393?trk=public_jobs_topcard-title,2025-11-16 10:34:01,,,4
4336480242,Data Contributor (Remote),"- Role: Data Contributor
- Location: Ireland
- Compensation: Earn up to $10,000 Per Month



About the Role

Join a worldwide community of skilled professionals outsmarting AI with human creativity and analytical brilliance. As a Data Contributor, you will directly influence the quality and safety of cutting-edge language models, including collaborations with industry-standard partners.



Responsibilities

- Evaluate and rank outputs from large language models by reviewing reasoning, problem-solving, and response quality.
- Develop professional-level prompts and critique AI-generated content with user-centric thinking.
- Contribute to a variety of AI projects determined by your skill sets and expertise.



Requirements

- Bachelor’s degree or higher (or currently enrolled).
- Demonstrated analytical, problem-solving, and critical thinking skills.
- Clear and engaging writing style with attention to detail and technical precision.



Community & Growth

- Join an international team of coding and data experts.
- Influence enterprise adoption of advanced models like Llama in partnership with Scale AI and Meta.



Apply Now!",AI Jobs,https://www.linkedin.com/company/ai-jobss?trk=public_jobs_topcard-org-name,https://ie.linkedin.com/jobs/view/data-contributor-remote-at-ai-jobs-4336480242?trk=public_jobs_topcard-title,2025-11-16 10:34:34,,,4
4336470167,Data Quality Tester (Remote),"- Role: Data Quality Tester
- Location: Ireland
- Compensation: Earn up to $10,000 Per Month



About the Role

Join a worldwide community of skilled professionals outsmarting AI with human creativity and analytical brilliance. As a Data Contributor, you will directly influence the quality and safety of cutting-edge language models, including collaborations with industry-standard partners.



Responsibilities

- Evaluate and rank outputs from large language models by reviewing reasoning, problem-solving, and response quality.
- Develop professional-level prompts and critique AI-generated content with user-centric thinking.
- Contribute to a variety of AI projects determined by your skill sets and expertise.



Requirements

- Bachelor’s degree or higher (or currently enrolled).
- Demonstrated analytical, problem-solving, and critical thinking skills.
- Clear and engaging writing style with attention to detail and technical precision.



Community & Growth

- Join an international team of coding and data experts.
- Influence enterprise adoption of advanced models like Llama in partnership with Scale AI and Meta.



Apply Now!",AI Jobs,https://www.linkedin.com/company/ai-jobss?trk=public_jobs_topcard-org-name,https://ie.linkedin.com/jobs/view/data-quality-tester-remote-at-ai-jobs-4336470167?trk=public_jobs_topcard-title,2025-11-16 09:34:41,,,4
4336440321,Data Labeling Associate (Remote),"- Role: Data Labeling Associate
- Location: Ireland
- Compensation: Earn up to $10,000 Per Month



About the Role

Join a worldwide community of skilled professionals outsmarting AI with human creativity and analytical brilliance. As a Data Contributor, you will directly influence the quality and safety of cutting-edge language models, including collaborations with industry-standard partners.



Responsibilities

- Evaluate and rank outputs from large language models by reviewing reasoning, problem-solving, and response quality.
- Develop professional-level prompts and critique AI-generated content with user-centric thinking.
- Contribute to a variety of AI projects determined by your skill sets and expertise.



Requirements

- Bachelor’s degree or higher (or currently enrolled).
- Demonstrated analytical, problem-solving, and critical thinking skills.
- Clear and engaging writing style with attention to detail and technical precision.



Community & Growth

- Join an international team of coding and data experts.
- Influence enterprise adoption of advanced models like Llama in partnership with Scale AI and Meta.



Apply Now!",AI Jobs,https://www.linkedin.com/company/ai-jobss?trk=public_jobs_topcard-org-name,https://ie.linkedin.com/jobs/view/data-labeling-associate-remote-at-ai-jobs-4336440321?trk=public_jobs_topcard-title,2025-11-16 10:35:07,,,4
4336510113,AI Model Quality Evaluator (Remote),"- Role: AI Model Quality Evaluator
- Location: Ireland
- Compensation: Earn up to $10,000 Per Month



About the Role

Join a worldwide community of skilled professionals outsmarting AI with human creativity and analytical brilliance. As a Data Contributor, you will directly influence the quality and safety of cutting-edge language models, including collaborations with industry-standard partners.



Responsibilities

- Evaluate and rank outputs from large language models by reviewing reasoning, problem-solving, and response quality.
- Develop professional-level prompts and critique AI-generated content with user-centric thinking.
- Contribute to a variety of AI projects determined by your skill sets and expertise.



Requirements

- Bachelor’s degree or higher (or currently enrolled).
- Demonstrated analytical, problem-solving, and critical thinking skills.
- Clear and engaging writing style with attention to detail and technical precision.



Community & Growth

- Join an international team of coding and data experts.
- Influence enterprise adoption of advanced models like Llama in partnership with Scale AI and Meta.



Apply Now!",AI Jobs,https://www.linkedin.com/company/ai-jobss?trk=public_jobs_topcard-org-name,https://ie.linkedin.com/jobs/view/ai-model-quality-evaluator-remote-at-ai-jobs-4336510113?trk=public_jobs_topcard-title,2025-11-16 10:36:05,,,4
4336420345,LLM Data Quality Specialist (Remote),"- Role: LLM Data Quality Specialist
- Location: Ireland
- Compensation: Earn up to $10,000 Per Month



About the Role

Join a worldwide community of skilled professionals outsmarting AI with human creativity and analytical brilliance. As a Data Contributor, you will directly influence the quality and safety of cutting-edge language models, including collaborations with industry-standard partners.



Responsibilities

- Evaluate and rank outputs from large language models by reviewing reasoning, problem-solving, and response quality.
- Develop professional-level prompts and critique AI-generated content with user-centric thinking.
- Contribute to a variety of AI projects determined by your skill sets and expertise.



Requirements

- Bachelor’s degree or higher (or currently enrolled).
- Demonstrated analytical, problem-solving, and critical thinking skills.
- Clear and engaging writing style with attention to detail and technical precision.



Community & Growth

- Join an international team of coding and data experts.
- Influence enterprise adoption of advanced models like Llama in partnership with Scale AI and Meta.



Apply Now!",AI Jobs,https://www.linkedin.com/company/ai-jobss?trk=public_jobs_topcard-org-name,https://ie.linkedin.com/jobs/view/llm-data-quality-specialist-remote-at-ai-jobs-4336420345?trk=public_jobs_topcard-title,2025-11-16 10:36:34,,,4
4336420283,Artificial Intelligence Data Reviewer (Remote),"- Role: Artificial Intelligence Data Reviewer
- Location: Remote (Flexible)
- Compensation: Earn up to $10,000 Per Month



About the Role

Join a worldwide community of skilled professionals outsmarting AI with human creativity and analytical brilliance. As a Data Contributor, you will directly influence the quality and safety of cutting-edge language models, including collaborations with industry-standard partners.



Responsibilities

- Evaluate and rank outputs from large language models by reviewing reasoning, problem-solving, and response quality.
- Develop professional-level prompts and critique AI-generated content with user-centric thinking.
- Contribute to a variety of AI projects determined by your skill sets and expertise.



Requirements

- Bachelor’s degree or higher (or currently enrolled).
- Demonstrated analytical, problem-solving, and critical thinking skills.
- Clear and engaging writing style with attention to detail and technical precision.



Community & Growth

- Join an international team of coding and data experts.
- Influence enterprise adoption of advanced models like Llama in partnership with Scale AI and Meta.



Apply Now!",AI Jobs,https://www.linkedin.com/company/ai-jobss?trk=public_jobs_topcard-org-name,https://uk.linkedin.com/jobs/view/artificial-intelligence-data-reviewer-remote-at-ai-jobs-4336420283?trk=public_jobs_topcard-title,2025-11-16 10:29:38,,,3
4336350573,AI Data Annotation Specialist (Remote),"- Role: AI Data Annotation Specialist
- Location: Ireland
- Compensation: Earn up to $10,000 Per Month



About the Role

Join a worldwide community of skilled professionals outsmarting AI with human creativity and analytical brilliance. As a Data Contributor, you will directly influence the quality and safety of cutting-edge language models, including collaborations with industry-standard partners.



Responsibilities

- Evaluate and rank outputs from large language models by reviewing reasoning, problem-solving, and response quality.
- Develop professional-level prompts and critique AI-generated content with user-centric thinking.
- Contribute to a variety of AI projects determined by your skill sets and expertise.



Requirements

- Bachelor’s degree or higher (or currently enrolled).
- Demonstrated analytical, problem-solving, and critical thinking skills.
- Clear and engaging writing style with attention to detail and technical precision.



Community & Growth

- Join an international team of coding and data experts.
- Influence enterprise adoption of advanced models like Llama in partnership with Scale AI and Meta.



Apply Now!",AI Jobs,https://www.linkedin.com/company/ai-jobss?trk=public_jobs_topcard-org-name,https://ie.linkedin.com/jobs/view/ai-data-annotation-specialist-remote-at-ai-jobs-4336350573?trk=public_jobs_topcard-title,2025-11-16 10:33:47,,,3
4336148658,Consulente commerciale per servizi di intelligenza artificiale,"Consulente per la generazione di appuntamenti e la vendita di corsi di formazione in ambito intelligenza artificiale



La posizione ha lo scopo di ampliare la presenza sul mercato dei corsi e delle consulenze professionali erogate in ambito digitalizzazione e intelligenza artificiale. La persona selezionata sarà responsabile della generazione di nuovi contatti qualificati, della gestione del primo contatto commerciale e della pianificazione degli appuntamenti nel calendario.



Responsabilità principali

- Identificare e contattare potenziali clienti (PMI, professionisti, associazioni, enti) interessati a corsi e consulenze su intelligenza artificiale, digitalizzazione, CRM e marketing.
- Promuovere in modo professionale i servizi formativi, i workshop e le consulenze a pagamento.
- Fissare appuntamenti qualificati e inserirli nel calendario, garantendo un flusso costante di incontri.
- Utilizzare il CRM HubSpot per gestire lead, pipeline, follow-up e conversioni.
- Preparare brevi pitch di presentazione e adattarli ai diversi interlocutori.
- Lavorare in autonomia secondo obiettivi mensili di appuntamenti e risultati commerciali.
- Collaborare nella preparazione di campagne di outreach tramite email, social selling e strumenti digitali.





Requisiti richiesti

- Esperienza precedente nella vendita di servizi, nella generazione di lead o nell’organizzazione di appuntamenti commerciali.
- Ottima capacità di comunicazione professionale, sia telefonica sia scritta.
- Autonomia nella gestione del proprio lavoro e capacità di rispettare obiettivi e scadenze.
- Familiarità con temi legati alla digitalizzazione, al CRM e all’intelligenza artificiale (preferibile esperienza nel settore).
- Conoscenza di HubSpot o altri sistemi CRM.
- Disponibilità a lavorare da remoto.
- Disponibilità a lavorare con una struttura di compenso basata su commissione al 100%.







Competenze aggiuntive apprezzate

- Conoscenza degli strumenti di vendita digitale, come LinkedIn Sales Navigator.
- Capacità di usare strumenti di automazione e intelligenza artificiale per ottimizzare le attività commerciali.
- Padronanza del pacchetto Microsoft 365 e dei principali strumenti digitali.
- Esperienza nella promozione o vendita di corsi, workshop o servizi formativi.







Cosa offriamo

- Collaborazione flessibile e completamente da remoto.
- Accesso a un portafoglio consolidato di corsi e servizi in forte crescita.
- Formazione continua nei temi dell’intelligenza artificiale applicata alle aziende.
- Opportunità di lavorare a fianco di un professionista attivo in Svizzera e nel settore della digitalizzazione.",alessandromarrarosa.ch,https://ch.linkedin.com/company/alessandromarrarosa?trk=public_jobs_topcard-org-name,https://ch.linkedin.com/jobs/view/consulente-commerciale-per-servizi-di-intelligenza-artificiale-at-alessandromarrarosa-ch-4336148658?trk=public_jobs_topcard-title,2025-11-16 10:19:04,Alessandro Marrarosa,https://ch.linkedin.com/in/alessandro/en,2
4336490820,Représentant commercial indépendant,"Description de l'entreprise organisme de formation continue pour professionnel de santé.

Description du poste Alexio formation santé recherche un.e Commercial.e independanr. Dans le cadre de ce contrat, vous serez chargé.e d'identifier et de prospecter de nouveaux clients, de gérer les relations avec les partenaires existants et de promouvoir les services de formation en santé dans une démarche proactive. Vous collaborerez étroitement avec moi pour assurer la satisfaction et le suivi client. Ce poste est entièrement à distance.

Qualifications



- Connaissance du secteur de la santé et de la formation : compréhension des besoins et des enjeux spécifiques des professionnels de santé et des organismes du secteur santé.
- Compétences relationnelles : solides aptitudes à la communication, négociation et empathie pour établir des relations durables avec les clients.
- Capacités en vente : expérience en prospection, réalisation de ventes et atteinte des objectifs fixés.
- Gestion de projets : capacité à organiser, planifier et gérer efficacement les projets commerciaux.
- Autres qualifications : aptitudes en outils numériques (par exemple : Digiforma, outils de visioconférence), esprit d'équipe, et une approche orientée résultat.",Alexio formation santé,https://fr.linkedin.com/company/alexio-formation-sant%C3%A9?trk=public_jobs_topcard-org-name,https://fr.linkedin.com/jobs/view/repr%C3%A9sentant-commercial-ind%C3%A9pendant-at-alexio-formation-sant%C3%A9-4336490820?trk=public_jobs_topcard-title,2025-11-16 15:20:32,Robin VIDAL,https://fr.linkedin.com/in/robin-vidal-17b00419a,1
4340686362,Rocciatore-Operaio specializzato-Perforatore,"📌 OFFERTA DI LAVORO – ROCCIATORE SPECIALIZZATO



Alpi srl nasce nel 1992 dalla fusione delle diverse esperienze lavorative maturate dai soci fondatori nel campo geotecnico. In pochi anni diventa un punto di riferimento per la risoluzione di interventi altamente specializzati per il consolidamento di pareti rocciose e versanti in frana.

Alpi è anche specializzata nella realizzazione di berlinesi e fondazioni speciali, quali micropali e tiranti, per la costruzione ed il consolidamento di edifici e muri.



📍 Sede aziendale: Trieste (TS)



🚧 Luogo di lavoro: cantieri in Friuli-Venezia Giulia e, occasionalmente, in altre regioni italiane



🕒 Orario: Full time



📅 Disponibilità: Immediata o da concordare



🔧 Mansioni principali:

•Lavori in fune su pareti rocciose

•Messa in sicurezza di versanti e pareti

•Interventi di consolidamento e manutenzione in quota,

•Realizzazione di fondazioni speciali mediante micropali e tiranti

•Eventuale supporto ad attività complementari in cantiere



🎯 Requisiti richiesti:

•Buona esperienza nel lavoro in fune e/o in ambiente roccioso

•Disponibilità a trasferte, anche di più giorni, sul territorio nazionale

•Affidabilità, precisione e capacità di lavorare in squadra.



Costituisce titolo preferenziale:

•Attestato valido per lavori su funi (ai sensi del D.Lgs. 81/08) – modulo A

•Patente B

•Esperienza in ambito edile o geotecnico

•Conoscenza base delle normative di sicurezza sul lavoro



💼 Offriamo:

Contratto di lavoro commisurato all’esperienza (tempo determinato con possibilità di stabilizzazione, oppure indeterminato)

Lavoro dinamico e in contesti naturali e tecnici stimolanti

Vitto, alloggio e spese di trasferta a carico dell’azienda nei casi previsti

Opportunità di crescita professionale e corsi di aggiornamento



📩 Invia il tuo CV aggiornato con attestati all’indirizzo: alpi@alpi.ts.it

☎️ Per info: +39 335386890

o +39 0402158357",Alpi srl Ts,https://www.linkedin.com/company/alpi-srl-ts?trk=public_jobs_topcard-org-name,https://it.linkedin.com/jobs/view/rocciatore-operaio-specializzato-perforatore-at-alpi-srl-ts-4340686362?trk=public_jobs_topcard-title,2025-11-16 11:23:22,Alessandro Antonini,https://it.linkedin.com/in/alessandro-antonini-13a231198,1
4322904290,Email & Retention Marketer- Fashion/Luxury for Atorie,"Atorie is redefining luxury by connecting high-end factories directly with consumers. We’re scaling fast, building a cult community, and looking for an Email & Retention Marketer who can turn our audience into loyal superfans.



- Own our email + SMS strategy across Klaviyo
- Create and refine high-performing flows: welcome, post-purchase, replenishment, win-back, VIP, seasonal, and community engagement
- Manage weekly campaigns with a tight understanding of storytelling, product education, and viral hooks
- Build a retention engine that feels personal, premium, and alive
- Deeply understand our customer lifecycle and propose strategies to increase repeat purchase, LTV, and brand affinity
- Develop community-driven content that reinforces Atorie’s world, tone, and aesthetic
- Monitor performance metrics (open rate, CTR, CVR, revenue per recipient) and iterate fast
- Collaborate with design, content, and product teams to sync launches and insights
- Experiment relentlessly: creative tests, segmentation, send times, new flows, A/B testing



- 2+ years of experience in email marketing or retention for e-commerce brands
- Expert in Klaviyo (flows, templates, segmentation, dynamic variables)
- Strong copywriting skills, especially around storytelling and luxury-leaning narratives
- Great eye for design and ability to brief designers clearly
- Deep understanding of customer psychology + what makes people come back
- Comfortable working in a fast-moving, experimental startup environment
- Strong grasp of TikTok culture, digital aesthetics, and community building is a huge plus



- Work directly with the founder and core team
- Shape the voice + retention engine of one of the fastest-growing next-gen luxury brands
- Tons of creative freedom
- Massive opportunity for impact and ownership
- A brand with real product, real margins, and real community momentum

",Atorie,https://www.linkedin.com/company/shopatorie?trk=public_jobs_topcard-org-name,https://fr.linkedin.com/jobs/view/email-retention-marketer-fashion-luxury-for-atorie-at-atorie-4322904290?trk=public_jobs_topcard-title,2025-11-17 04:20:30,,,1
4341360358,Vertriebsprofi gesucht - 15% Provision (bis 20% bei Jahresumsatz ab 200.000 €) für Werbefilme & Live-Broadcast-Produktionen,"Wir bei C1NE sind eine Film- und Broadcast-Produktionsfirma, die hochwertige Werbefilme, professionelle Multikamera-Livestreams und audiovisuelle Markenauftritte für Unternehmen, Städte, Events und Institutionen realisiert. Von Werbefilmen über Imageproduktionen bis hin zu Konferenzen, Messen, Sport-Events oder hybriden Veranstaltungen, wir machen visuelle Kommunikation erlebbar.

Um unsere Reichweite zu erweitern und neue Kunden deutschlandweit zu gewinnen, suchen wir ein engagiertes Vertriebstalent auf Provisionsbasis, das Verantwortung übernimmt und den gesamten Sales-Prozess führt.

- Neukundenakquise im B2B-Bereich – branchenübergreifend (Industrie, Mittelstand, Kommunen, Events, Agenturen, Sport, Bildung, Immobilien, Hospitality uvm.)
- Verkauf von Filmproduktionen & Broadcast-Dienstleistungen : Werbefilme, Imagefilme, Eventfilme, Multikamera-Livestreams, Konferenzen, Messen.
- Eigenständige Betreuung des gesamten Sales-Prozesses von Erstkontakt bis Abschluss.
- Terminvereinbarung, Bedarfsermittlung & Präsentation unserer Leistungen.
- Enge Abstimmung bei der Angebotskalkulation gemeinsam mit der Geschäftsführung.
- Aufbau eines eigenen Kundenportfolios und langfristiger Geschäftsbeziehungen.
- Entwicklung eigener Akquisestrategien völlig frei, ohne Vorgaben oder Einschränkungen.

- Begeisterung für Vertrieb und der Wille, Abschlüsse zu erzielen.
- Überzeugende Kommunikation am Telefon, per Mail und im persönlichen Gespräch.
- Eigenständiges, unternehmerisches Denken und proaktive Arbeitsweise.
- Erfahrung im B2B-Vertrieb ist ein Plus, aber kein Muss – wichtiger ist dein Drive.
- Grundverständnis für Medien / Video / Events ist hilfreich, aber nicht zwingend.
- Hohe Motivation, sich Vertriebswege und eigene Taktiken selbst zu erarbeiten.

- Attraktive Provision: 15 % auf jedes erfolgreich realisierte Projekt (Auszahlung nach Zahlungseingang). 20 % , sobald du 200.000 € Jahresumsatz im Jahr erreichst. Keine Obergrenze dein Verdienst wächst mit deinem Erfolg.
- 100 % remote & volle Flexibilität: Arbeite komplett selbstbestimmt, wann, wo und wie du willst.
- Hochwertige Produkte, die sich gut verkaufen lassen: Werbefilme, Imagefilme, Eventfilme sowie professionelle Multi­kamera-Livestreams für Messen, Konferenzen, Sport und mehr.
- Direkte Zusammenarbeit mit der Geschäftsführung: Schnelle Entscheidungen, keine Bürokratie, enge Abstimmung bei Angebotserstellung & Projektkalkulation.
- Onboarding inklusive: Du erhältst volle Einblicke in Produktionen, Abläufe und Cases deine Vertriebsstrategien gestaltest du eigenständig.
- Unterstützung im Arbeitsalltag: Marketingmaterial, Referenzen sowie technische Expertise stehen jederzeit zur Verfügung.

Wir möchten nicht nur Filme produzieren wir möchten Firmen und Produkte erlebbar machen. Unsere Produktionen schaffen es, Emotionen zu wecken und Unternehmen auf eine Weise zu präsentieren, die im Gedächtnis bleibt. Mit Kreativität, innovativen Ansätzen und technischer Perfektion erzählen wir Geschichten, die Menschen begeistern. Wenn du uns dabei unterstützt, können wir gemeinsam noch mehr Unternehmen zeigen, wie stark filmische Inszenierungen sein können.",C1NE,https://de.linkedin.com/company/c1ne?trk=public_jobs_topcard-org-name,https://de.linkedin.com/jobs/view/vertriebsprofi-gesucht-15%25-provision-bis-20%25-bei-jahresumsatz-ab-200-000-%E2%82%AC-f%C3%BCr-werbefilme-live-broadcast-produktionen-at-c1ne-4341360358?trk=public_jobs_topcard-title,2025-11-16 23:16:18,,,1
4322792466,Full-Stack Web Developer on Lovable (React / TypeScript / Supabase),"We are seeking a skilled web developer that will help us quick start our website MVP on Lovable (AI platform). We might decide later to whether stay in the platform on move to another environment. The ideal candidate will have a strong background in web development and have experience using AI web development apps



Deliverables

- Develop and maintain websites using Lovable
- Ensure responsive design and cross-browser compatibility
- Optimize UX
- Optimize website performance and speed
- Help us with SEO



Tech Stack for Lovable.dev: React + TypeScript + Vite + Tailwind on the front, Supabase (Postgres) on the back.

",CloserMed,https://www.linkedin.com/company/closermed?trk=public_jobs_topcard-org-name,https://fr.linkedin.com/jobs/view/full-stack-web-developer-on-lovable-react-typescript-supabase-at-closermed-4322792466?trk=public_jobs_topcard-title,2025-11-16 07:20:23,,,6
4322952415,Full-Stack Web Developer on Lovable (React / TypeScript / Supabase),"We are seeking a skilled web developer that will help us quick start our website MVP on Lovable (AI platform). We might decide later to whether stay in the platform on move to another environment. The ideal candidate will have a strong background in web development and have experience using AI web development apps



Deliverables

- Develop and maintain websites using Lovable
- Ensure responsive design and cross-browser compatibility
- Optimize UX
- Optimize website performance and speed
- Help us with SEO



Tech Stack for Lovable.dev: React + TypeScript + Vite + Tailwind on the front, Supabase (Postgres) on the back.

",CloserMed,https://www.linkedin.com/company/closermed?trk=public_jobs_topcard-org-name,https://se.linkedin.com/jobs/view/full-stack-web-developer-on-lovable-react-typescript-supabase-at-closermed-4322952415?trk=public_jobs_topcard-title,2025-11-16 07:37:31,,,5
4322742724,Full-Stack Web Developer on Lovable (React / TypeScript / Supabase),"We are seeking a skilled web developer that will help us quick start our website MVP on Lovable (AI platform). We might decide later to whether stay in the platform on move to another environment. The ideal candidate will have a strong background in web development and have experience using AI web development apps



Deliverables

- Develop and maintain websites using Lovable
- Ensure responsive design and cross-browser compatibility
- Optimize UX
- Optimize website performance and speed
- Help us with SEO



Tech Stack for Lovable.dev: React + TypeScript + Vite + Tailwind on the front, Supabase (Postgres) on the back.

",CloserMed,https://www.linkedin.com/company/closermed?trk=public_jobs_topcard-org-name,https://uk.linkedin.com/jobs/view/full-stack-web-developer-on-lovable-react-typescript-supabase-at-closermed-4322742724?trk=public_jobs_topcard-title,2025-11-16 07:31:26,,,4
4340848480,Investment Associate,"Job description

Do you want to join our team and be part of the fastest growing tech Investment Agency in Europe?

We are looking for Investments Associates to join our team.

If you have strong sales skills, experience in the tech and startup industry, venture capital and business development in the tech space, you can work remotely, this could be your best opportunity!



ABOUT US

Costa Norte & Company is Europe's leading Tech Investment Agency, that specializes in capital raising and M&A for technology companies. We built a fast growing International firm that supports tech companies with their fundraising and M&A efforts, in the most efficient and professional method.



ROLE

We are scaling rapidly and seeking to add new hunters to help build and evolve our company, specifically to grow our firm’s deal flow and sourcing investments to our clients. This role requires a combination of both Sales and Research skills. (Note that it's not a financial analyst position)



RESPONSIBILITIES

Acquire new clients and source investments for our clients.

Your main objectives are to sign up new clients and present them to the most relevant investors;



- Source and qualify prospective clients before they are about to begin raising capital or seeking an M&A transaction.
- Reachout and introduce our firm to your prospective clients.
- Evaluate the prospective clients to determine if they are a fit to our firm and their match to what our network of investors are looking to invest in (e.g., market size, segmentation, technical, competitive, financial)
- Present and “sell” the prospective clients you bring in our team meetings
- Full ownership of the sales process, and and at a later stage, you’ll be expected to manage these from start to finish;

· Source and match possible investors - VCs, PEs, CVC, HNWI, family offices, for our clients

· Reach out to investors and introduce our clients

· Connect and conduct calls/meetings between our clients and possible investors

· Support the due diligence and negotiations processes



OTHER RESPONSIBILITIES

· Develop your own deal flow through partnerships

· Identify areas of inefficiencies at the firm and suggest improvements

· Passion about helping entrepreneurs succeed

· Ability to add value to startups across a broad variety of contexts

· Thrive in a fast-moving, entrepreneurial environment and can be accretive to the team and the firm's mission on day one



REQUIREMENTS

- Demonstrated ability to deliver a robust deal flow, by constantly sourcing, meeting, and assessing compelling and relevant startups; leveraging his/her outbound orientation and ecosystem relationships
- Demonstrated ability to sale, negotiate and close deals with prospective clients
- Demonstrated ability to build strong connections with founders, influencers, executives
- Hunger, drive, and passion for building and growing a next-generation investment banking advisory firm
- Track record of successful project management; able to handle multiple projects with varying constituents
- High degree of ownership of work product and exceptional attention to details
- An inquisitive and analytical nature, with the ability to quickly gather and synthesize information, draw appropriate conclusions, and make value-added recommendations
- Able to bring a proactive, creative, “can do,” resourceful and entrepreneurial approach
- High-growth technology startup and/or large technology-driven software or enterprise experience desirable
- Some venture capital, and/or management consulting experience desirable
- English (fluent) speaking - an advantage



EXPAND OUR NETWORK OF INVESTORS



Our network powers everything we do. Our team continuously build authentic relationships with investors to not only present our clients to them but to ensure we maintain unique access to critical intelligence and deal flow.

- Consistently map your network to investors in order to creatively connect the dots and complete high-value connections
- Systematically grow and leverage your network to stay on the edge of the industry, technology, and cultural trends
- Identify new (plus help manage existing) relationships with key strategic partners
- Proactively provide ideas about how to further organize and expand our expert network



PROFESSIONAL BENEFITS

· Interact with top entrepreneurs, and startups across Europe

· Learn about all facets of technology and industries in which we operate

This is an opportunity to join a growing, entrepreneurial company at the “ground floor” with lots of headroom for growth. This person will work directly with the firm’s leadership team.



EMPLOYMENT TYPE

independent consultant/ freelancing - contract base



This job is open to all individuals, regardless of gender, religion, age, disability, ethnicity, or background. Fluency in English (written and spoken) is highly desirable, and we welcome candidates from diverse linguistic and cultural backgrounds.

We are committed to fostering a diverse and inclusive environment where everyone has the opportunity to succeed. If you require reasonable accommodations during the application process, please let us know.",Costa Norte & Company,https://de.linkedin.com/company/costanortecapital?trk=public_jobs_topcard-org-name,https://de.linkedin.com/jobs/view/investment-associate-at-costa-norte-company-4340848480?trk=public_jobs_topcard-title,2025-11-16 10:16:14,Eran Aloni,https://de.linkedin.com/in/eranaloni1,1
4336372773,Data Stewardship & Reporting Lead,"Position: Data Stewardship & Reporting

Location: Madrid, Spain (Remote)

Duration: Long term contract



• Drive data stewardship/customer-facing reporting services in Spain:

- Partner with data providers, Digital, and other platform parties as needed

- Lead requirements & change management for reporting solutions, including significant change events (e.g., new approvals, launches) and emerging needs based on regular business dynamics. Request field input via focus groups or other feedback mechanisms, where applicable

• Lead data quality and compliance for HCP customer-facing reporting:

- Develop strategies to ensure continued data quality. Ensure all colleagues and contractors are Pfizer compliant

- Develop core KPIs, quality frameworks, and monitor/track service delivery and inputs into overall goals

• Exercise independent judgment to improve service delivery through increases in efficiency and scale:

- Identify needs for innovation or operational support. Takes appropriate/compliant risks to advance innovative processes and methodologies for moderately complex problems

- Drive transformation: standardization, optimization, and automation towards higher efficiency, better service quality, and faster solution provisioning

• Define priorities and allocates resources to drive efficient and effective client engagement",Cygnus Professionals Inc.,https://www.linkedin.com/company/cygnus-professionals-inc-?trk=public_jobs_topcard-org-name,https://es.linkedin.com/jobs/view/data-stewardship-reporting-lead-at-cygnus-professionals-inc-4336372773?trk=public_jobs_topcard-title,2025-11-17 04:43:51,Raj Raj,https://in.linkedin.com/in/raj-raj-a150a1227,8
4340970451,Dozent:in für Lohnbuchhaltung,"DWW Akademie ist eine moderne Bildungseinrichtung, die sich auf die Weiterbildung und Integration von Migrantinnen und Migranten in den deutschen Arbeitsmarkt spezialisiert.

Unsere Mission besteht darin, praxisnahe berufliche Fähigkeiten in den Bereichen Office-Management, Personaladministration sowie Lohn- und Gehaltsabrechnung zu vermitteln. Der Kurs „Finanz-, Bilanz- und Lohnbuchhalter mit KI und Integration in den deutschen Arbeitsmarkt“ findet vollständig online statt, sodass unsere Teilnehmenden flexibel und ortsunabhängig in ganz Deutschland lernen können.

Aktuell sind wir auf der Suche nach einem Experten/einer Expertin im Bereich Lohnbuchhaltung, der/die komplexe Themen verständlich erklären kann und Freude daran hat, Wissen praxisnah zu vermitteln.

- Durchführung des Moduls Lohnabrechnung im Rahmen unseres Kurses;
- Unterrichten auf Deutsch, unsere Teilnehmer verfügen über ein Sprachniveau B1-B2;
- Die Unterrichtseinheiten finden ab 17 Uhr statt;
- Praktische Einführung der Teilnehmenden in die Nutzung von Arztabrechnungssoftware ( DATEV, Lexware );
- Unterstützung des Dozententeams bei der Aktualisierung und Abstimmung der Unterrichtsmaterialien mit den Kurszielen;
- Unterstützung der Teilnehmenden beim Verständnis der Inhalte, auch im Online-Lernumfeld;
- Zusammenarbeit mit Koordinatoren, Mentoren und anderen Dozenten.

- Mindestens 3 Jahre Berufserfahrung in der Buchhaltung in deutschen Unternehmen;
- Sicherer Umgang mit DATEV oder Lexware;
- Kommunikationsstärke und Fähigkeit, komplexe Themen in verständlicher Sprache zu erklären.

- Remote-Arbeit von überall auf der Welt;
- Stundensatz: 50 €;
- Teilzeit (Arbeitsumfang je nach Verfügbarkeit, ca. 8-12 Stunden pro Woche);
- Stärkung Ihrer persönlichen Marke – Möglichkeit, Online-Events durchzuführen, Fachkräfte auszubilden und sich als Experte zu etablieren;
- Öffentlichkeitsarbeit in sozialen Medien – Teilnahme an Webinaren, Live-Übertragungen;
- Karrierechancen – Möglichkeit, Dekan zu werden und die Fakultät zu leiten;

Wir freuen uns auf Ihre Bewerbung!",DWW Akademie,https://de.linkedin.com/company/dwwakademie?trk=public_jobs_topcard-org-name,https://de.linkedin.com/jobs/view/dozent-in-f%C3%BCr-lohnbuchhaltung-at-dww-akademie-4340970451?trk=public_jobs_topcard-title,2025-11-16 16:16:28,,,1
4341100055,Sales Partner,"Chi Siamo

EM Consulting è una boutique di consulenza specializzata nella trasformazione delle sfide aziendali in risultati concreti e misurabili. Combiniamo consulenza strategica e competenze operative di Project Management per affiancare imprenditori, CEO, business leader e organizzazioni nella gestione e nell’esecuzione dei loro progetti più critici.

Lavoriamo come partner esterno per garantire l’implementazione efficace di iniziative complesse, con un forte focus su vendor management, strutture di project management robuste e modelli di governance solidi. Inseriamo Project Manager esperti direttamente all’interno delle organizzazioni per costruire soluzioni scalabili, trasferire know-how e generare impatti duraturi.

Abbiamo inoltre sviluppato una metodologia proprietaria che consente alle aziende di strutturare processi, governance e gestione progettuale in modo più efficiente, customer-centric e orientato ai risultati. EM Consulting offre ai team gli strumenti e le competenze necessari per garantire continuità operativa, scalabilità e successo nel lungo periodo.



Il Ruolo

Cerchiamo una figura già introdotta nel mondo bancario e fintech , con solide relazioni professionali e una conoscenza reale delle dinamiche organizzative e progettuali del settore.



Responsabilità Chiave

- Identificare opportunità commerciali presso banche, intermediari finanziari, fintech, challenger bank.
- Presentare e promuovere la nostra metodologia proprietaria a decision maker (CEO, CIO, COO, PMO, Innovation Manager).
- Gestire l’intero ciclo di vendita: lead generation, qualificazione, presentazione, negoziazione, chiusura.
- Collaborare con il team EM Consulting per personalizzare il valore della metodologia sulle esigenze del cliente.
- Fornire feedback di mercato per evolvere l’offerta e rafforzare il posizionamento competitivo.



Requisiti

- Network attivo nel settore bancario/fintech in Italia.
- Esperienza in vendita consulenziale , possibilmente in ambito organizzativo, PMO, software fintech o servizi B2B complessi.
- Conoscenza delle logiche di project management , anche non certificata ma operativa.
- Mindset imprenditoriale, orientamento a risultati, capacità di operare in autonomia.
- Forte credibilità verso interlocutori senior-level.



Cosa Offriamo

- Modello di collaborazione a commissione con percentuali molto competitive.
- Accesso diretto alla metodologia proprietaria e ai materiali commerciali.
- Supporto continuo del team di consulenza per approfondimenti tecnici e co-vendita.
- Opportunità di rappresentare un prodotto unico nel suo genere nel panorama italiano.",EM Consulting,https://www.linkedin.com/company/emcons-biz?trk=public_jobs_topcard-org-name,https://it.linkedin.com/jobs/view/sales-partner-at-em-consulting-4341100055?trk=public_jobs_topcard-title,2025-11-16 12:23:15,,,1
4336312249,Senior QA Engineer,"Senior QA Engineer - Oracle Fusion ERP experience - SC Clearance - Remote - Outside IR35 - Fully Remote - £450- £500per day.



We are seeking a highly skilled SC cleared Senior QA Engineer with expertise in Tosca-based test automation for Oracle Fusion applications, with a strong focus on ERP modules. This is a senior hands-on role within a large-scale digital transformation program.



This role will be fully remote (candidates must be based in the UK), initially for 6 months and candidates are required to have the following skills;



● In-depth knowledge of Oracle Fusion ERP (experience with HCM and SCM modules is a plus).

● Experience with Tosca including architecture and environment design, installation and configuration

● Proven track record in building and enhancing enterprise-scale test automation frameworks.

● Proficiency in CI/CD integration using GitLab, Jenkins, ADO or similar tools.

● In depth experience with OCI (Oracle cloud infrastructure)

● Experience with Jira for agile test planning and traceability.

● Good knowledge of SQL and PL/SQL for backend validation.

● Oracle Certified Associate in SQL/PLSQL (preferred or equivalent experience).

● Strong understanding of modular and scalable automation design principles.





Please forward your CV for immediate consideration.

",Exalto Consulting,https://uk.linkedin.com/company/exalto-consulting?trk=public_jobs_topcard-org-name,https://uk.linkedin.com/jobs/view/senior-qa-engineer-at-exalto-consulting-4336312249?trk=public_jobs_topcard-title,2025-11-16 21:33:07,Mohammed Imran,https://uk.linkedin.com/in/mohammed-imran-techrecruiter,1
4320973867,Java Developer,"Department: Technology

Location: Malta

- Platform Development and Maintenance: Enhance and maintain the platform, focusing on Servlets, JSP, Filters, and their lifecycles, as well as integrations.
- DevOps & CI/CD Mindset: Adopt a DevOps philosophy by promoting small, frequent releases and continuous improvement through feedback loops. Collaborate with the Java Tech Lead to establish and maintain CI/CD pipelines and automation.
- Component-Based Design: Build reusable, modular components and libraries to support efficient development and maintainability across different brands.
- Third-Level Support: Investigate and resolve production incidents, provide hotfixes, and ensure timely solutions for customer issues.
- Collaboration: Work closely with the Java Tech Lead, Product Owner, and other devs to ensure new features or platform adaptations meet functional and technical requirements.
- Testing & Quality: Focus on quality through automated testing, ensuring reliable, high-performance code. Implement unit, integration, and end-to-end testing.
- Feedback Loops: Regularly gather and incorporate feedback from stakeholders, end-users, and internal teams to iteratively improve the product.
- API Integration: Work with service providers to build or adapt APIs and integrate third-party services into the PAM.
- Documentation: Create clear, concise technical documentation to ensure maintainability and facilitate onboarding for new team members.
- OnCall rotation availability.

- 4 years in Java with solid understanding of OOP , design patterns , and multithreading .
- Hands-on experience building scalable web applications using Spring and Struts frameworks.
- Skilled in RESTful API design and integration, ensuring secure and efficient communication between systems.
- Proficient in SQL and MySQL , including query optimization and database performance tuning.
- Familiar with Servlets , JSP , and Filters for server-side application management.
- Experienced with Maven/Gradle and CI/CD pipelines for streamlined build and deployment processes.
- Advanced use of Git for version control, branching, and collaborative workflows.
- Strong focus on performance optimization , testing , debugging , and secure coding practices .",Gaming Innovation Group,https://mt.linkedin.com/company/gig-gaming-innovation-group?trk=public_jobs_topcard-org-name,https://es.linkedin.com/jobs/view/java-developer-at-gaming-innovation-group-4320973867?trk=public_jobs_topcard-title,2025-11-17 03:24:49,,,5
4322792537,Business and E-Learning,"Self-Employed | Remote | Flexible | Performance-Based



Are you looking for a location-independent opportunity that aligns with your adventurous lifestyle? If you're tired of trading hours for income and want to build a business you can run from anywhere in the world, this could be the perfect fit.



The Opportunity

We offer a fully remote, performance-based business model designed for individuals who value freedom, flexibility, and purpose. Whether you’re working from a beach café, a mountain lodge, or your favorite co-working space, this system allows you to create real income on your own terms. Start part-time and scale as you go—with a supportive global community and a proven online platform behind you.



What You’ll Do

- Promote and distribute award-winning personal development products globally.
- Generate leads through the creation and placement of basic online ads on various platforms.
- Conduct brief telephone or Zoom interviews.
- Provide support and guidance.
- Participate in weekly training sessions via Zoom.



What You’ll Gain

- Location freedom – work from anywhere
- Flexible hours – you’re in control of your schedule
- Uncapped earning potential – your results reflect your effort
- Access to a proven business model and digital tools
- Personal growth and Mentorship from experienced digital entrepreneurs
- A mission-driven global community focused on growth and impact



If you have an entrepreneurial spirit and are motivated to create success on your own terms, this remote opportunity could be the perfect next chapter. Apply now and let’s build something extraordinary—on your terms.",GearUp2Success,https://uk.linkedin.com/company/gearup2success?trk=public_jobs_topcard-org-name,https://uk.linkedin.com/jobs/view/business-and-e-learning-at-gearup2success-4322792537?trk=public_jobs_topcard-title,2025-11-16 08:33:13,,,1
4336520160,Agent commercial,,Globaltronics Partner sarl,https://tn.linkedin.com/company/globaltronics-partner-sarl?trk=public_jobs_topcard-org-name,https://fr.linkedin.com/jobs/view/agent-commercial-at-globaltronics-partner-sarl-4336520160?trk=public_jobs_topcard-title,2025-11-16 11:20:27,Gerard R.,https://fr.linkedin.com/in/gerardrose,1
4336371878,Leadership and Executive Development Facilitator,"Who we are :

HU-X is a startup whose purpose is to improve the ""human experience"" at work while helping organizations reach their strategic goals. Our team includes 70 coaches, consultants, facilitators, and behavioral economists (all former leaders in corporate, academia, and consulting).



Our services provide solutions on three levels (from ""ego-system"" to ""eco-system""):

- Executive/Leadership and team Coaching
- Leadership and Management Development
- Systemic Culture Design (purpose, structure, rewards/recognition, DIB, belonging, values, leadership competencies, etc.)



To learn more about what we do, visit: hu-x.com.



Key responsibilities :

- Design and facilitate leadership development workshops, both in-person and virtually
- Conduct one-on-one executive coaching sessions
- Develop custom learning materials and resources
- Assess leadership competencies and provide actionable feedback
- Collaborate with the hu-x team to ensure program alignment with client objectives
- Stay current with the latest leadership development trends and methodologies



Qualifications :

- Strong facilitation skills with the ability to engage senior-level audiences
- Excellent communication and interpersonal skills
- Ability to design creative and impactful learning experiences



Required experience :

- Minimum 7 years of experience in leadership development or related fields
- Relevant certifications in coaching or leadership development (e.g., ICF, EMCC)



Bonus :

- Advanced degree in Business, Psychology, or a related field
- Having held leadership roles in tech, pharmaceutical, or finance companies



Location:

- Remote, occasional onsite with clients, and various workshop / offsite locations across Europe.



Please note : because we are a small startup, we may not be able to get back to everyone. However, we have all been in your shoes and 100% understand the hard work you are doing and potential frustration while waiting to hear back. We are doing our best and are very thankful for all application and interest in HU-X.",HU-X.com,https://www.linkedin.com/company/hu-xatwork?trk=public_jobs_topcard-org-name,https://uk.linkedin.com/jobs/view/leadership-and-executive-development-facilitator-at-hu-x-com-4336371878?trk=public_jobs_topcard-title,2025-11-16 20:30:49,,,1
4341320406,Senior Quant Developer (Python) - Fully Remote - London - Up To £700 Per Day,"Role : Quant Developer (Python)

Location : London (Remote)

Client : Fintech Firm



Senior Quant Developer

Join a leading global financial technology firm at the forefront of innovation in electronic trading. This is an opportunity to work within a dynamic, collaborative environment where technology and data-driven insights are used to shape the future of financial markets. As a Senior Quant Developer, you’ll play a key role in building and optimizing trading systems across multiple asset classes — from equities to fixed income and futures — ensuring high performance, reliability, and scalability in a fast-paced trading environment.



Who You Are:

- A hands-on problem solver who thrives in fast-moving, production-critical environments.
- Passionate about financial markets and experienced in quantitative development.
- A strong communicator who can collaborate effectively across technology and trading teams.
- Comfortable taking ownership of issues and driving them to resolution.
- Curious, analytical, and always looking for ways to optimize performance and efficiency.



What’s Required:

- Proven experience as a Quant Developer, ideally within equities, fixed income, or futures.
- Strong Python development skills with a focus on pricing and analytics.
- Experience with Kafka, Docker and Kubernetes.
- Familiarity with Snowflake or other cloud-based database solutions.
- Willingness to support and troubleshoot production systems in real time.



If this sounds like you please don't hesitate to get in touch!",Hunter Bond,https://uk.linkedin.com/company/hunter-bond?trk=public_jobs_topcard-org-name,https://uk.linkedin.com/jobs/view/senior-quant-developer-python-fully-remote-london-up-to-%C2%A3700-per-day-at-hunter-bond-4341320406?trk=public_jobs_topcard-title,2025-11-16 17:29:51,Gus Upchurch,https://uk.linkedin.com/in/gus-upchurch-263802321,8
4322963123,Freelance Knitwear Designer for High-End Womenswear,,Innoistudio,https://www.linkedin.com/company/innoistudio?trk=public_jobs_topcard-org-name,https://fr.linkedin.com/jobs/view/freelance-knitwear-designer-for-high-end-womenswear-at-innoistudio-4322963123?trk=public_jobs_topcard-title,2025-11-16 17:20:34,,,1
4265590141,Norwegian Language Specialist - AI Trainer,,Invisible Expert Marketplace,https://www.linkedin.com/company/invisible-expert-marketplace?trk=public_jobs_topcard-org-name,https://no.linkedin.com/jobs/view/norwegian-language-specialist-ai-trainer-at-invisible-expert-marketplace-4265590141?trk=public_jobs_topcard-title,2025-11-16 13:38:38,,,4
4263794316,Galician Language Specialist - AI Trainer,,Invisible Expert Marketplace,https://www.linkedin.com/company/invisible-expert-marketplace?trk=public_jobs_topcard-org-name,https://es.linkedin.com/jobs/view/galician-language-specialist-ai-trainer-at-invisible-expert-marketplace-4263794316?trk=public_jobs_topcard-title,2025-11-16 14:24:47,,,3
4322822922,Account Manager Medical East of Germany (f/d/m) - Jobbird.com,"- Develop and execute local business strategy according with EMEA guidelines and deliver sustainable growth and significant share win based on a deep understanding of local market dynamics, future trends and competitive landscape.
- Research and identify opportunities in line with strategic directives to generate sales, increase the installed base penetration, upsell existing contracts and expand the portfolio of solutions sold.
- Use Danaher Business Systems (DBS) tools, implement Daily Work and Standard Management on Funnel Management and Forecasting.

- Numerous years of strategic selling experience in a B-to-B sales environment
- Prior experience and solid track record in a sales role in medical business.
- Experience in working in an international environment and matrix organization.
- Requires experience in sales management, opportunity assessment, and excellent communication and interpersonal skills.
- Scientific, Engineering, or related bachelor’s degree required.
- German and English fluent

- Position requires intensive travel.
- Must have a valid driver’s license with an acceptable driving record",Jobster,https://nl.linkedin.com/company/jobster-com?trk=public_jobs_topcard-org-name,https://de.linkedin.com/jobs/view/account-manager-medical-east-of-germany-f-d-m-jobbird-com-at-jobster-4322822922?trk=public_jobs_topcard-title,2025-11-16 17:16:24,,,1
4340980099,Sponsorimyyjä,"Kerava Bulldogs hakee energistä ja tavoitteellista sponsorimyyjää tukemaan seuramme kasvua ja toimintaa. Tämä ei ole työsuhde, vaan tehtävä sopii erinomaisesti lisäansioita etsivälle tekijälle, joka voi laskuttaa provision myydyistä sponsoripaketeista.



Palkkiosta sovitaan erikseen yhdessä, luvassa on reilu provisio.



Miksi mukaan?



💰 Hyvä lisäansaintamahdollisuus

Saat kilpailukykyisen provision jokaisesta myydystä sponsoripaketista. Työ sopii mainiosti esimerkiksi opiskelijalle, yrittäjälle tai kenelle tahansa, joka haluaa lisätuloja joustavasti.



🏈 Myytävä tuote on kunnossa

Kerava Bulldogs tarjoaa selkeät ja kiinnostavat sponsoripaketit, joita on helppo myydä niin pienille kuin suuremmillekin yrityksille.



🤝 Et ole yksin – vahva tuki taustalla

Saat tueksesi seuran hallituksen, johon kuuluu myynnin ammattilaisia. Autamme pitchin hiomisessa, kontakteissa ja kaikessa, mitä tarvitset onnistuaksesi.



Kenelle tehtävä sopii?

• Myynnistä kiinnostuneelle tai jo kokemusta omaavalle

• Sosiaaliselle ja itseohjautuvalle

• Tavoitteelliselle tekijälle, joka nauttii verkostoitumisesta



Jos haluat olla mukana rakentamassa Kerava Bulldogsista entistä vahvempaa seuraa ja kasvattaa samalla omia tulojasi, ota rohkeasti yhteyttä!",Kerava Bulldogs,https://www.linkedin.com/company/kerava-bulldogs?trk=public_jobs_topcard-org-name,https://fi.linkedin.com/jobs/view/sponsorimyyj%C3%A4-at-kerava-bulldogs-4340980099?trk=public_jobs_topcard-title,2025-11-16 16:38:08,Jose Gieschler,https://fi.linkedin.com/in/jose-gieschler-830076187,1
4336500970,Persona Growth Specialist (No Agencies | Proof of Work Required),"Tips: Provide a summary of the role, what success in the position looks like, and how this role fits into the organisation overall.



Company Description

Lateral Connect is a fast-growing cybersecurity training and mentoring platform. We specialise in delivering NCSC-accredited training and NCFE Level 3 Cybersecurity qualifications, combined with mentorship and employability support, to create vetted, job-ready cyber professionals.

Our mission is to close the cybersecurity skills gap while opening doors for diverse and underrepresented talent. We do this by working with employers, universities, and associations, and increasingly with CSR, DEI, and ESG teams who want to invest in talent pipelines that create measurable social impact.



What We are Looking for:



We are need a part-time contractor (upto 20hrs a month) specialist who can develop credible Reddit personas, engage in targeted communities, and drive meaningful discussions that subtly shape how our clients’ brands are talked about online. The conversations you help create will play a key role in how AI systems like ChatGPT and Google’s AI Overviews surface brand information.



What You’ll Do:



- Create, manage, and grow multiple ChatGPT, Perplexity, Google’s AI Overviews, Reddit etc. personas in a natural, human, non-promotional way.
- Participate in daily discussions in targeted subreddits relevant to our clients’ industries.
- Start meaningful conversations that spark engagement and add value to the community.
- Follow strict guidelines to ensure authenticity, credibility, and long-term account health.
- Contribute to a broader strategy designed to help brands appear in AI-generated answers.
- Provide weekly proof of work showing activity, discussion quality, and growth.



What We’re Looking For:



- Deep understanding of ChatGPT, Reddit, Perplexity, Google’s AI Overviews etc, culture, etiquette, and subreddit dynamics.
- Strong written communication and the ability to adjust tone across different personas.
- Experience building Reddit accounts or participating meaningfully in niche communities.
- Ability to think strategically and contribute to conversation frameworks.
- Consistency and reliability - this role requires daily activity.
- Must provide proof of previous Reddit work (accounts blurred or anonymized is fine).
- No agencies - individual contractors only.

",Lateral Connect,https://uk.linkedin.com/company/lateral-connect1?trk=public_jobs_topcard-org-name,https://uk.linkedin.com/jobs/view/persona-growth-specialist-no-agencies-proof-of-work-required-at-lateral-connect-4336500970?trk=public_jobs_topcard-title,2025-11-16 17:32:39,,,1
4336279707,SEO Specialist,"- You will be responsible for and own the execution of the strategy to build SEO traffic for different sites and markets from scratch
- Reporting to the SEO Team Lead, you will play a crucial role in developing and executing effective search engine optimization strategies to drive organic traffic, improve search rankings, and enhance the online visibility of the projects/website you will be responsible for.
- Optimize on-site content for maximum organic performance; this includes HTML, image optimization, site structure, and metadata.
- Monitor weekly and monthly Organic performance reports, sharing actionable insights.
- Measure and report on key performance indicators such as organic traffic, keyword rankings, conversion rates, and engagement metrics and provide recommendations for improvement
- Perform technical site audits, bug reporting. Identify technical SEO issues and work with the development team to implement solutions
- Dive into website issues as they occur, perform ad hoc analyses as needed, and help drive issues to resolution
- Collaborate with content creators to ensure SEO best practices are integrated into content creation. Support content development efforts with data and insights, ensuring high-quality, engaging, and SEO-optimized content that resonates with our target audience
- Collaborate with cross-functional teams, including paid marketing, email marketing, reputation, localization or edition, to implement SEO standard processes across all aspects of the website

- 3+ years of professional experience in SEO (preferably in-house SEO in e-commerce / online retail), with a proven track record of successfully developing and implementing SEO programs and significantly improving Organic Search performance for online businesses
- Demonstrable history of growing SEO visibility from zero or starting websites projects.
- Deep Understanding of the technical side of SEO, ideally with technical SEO experience
- Extensive knowledge of SEO best practices, search engine algorithms and ranking strategies, and passion to stay on top of news and trends in SEO and online digital marketing
- Great research knowledge regarding keywords, link analysis, and search engine results, new search engine behaviors, in-depth competition analysis etc
- You speak/write English at a proficiency level and are fluent in Spanish (ability to communicate in spanish)
- Very good knowledge of Microsoft Excel / Google Docs as well as WordPress and HTML is advantageous
- You are extremely well organized, efficient, results-oriented, eloquent, creative, and have good writing skills
- You have an open minded personality and can excel both as a team player and individually. Hability to work remotely.

- At Leadtech, we prioritize your growth. Enjoy a flexible career path with personalized internal training and an annual budget for external learning opportunities

- Benefit from a flexible schedule with flextime (7 - 9:30 a.m. start, 3:30 - 6 p.m. end) and the option of working full remote or from our Barcelona office. Enjoy free Friday afternoons with a 7-hour workday, plus a 35-hour workweek in July and August so you can savor summer!

- Competitive salary, full-time permanent contract, and top-tier private health insurance (including dental and psychological services)
- 25 days of vacation plus your birthday off, with flexible vacation options—no blackout days!

- If you wish to come, in our office in Barcelona you'll find it complete with free coffee, fresh fruit, snacks, a game room, and a rooftop terrace with stunning Mediterranean views
- Additional benefits include ticket restaurant and nursery vouchers, paid directly from your gross salary

- Leadtech is an Equal Employment Opportunity (EEO) Employer, which means we encourage applications from people with different backgrounds, interests, and personal circumstances. Our team welcomes applicants regardless of their race, gender, age, religion, nationality, sexual orientation, gender identity, gender expressión and/or disabilities. All we need is your high energy, skills, and willingness to be a part of a great project!",Leadtech Group,https://es.linkedin.com/company/leadtech-group?trk=public_jobs_topcard-org-name,https://es.linkedin.com/jobs/view/seo-specialist-at-leadtech-group-4336279707?trk=public_jobs_topcard-title,2025-11-16 08:24:46,,,1
4340960558,M&A Leanbet member,"(Legal – Lavoro/HR – Economico/Finanziario/Fiscale)



Negli ultimi due anni e mezzo abbiamo imparato una cosa importante: nelle PMI c’è un enorme bisogno di professionisti capaci di guidare con trasparenza , senza mettersi su un piedistallo, senza creare asimmetrie informative e senza “fare il solista”.



📌 Le aziende cercano qualcuno che cammini al loro fianco , non davanti né sopra.

📌 Qualcuno che sappia unire competenze tecniche e spirito di collaborazione reale .

📌 Qualcuno che lavori per l’impresa… non per il proprio ego .

Per questo Leanbet sta costruendo una nuova unit dedicata al Managing Acquisition , con l’obiettivo di supportare:



Stiamo cercando tre figure professionali , preferibilmente liberi professionisti che vogliano integrarsi stabilmente con noi:

- Lettura e revisione contratti
- Supporto a LOI, NDA, SPA
- Chiarezza, rigore e capacità di spiegare senza complicare

- Analisi contratti di lavoro e inquadramenti
- Valutazione rischi HR nelle operazioni M&A
- Approccio pragmatico, non accademico

- Analisi bilanci, multipli, indici
- Due diligence finanziaria e fiscale
- Capacità di rendere semplice ciò che è complesso

❌ Solisti

❌ Professionisti con approccio autoreferenziale

❌ Chi vuole “fare il proprio interesse”

❌ Chi complica per mostrarsi più competente

✔ Persone umili, curiose e aperte al confronto

✔ Professionisti che vogliono imparare, crescere e costruire insieme

✔ Figure tecniche che credono nei valori di collaborazione, rispetto e trasparenza

✔ Chi sa spiegare, accompagnare, facilitare

- Un team multidisciplinare con forte spirito di squadra
- Progetti concreti su casi reali di acquisizione
- Un percorso di crescita integrato in Leanbet
- Possibilità di diventare parte stabile della nostra unit M&A
- Lavoro ad alto impatto, con metodo Lean e visione a lungo termine

Inviare CV e breve presentazione a:

👉 recruiting@leanbet.eu

",Leanbet,https://it.linkedin.com/company/leanbet?trk=public_jobs_topcard-org-name,https://it.linkedin.com/jobs/view/m-a-leanbet-member-at-leanbet-4340960558?trk=public_jobs_topcard-title,2025-11-16 18:23:14,,,1
4340950469,Generative AI Data | Human Expert,"Lightly AG is an ETH and HSG spin-off pioneering in machine learning and computer vision. Backed by Y Combinator and top-tier investors, our technology is used by global leaders in autonomous driving, medical imaging, and visual inspection.

We are hiring contributors for flexible freelance projects - students are welcome, non students are welcome. You will help evaluate Generative AI outputs in multiple formats, label and create data, and test AI applications.

This is a great opportunity for both students and experts who wants to gain hands-on experience in AI development while making a real impact.

Flexible freelance work across evaluation, data creation, and tool testing

In this role, you will

- Review AI multimodal outputs for quality and adherence to simple guidelines.
- Judge clarity, tone, and context in the target language.
- Check that generated content is relevant to the task across different topics.
- Spot issues or gaps, note straightforward improvements.
- Label or create small example sets when needed.
- Try basic workflows or tools, share short feedback.
- Keep clean records, follow instructions, meet timelines.

You are a strong candidate if you

- Are fluent in one or more languages, English is the only required language.
- Show careful attention to detail and apply guidelines consistently.
- Are comfortable using AI tools and basic prompting.
- Bring interest or experience in technical, business, creative, or educational topics, nice to have but not required.
- Are a student or an independent freelancer, both are welcome.
- Have flexible availability.
- Hold a valid work permit for Switzerland.

Do not meet every single item? That is okay. At Lightly we value potential and learning, if this work excites you, please apply.

- Opportunity to work in a fast-paced, tech-driven environment.
- Career growth opportunities in a growing field of AI development and machine learning.
- Flexible work hours and remote work options.

Send us your CV, certificate of your highest degree (Bachelor, Master or similar) and a short note about why this role excites you. If you’ve handled similar tasks before, we’d love to hear specific examples.

We look forward to hearing from you!",Lightly,https://ch.linkedin.com/company/lightly-tech?trk=public_jobs_topcard-org-name,https://ch.linkedin.com/jobs/view/generative-ai-data-human-expert-at-lightly-4340950469?trk=public_jobs_topcard-title,2025-11-16 16:19:01,,,4
4336332352,Java Developer Senior,"At Lumenalta, we create impactful software solutions that drive innovation and transform businesses. Since 2000, we’ve partnered with visionary leaders to build cutting-edge tech, solve complex challenges, and deliver results faster through our elite teams and tech-driven approach. Join us in shaping the future of technology.



What we're working on:

Enterprise companies turn to us to help them launch innovative digital products that interact with hundreds of millions of customers, transactions and data points. The problems we solve every day are real and require creativity, grit and determination. We are building a culture that challenges norms while fostering experimentation and personal growth. In order to grasp the scale of problems we face, ideally, you have some exposure to Logistics, FinTech, Transportation, Insurance, Media or other complex multifactor industries



Requirements

- 7+ years of experience (technical assessment will be required)
- Experience with the Financial Industry
- Senior-level experience with Java 17, Kafka, Spring Boot, Spring REST, Spring Data, Spring AOP
- Hands-on experience of working with AWS cloud technologies, e.g. ECS for Kubernetes, EC2, Elastic Container Registry, Lambda, ELB, S3, EFS, SQS, SES, API Gateway, ElastiCache, RDS, DynamoDB, Redshift
- English fluency, verbal and written
- Professional, empathic, team player
- Problem solver, proactive, go-getter



This is a fully remote position open to candidates based in Europe or regions with compatible time zones . To ensure effective collaboration with our client and team, candidates must maintain a 6-hour overlap with Eastern U.S. business hours .



This is an evergreen opening with no set deadline; we’re always excited to connect with professionals who want to help us build the future",Lumenalta,https://www.linkedin.com/company/lumenalta?trk=public_jobs_topcard-org-name,https://pt.linkedin.com/jobs/view/java-developer-senior-at-lumenalta-4336332352?trk=public_jobs_topcard-title,2025-11-17 02:27:03,,,7
4336342501,Java Developer Tech Lead,"At Lumenalta, we create impactful software solutions that drive innovation and transform businesses. Since 2000, we’ve partnered with visionary leaders to build cutting-edge tech, solve complex challenges, and deliver results faster through our elite teams and tech-driven approach. Join us in shaping the future of technology.



Experience Remote done Right. Over 20 years of remote experience, all 500+ staff are 100% remote and we still grow vibrant relationships, provide exceptional opportunities for career growth while working with stellar clients on ambitious projects



What we're working on:

Enterprise companies turn to us to help them launch innovative digital products that interact with hundreds of millions of customers, transactions and data points. The problems we solve every day are real and require creativity, grit and determination. We are building a culture that challenges norms while fostering experimentation and personal growth. In order to grasp the scale of problems we face, ideally, you have some exposure to Logistics, FinTech, Transportation, Insurance, Media or other complex multifactor industries



Requirements

- 10+ years of experience (technical assessment will be required)
- Experience with the Financial Industry
- Senior-level experience with Java 17, Kafka, Spring Boot, Spring REST, Spring Data, Spring AOP
- Hands-on experience of working with AWS cloud technologies, e.g. ECS for Kubernetes, EC2, Elastic Container Registry, Lambda, ELB, S3, EFS, SQS, SES, API Gateway, ElastiCache, RDS, DynamoDB, Redshift
- English fluency, verbal and written
- Professional, empathic, team player
- Problem solver, proactive, go-getter



Why Lumenalta is an amazing place to work at

At Lumenalta, you can expect that you will:

- Be 100% dedicated to one project at a time so that you can innovate and grow.
- Be a part of a team of talented and friendly senior-level developers.
- Work on projects that allow you to use leading tech.



The result? We produce meaningful outcomes for our clients that break barriers in their industries.



The Job is 100% remote; please ensure you have a comfortable office setup at your desired work location.



Lumenalta is committed to hiring exceptional talent from a wide variety of diverse backgrounds. If you share our values and enthusiasm for digital transformation, we encourage you to apply



This is a fully remote position open to candidates based in Europe or regions with compatible time zones . To ensure effective collaboration with our client and team, candidates must maintain a 6-hour overlap with Eastern U.S. business hours .



This is an evergreen opening with no set deadline; we’re always excited to connect with professionals who want to help us build the future",Lumenalta,https://www.linkedin.com/company/lumenalta?trk=public_jobs_topcard-org-name,https://pt.linkedin.com/jobs/view/java-developer-tech-lead-at-lumenalta-4336342501?trk=public_jobs_topcard-title,2025-11-17 02:27:01,,,6
4336442126,Java Developer Tech Lead,"At Lumenalta, we create impactful software solutions that drive innovation and transform businesses. Since 2000, we’ve partnered with visionary leaders to build cutting-edge tech, solve complex challenges, and deliver results faster through our elite teams and tech-driven approach. Join us in shaping the future of technology.



Experience Remote done Right. Over 20 years of remote experience, all 500+ staff are 100% remote and we still grow vibrant relationships, provide exceptional opportunities for career growth while working with stellar clients on ambitious projects



What we're working on:

Enterprise companies turn to us to help them launch innovative digital products that interact with hundreds of millions of customers, transactions and data points. The problems we solve every day are real and require creativity, grit and determination. We are building a culture that challenges norms while fostering experimentation and personal growth. In order to grasp the scale of problems we face, ideally, you have some exposure to Logistics, FinTech, Transportation, Insurance, Media or other complex multifactor industries



Requirements

- 10+ years of experience (technical assessment will be required)
- Experience with the Financial Industry
- Senior-level experience with Java 17, Kafka, Spring Boot, Spring REST, Spring Data, Spring AOP
- Hands-on experience of working with AWS cloud technologies, e.g. ECS for Kubernetes, EC2, Elastic Container Registry, Lambda, ELB, S3, EFS, SQS, SES, API Gateway, ElastiCache, RDS, DynamoDB, Redshift
- English fluency, verbal and written
- Professional, empathic, team player
- Problem solver, proactive, go-getter



Why Lumenalta is an amazing place to work at

At Lumenalta, you can expect that you will:

- Be 100% dedicated to one project at a time so that you can innovate and grow.
- Be a part of a team of talented and friendly senior-level developers.
- Work on projects that allow you to use leading tech.



The result? We produce meaningful outcomes for our clients that break barriers in their industries.



The Job is 100% remote; please ensure you have a comfortable office setup at your desired work location.



Lumenalta is committed to hiring exceptional talent from a wide variety of diverse backgrounds. If you share our values and enthusiasm for digital transformation, we encourage you to apply



This is a fully remote position open to candidates based in Europe or regions with compatible time zones . To ensure effective collaboration with our client and team, candidates must maintain a 6-hour overlap with Eastern U.S. business hours .



This is an evergreen opening with no set deadline; we’re always excited to connect with professionals who want to help us build the future",Lumenalta,https://www.linkedin.com/company/lumenalta?trk=public_jobs_topcard-org-name,https://es.linkedin.com/jobs/view/java-developer-tech-lead-at-lumenalta-4336442126?trk=public_jobs_topcard-title,2025-11-17 02:24:53,,,5
4336322413,Java Developer Senior,"At Lumenalta, we create impactful software solutions that drive innovation and transform businesses. Since 2000, we’ve partnered with visionary leaders to build cutting-edge tech, solve complex challenges, and deliver results faster through our elite teams and tech-driven approach. Join us in shaping the future of technology.



What we're working on:

Enterprise companies turn to us to help them launch innovative digital products that interact with hundreds of millions of customers, transactions and data points. The problems we solve every day are real and require creativity, grit and determination. We are building a culture that challenges norms while fostering experimentation and personal growth. In order to grasp the scale of problems we face, ideally, you have some exposure to Logistics, FinTech, Transportation, Insurance, Media or other complex multifactor industries



Requirements

- 7+ years of experience (technical assessment will be required)
- Experience with the Financial Industry
- Senior-level experience with Java 17, Kafka, Spring Boot, Spring REST, Spring Data, Spring AOP
- Hands-on experience of working with AWS cloud technologies, e.g. ECS for Kubernetes, EC2, Elastic Container Registry, Lambda, ELB, S3, EFS, SQS, SES, API Gateway, ElastiCache, RDS, DynamoDB, Redshift
- English fluency, verbal and written
- Professional, empathic, team player
- Problem solver, proactive, go-getter



This is a fully remote position open to candidates based in Europe or regions with compatible time zones . To ensure effective collaboration with our client and team, candidates must maintain a 6-hour overlap with Eastern U.S. business hours .



This is an evergreen opening with no set deadline; we’re always excited to connect with professionals who want to help us build the future",Lumenalta,https://www.linkedin.com/company/lumenalta?trk=public_jobs_topcard-org-name,https://es.linkedin.com/jobs/view/java-developer-senior-at-lumenalta-4336322413?trk=public_jobs_topcard-title,2025-11-17 02:24:55,,,5
4336531777,Java Developer Tech Lead,"At Lumenalta, we create impactful software solutions that drive innovation and transform businesses. Since 2000, we’ve partnered with visionary leaders to build cutting-edge tech, solve complex challenges, and deliver results faster through our elite teams and tech-driven approach. Join us in shaping the future of technology.



Experience Remote done Right. Over 20 years of remote experience, all 500+ staff are 100% remote and we still grow vibrant relationships, provide exceptional opportunities for career growth while working with stellar clients on ambitious projects



What we're working on:

Enterprise companies turn to us to help them launch innovative digital products that interact with hundreds of millions of customers, transactions and data points. The problems we solve every day are real and require creativity, grit and determination. We are building a culture that challenges norms while fostering experimentation and personal growth. In order to grasp the scale of problems we face, ideally, you have some exposure to Logistics, FinTech, Transportation, Insurance, Media or other complex multifactor industries



Requirements

- 10+ years of experience (technical assessment will be required)
- Experience with the Financial Industry
- Senior-level experience with Java 17, Kafka, Spring Boot, Spring REST, Spring Data, Spring AOP
- Hands-on experience of working with AWS cloud technologies, e.g. ECS for Kubernetes, EC2, Elastic Container Registry, Lambda, ELB, S3, EFS, SQS, SES, API Gateway, ElastiCache, RDS, DynamoDB, Redshift
- English fluency, verbal and written
- Dutch fluency, verbal and written
- Professional, empathic, team player
- Problem solver, proactive, go-getter



Why Lumenalta is an amazing place to work at

At Lumenalta, you can expect that you will:

- Be 100% dedicated to one project at a time so that you can innovate and grow.
- Be a part of a team of talented and friendly senior-level developers.
- Work on projects that allow you to use leading tech.



The result? We produce meaningful outcomes for our clients that break barriers in their industries.



The Job is 100% remote; please ensure you have a comfortable office setup at your desired work location.



Lumenalta is committed to hiring exceptional talent from a wide variety of diverse backgrounds. If you share our values and enthusiasm for digital transformation, we encourage you to apply



This is a fully remote position open to candidates based in Europe or regions with compatible time zones . To ensure effective collaboration with our client and team, candidates must maintain a 6-hour overlap with Eastern U.S. business hours .



This is an evergreen opening with no set deadline; we’re always excited to connect with professionals who want to help us build the future",Lumenalta,https://www.linkedin.com/company/lumenalta?trk=public_jobs_topcard-org-name,https://nl.linkedin.com/jobs/view/java-developer-tech-lead-at-lumenalta-4336531777?trk=public_jobs_topcard-title,2025-11-17 02:28:11,,,5
4336521868,Java Developer Senior,"At Lumenalta, we create impactful software solutions that drive innovation and transform businesses. Since 2000, we’ve partnered with visionary leaders to build cutting-edge tech, solve complex challenges, and deliver results faster through our elite teams and tech-driven approach. Join us in shaping the future of technology.



What we're working on:

Enterprise companies turn to us to help them launch innovative digital products that interact with hundreds of millions of customers, transactions and data points. The problems we solve every day are real and require creativity, grit and determination. We are building a culture that challenges norms while fostering experimentation and personal growth. In order to grasp the scale of problems we face, ideally, you have some exposure to Logistics, FinTech, Transportation, Insurance, Media or other complex multifactor industries



Requirements

- 7+ years of experience (technical assessment will be required)
- Experience with the Financial Industry
- Senior-level experience with Java 17, Kafka, Spring Boot, Spring REST, Spring Data, Spring AOP
- Hands-on experience of working with AWS cloud technologies, e.g. ECS for Kubernetes, EC2, Elastic Container Registry, Lambda, ELB, S3, EFS, SQS, SES, API Gateway, ElastiCache, RDS, DynamoDB, Redshift
- English fluency, verbal and written
- Professional, empathic, team player
- Problem solver, proactive, go-getter



This is a fully remote position open to candidates based in Europe or regions with compatible time zones . To ensure effective collaboration with our client and team, candidates must maintain a 6-hour overlap with Eastern U.S. business hours .



This is an evergreen opening with no set deadline; we’re always excited to connect with professionals who want to help us build the future",Lumenalta,https://www.linkedin.com/company/lumenalta?trk=public_jobs_topcard-org-name,https://ie.linkedin.com/jobs/view/java-developer-senior-at-lumenalta-4336521868?trk=public_jobs_topcard-title,2025-11-17 01:35:27,,,5
4336362317,Java Developer Senior,"At Lumenalta, we create impactful software solutions that drive innovation and transform businesses. Since 2000, we’ve partnered with visionary leaders to build cutting-edge tech, solve complex challenges, and deliver results faster through our elite teams and tech-driven approach. Join us in shaping the future of technology.



What we're working on:

Enterprise companies turn to us to help them launch innovative digital products that interact with hundreds of millions of customers, transactions and data points. The problems we solve every day are real and require creativity, grit and determination. We are building a culture that challenges norms while fostering experimentation and personal growth. In order to grasp the scale of problems we face, ideally, you have some exposure to Logistics, FinTech, Transportation, Insurance, Media or other complex multifactor industries



Requirements

- 7+ years of experience (technical assessment will be required)
- Experience with the Financial Industry
- Senior-level experience with Java 17, Kafka, Spring Boot, Spring REST, Spring Data, Spring AOP
- Hands-on experience of working with AWS cloud technologies, e.g. ECS for Kubernetes, EC2, Elastic Container Registry, Lambda, ELB, S3, EFS, SQS, SES, API Gateway, ElastiCache, RDS, DynamoDB, Redshift
- English fluency, verbal and written
- Dutch fluency, verbal and written
- Professional, empathic, team player
- Problem solver, proactive, go-getter



This is a fully remote position open to candidates based in Europe or regions with compatible time zones . To ensure effective collaboration with our client and team, candidates must maintain a 6-hour overlap with Eastern U.S. business hours .



This is an evergreen opening with no set deadline; we’re always excited to connect with professionals who want to help us build the future",Lumenalta,https://www.linkedin.com/company/lumenalta?trk=public_jobs_topcard-org-name,https://nl.linkedin.com/jobs/view/java-developer-senior-at-lumenalta-4336362317?trk=public_jobs_topcard-title,2025-11-17 01:28:09,,,4
4336452150,Java Developer Tech Lead,"At Lumenalta, we create impactful software solutions that drive innovation and transform businesses. Since 2000, we’ve partnered with visionary leaders to build cutting-edge tech, solve complex challenges, and deliver results faster through our elite teams and tech-driven approach. Join us in shaping the future of technology.



Experience Remote done Right. Over 20 years of remote experience, all 500+ staff are 100% remote and we still grow vibrant relationships, provide exceptional opportunities for career growth while working with stellar clients on ambitious projects



What we're working on:

Enterprise companies turn to us to help them launch innovative digital products that interact with hundreds of millions of customers, transactions and data points. The problems we solve every day are real and require creativity, grit and determination. We are building a culture that challenges norms while fostering experimentation and personal growth. In order to grasp the scale of problems we face, ideally, you have some exposure to Logistics, FinTech, Transportation, Insurance, Media or other complex multifactor industries



Requirements

- 10+ years of experience (technical assessment will be required)
- Experience with the Financial Industry
- Senior-level experience with Java 17, Kafka, Spring Boot, Spring REST, Spring Data, Spring AOP
- Hands-on experience of working with AWS cloud technologies, e.g. ECS for Kubernetes, EC2, Elastic Container Registry, Lambda, ELB, S3, EFS, SQS, SES, API Gateway, ElastiCache, RDS, DynamoDB, Redshift
- English fluency, verbal and written
- Professional, empathic, team player
- Problem solver, proactive, go-getter



Why Lumenalta is an amazing place to work at

At Lumenalta, you can expect that you will:

- Be 100% dedicated to one project at a time so that you can innovate and grow.
- Be a part of a team of talented and friendly senior-level developers.
- Work on projects that allow you to use leading tech.



The result? We produce meaningful outcomes for our clients that break barriers in their industries.



The Job is 100% remote; please ensure you have a comfortable office setup at your desired work location.



Lumenalta is committed to hiring exceptional talent from a wide variety of diverse backgrounds. If you share our values and enthusiasm for digital transformation, we encourage you to apply



This is a fully remote position open to candidates based in Europe or regions with compatible time zones . To ensure effective collaboration with our client and team, candidates must maintain a 6-hour overlap with Eastern U.S. business hours .



This is an evergreen opening with no set deadline; we’re always excited to connect with professionals who want to help us build the future",Lumenalta,https://www.linkedin.com/company/lumenalta?trk=public_jobs_topcard-org-name,https://ie.linkedin.com/jobs/view/java-developer-tech-lead-at-lumenalta-4336452150?trk=public_jobs_topcard-title,2025-11-17 02:36:56,,,4
4336321491,"Social Media, Marketing And Business Development Freelancer","Company Description

We suggest you enter details here.



Role Description

This is a contract role for a Social Media, Marketing, and Business Development Freelancer for More Than Flag and Rainbows CIC. Responsibilities will include developing and managing social media accounts, creating and curating engaging content, developing marketing campaigns, and identifying business opportunities. The freelancer will engage with the community, monitor trends, and report on campaign performance to drive growth and brand awareness for More Than Flags and Rainbows.



Qualifications

- Experience in Social Media Management, Content Creation, and Platform Analytics
- Strong skills in Marketing Strategy, Campaign Development, and Brand Management
- Knowledge of Business Development, Client Relations, and Networking
- Demonstrable ability in Copywriting, Graphic Design, or Marketing Tools
- Collaborative team player with excellent interpersonal and communication skills
- Familiarity with LGBTQ+ communities and inclusive business practices is a plus
- Proficiency in relevant social media tools and analytics platforms",More Than Flags And Rainbows,https://uk.linkedin.com/company/morethanflagsandrainbows?trk=public_jobs_topcard-org-name,https://uk.linkedin.com/jobs/view/social-media-marketing-and-business-development-freelancer-at-more-than-flags-and-rainbows-4336321491?trk=public_jobs_topcard-title,2025-11-16 17:30:57,,,1
4336331598,Sviluppatore Front End Senior,"⚠️ Important Notice

An advanced level of proficiency in the Italian language is a mandatory requirement for this position.

Applications that do not meet this criterion will be automatically rejected. If you do not possess this requirement, please do not proceed with your application, as it will not be considered.

Collaborazione a partecipazione

A differenza delle posizioni tradizionali, questa non è una posizione con stipendio fisso o compenso a progetto . La nostra collaborazione prevede una partecipazione diretta agli utili del software e dell’asset tecnologico NewtonThrust , fino al 40% dell’utile complessivo, ripartito equamente tra i membri del team coinvolti nello sviluppo e nella crescita dell’azienda.

L’attività inizia immediatamente , con inserimento diretto nel flusso operativo già attivo del team R&D , collaborando su progetti avanzati e strategie operative in real-time. Si tratta di un’opportunità unica per entrare in un asset innovativo, internazionale e scalabile, con un ruolo strategico nello sviluppo del brand e dei prodotti.

Chi siamo

Mediarketing Technology dispone di una struttura differenziante, che opera nello sviluppo strategico e operativo di modelli di business omnichannel e multicanale , progettando ecosistemi tecnologici attraverso l’integrazione di strategie, comunicazione, design, performance, tecnologia, analisi e dati. Il nostro business si fonda su un’ innovazione protetta da brevetti internazionali , capace di rispondere alle sfide più complesse del panorama B2B, in ogni settore e dimensione aziendale.

All’interno di questa visione strategica, abbiamo sviluppato uno degli asset più esclusivi: NewtonThrust , un modello di business innovativo progettato per automatizzare e ottimizzare le operazioni B2B e B2C , risolvendo le inefficienze dei portali esistenti nella filiera automotive e migliorando drasticamente l’esperienza di tutti gli attori del mercato. NewtonThrust gestisce l’intera filiera, incluse le trattative intra-comunitarie e extra-UE , e automatizza tutti i processi, garantendo efficienza, scalabilità e tracciabilità.

NewtonThrust è pronto a gestire grandi volumi di affari grazie a una soluzione end-to-end con processi avanzati che spaziano dalla gestione interna del database alla fiscalità automatizzata, dall’advertising alla configurazione personalizzata dei servizi di assistenza, fino alla gestione amministrativa integrata. La tecnologia, coperta da brevetti internazionali e NDA, è pensata per esigenze di mercato reali ed espansive, e il modello sarà replicabile in futuro in altri settori.

L’obiettivo di NewtonThrust è diventare garante di riferimento nel settore , includendo servizi come escrow e sicurezza delle transazioni , affermandosi come punto di fiducia e autorevolezza nel panorama automotive internazionale.

Posizione aperta – Sviluppatore Front End Senior

Newthonthrust opera nel settore automotive ed è un asset internazionale: non una startup , ma un modello di business già collaudato e supportato da processi multinazionali.

Il lancio è in fase avanzata e previsto entro 45 giorni, con prospettive di business di altissimo livello e volumi d’affari significativi.

A differenza delle posizioni tradizionali, non si tratta di un lavoro con stipendio fisso o compenso a progetto : la nostra formula prevede una partecipazione diretta agli utili . Fino al 40% dell’utile aziendale viene ripartito tra il team R&D e gli attori coinvolti, garantendo un ritorno proporzionato ai risultati complessivi.

📌 Requisiti fondamentali (se non li possiedi, ti invitiamo a non candidarti):

- Conoscenza fluente e avanzata della lingua italiana.
- Capacità di comprendere e valorizzare appieno un modello di monetizzazione internazionale.

Questi elementi sono basi imprescindibili : senza di essi la candidatura non verrà presa in considerazione.

Cerchiamo uno Sviluppatore Front End Senior qualificato e trasversale, in grado di coprire le competenze di sviluppo frontend con una buona autonomia nella comprensione delle interazioni lato backend. La risorsa entrerà a far parte del team R&D già attivo , contribuendo alla realizzazione e al perfezionamento di un software ad alto traffico, in grado di ospitare numerosi attori e veicoli, garantendo tracciabilità, performance elevate e automazione dei processi .

- Sviluppare e mantenere una User Interface intuitiva e innovativa , collaborando con il team UX/UI.
- Comprendere problematiche di backend per interagire in autonomia con gli sviluppatori.
- Allinearsi agli obiettivi condivisi con il team e le figure C-Level, rispettando scadenze e milestone.
- Contribuire al rilascio dell’ MVP (Minimum Viable Product) e alle fasi successive di sviluppo.

Nota: non accettiamo figure inesperte né profili poco autonomi o privi di proattività. Cerchiamo un professionista concreto, umile, positivo, capace di lavorare sodo e perfettamente allineato alla nostra visione.

Esperienza nello sviluppo di interfacce moderne, reattive e performanti con conoscenze avanzate in:

- Next.js (React) : SSR/ISR/SPA, SEO, performance, routing dinamico.
- TypeScript : tipizzazione avanzata, scalabilità, manutenibilità.
- Tailwind CSS : design atomic-style, responsive, consistenza UI.
- Framer Motion : animazioni fluide, interattive, transizioni di livello avanzato.
- GSAP (GreenSock) : animazioni timeline-based, parallax, UI dinamiche.
- Three.js / WebGL : esperienze 3D e interazioni immersive nel browser.
- Locomotive Scroll : effetti di scroll avanzati, inertia e parallax.
- Lottie (JSON Animations) : animazioni complesse esportate da After Effects.
- i18next : localizzazione internazionale, UX multicanale.

Uno sviluppatore altamente qualificato, capace di:

- Progettare e mantenere soluzioni software innovative e sicure.
- Lavorare su sistemi ad alto traffico e dati complessi.
- Contribuire a prodotti unici dal punto di vista tecnico, architetturale, analitico e creativo.

Entrare in Newthonthrust significa accedere a un’ opportunità unica e altamente esclusiva :

- Inquadramento iniziale tramite pre-contratto, seguito da contratto definitivo.
- Compenso basato su percentuale fissa sul volume d’affari generato dalla piattaforma, suddiviso equamente tra il team R&D.
- Possibilità di crescere insieme al progetto, con prospettive di partecipazione a joint venture, IPO e asset internazionali successivi .
- Accesso a ruoli di livello C-Level in base ai risultati ottenuti.

⚡ L’ingresso è limitato: la posizione aperta è riservata a una sola risorsa senior . Una volta completato il team, non ci sarà più la possibilità di entrare in questo asset ad alta esclusività.

- Partita IVA attiva.
- Approccio creativo, innovativo e orientato alla risoluzione di inefficienze.
- Esperienza pluriennale in architettura software, infrastrutture VPS, sicurezza, deploy e monitoraggio.
- Capacità di lavorare in team con focus su performance e obiettivi.
- Disponibilità a dedicare tempo ed energie al progetto.
- Accettazione di un piano di partecipazione al valore generato , senza compensi fissi iniziali ma con ritorni concreti nel breve, medio e lungo termine.

- Non una startup, ma un modello validato nel settore automotive .
- Progetto già in fase avanzata , pronto alla monetizzazione.
- Business internazionale con potenziale di crescita straordinario.
- Coinvolgimento diretto in una fase strategica, con benefici duraturi.

🔹 Nota importante sulla candidatura

Per completare correttamente la candidatura, accedi al portale ufficiale di NewtonThrust R&D e segui il processo dedicato: inserisci i dati richiesti, rispondi alle domande di selezione, allega il tuo CV e visiona l’Intesa Precontrattuale.

Solo al termine, inviando il messaggio preimpostato al contatto ufficiale del CHRO tramite WhatsApp, la tua candidatura sarà considerata valida e presa in esame dal team di selezione.

Le candidature che non completano l’intero processo tramite il portale non verranno prese in considerazione.

In caso di allineamento con i requisiti e la vision del team R&D, verrai ricontattato direttamente per la fase di validazione finale.",NewtonThrust,https://www.linkedin.com/company/newtonthrust?trk=public_jobs_topcard-org-name,https://it.linkedin.com/jobs/view/sviluppatore-front-end-senior-at-newtonthrust-4336331598?trk=public_jobs_topcard-title,2025-11-16 19:23:17,,,1
4340970305,Oracle Opera Consultant,"Job Specification: Oracle Opera Consultant (Spain – Remote, Spanish-Speaking)

Position: Oracle Opera Consultant

Location: Remote (Spain-based)

Engagement: Permanent or Contract

Language Requirements: Fluent Spanish (C1/C2) and good English

Start: ASAP or flexible

About the Role

We are seeking an experienced Oracle Opera Consultant to join our team and support the implementation, optimisation, and ongoing management of Oracle Opera PMS solutions for hospitality clients across Spain and Europe. The ideal candidate will bring strong functional knowledge of Opera modules, excellent communication skills, and the ability to work independently in a fully remote environment.

Key Responsibilities

- Lead and support Oracle Opera (Opera Cloud or Opera PMS 5.x) implementations, upgrades, and configuration projects.
- Conduct workshops with business stakeholders to gather requirements and translate them into functional system designs.
- Provide expert advice on best practices for PMS configuration, workflows, integrations, and operational optimisation.
- Deliver end-user training, documentation, and post-go-live support.
- Troubleshoot system issues, coordinate with Oracle support teams, and implement enhancements.
- Support interface configurations with third-party hospitality systems (POS, CRM, channel managers, payment gateways, CRS, etc.).
- Collaborate with project managers, technical teams, and customer stakeholders to ensure successful delivery.
- Participate in continuous improvement initiatives and contribute to knowledge sharing across the team.

Essential Skills & Experience

- 3+ years hands-on experience with Oracle Opera PMS (Opera Cloud or Opera 5).
- Strong functional knowledge across core modules (Front Office, Reservations, Housekeeping, Cashiering, Rates, Profiles, OXI/IFC interfaces).
- Proven involvement in multiple end-to-end implementations or major upgrade projects.
- Excellent problem-solving skills and the ability to work autonomously.
- Strong communication and stakeholder engagement abilities.
- Fluency in Spanish (written and spoken).
- Good working proficiency in English.

Nice-to-Have

- Experience with hotel operations in a managerial or supervisory role.
- Technical knowledge of API integrations , OXI, Opera Web Services, or related Oracle modules.
- Experience working with distributed, multicultural teams.
- Any Oracle Hospitality certifications.

Work Environment & Benefits

- Fully remote role within Spain.
- Flexible contract type: permanent or freelance/contract .
- Competitive compensation aligned with experience.
- Opportunity to work on diverse, high-impact hospitality technology projects.
- Supportive, collaborative team with opportunities for professional development.

",Next Ventures,https://uk.linkedin.com/company/next-ventures?trk=public_jobs_topcard-org-name,https://es.linkedin.com/jobs/view/oracle-opera-consultant-at-next-ventures-4340970305?trk=public_jobs_topcard-title,2025-11-16 14:24:57,James Rielly,https://uk.linkedin.com/in/james-rielly-86694711b,1
4336490950,"Expert(e) technique en infrastructures 5G, cybersécurité et souveraineté numérique (CAT II)","NTU International A/S dirige un consortium pour un nouveau projet financé par l'UE – Lancement d’une étude stratégique sur l’écosystème numérique tunisien et le déploiement de la 5G et cherche à identifier des experts individuels pour réaliser cette mission.



La présente mission a pour objectif général de réaliser une analyse stratégique de l’écosystème numérique tunisien, en mettant l’accent sur le déploiement du réseau 5G, afin de guider la coopération entre l’Union européenne et la Tunisie pour une transformation numérique sécurisée, durable et alignée sur les normes européennes.



Durée: La date estimée pour le début du projet est 04/12/2025, pour une durée de 8 mois à partir de cette date.



Expert Principal: Expert(e) technique en infrastructures 5G, cybersécurité et souveraineté numérique (CAT II)



☝️ Qualifications et compétences :

- Diplôme d’ingénieur ou Master en télécommunications, cybersécurité, ingénierie des systèmes ou équivalent.
- Excellente communication écrite et orale en français et anglais.
- Connaissance de l'arabe (atout).



☝️ Expérience professionnelle générale :

- Minimum 5 ans d’expérience dans les infrastructures télécoms/5G, la sécurisation des réseaux et la gestion des risques.



☝️ Expérience professionnelle spécifique :

- Connaissance approfondie des architectures 5G, de la cybersécurité des réseaux et des technologies associées.
- Maîtrise des normes européennes.
- Expérience de projets d’évaluation de souveraineté technologique et de conformité technique.
- Compréhension des enjeux environnementaux liés aux infrastructures numériques.



Si vous êtes intéressé par cette opportunité, veuillez postuler et télécharger votre CV via LinkedIn ou l'envoyer à recruitement@ntu.eu. En raison du grand nombre de candidatures, seuls les candidats présélectionnés seront contactés.",NTU International A/S,https://dk.linkedin.com/company/ntu-international?trk=public_jobs_topcard-org-name,https://fr.linkedin.com/jobs/view/expert-e-technique-en-infrastructures-5g-cybers%C3%A9curit%C3%A9-et-souverainet%C3%A9-num%C3%A9rique-cat-ii-at-ntu-international-a-s-4336490950?trk=public_jobs_topcard-title,2025-11-16 17:20:36,,,2
4336500905,Expert(e) en transformation numérique et politiques publiques (CAT II),"NTU International A/S dirige un consortium pour un nouveau projet financé par l'UE – Lancement d’une étude stratégique sur l’écosystème numérique tunisien et le déploiement de la 5G et cherche à identifier des experts individuels pour réaliser cette mission.



La présente mission a pour objectif général de réaliser une analyse stratégique de l’écosystème numérique tunisien, en mettant l’accent sur le déploiement du réseau 5G, afin de guider la coopération entre l’Union européenne et la Tunisie pour une transformation numérique sécurisée, durable et alignée sur les normes européennes.



Durée: La date estimée pour le début du projet est 04/12/2025, pour une durée de 8 mois à partir de cette date.



Expert Principal: Chef(fe) d’équipe / Expert(e) en transformation numérique et politiques publiques (CAT II)



☝️ Qualifications et compétences :

- Diplôme universitaire (Master minimum) en politiques publiques, économie numérique, droit ou gouvernance.
- Excellente communication écrite et orale en français et anglais.
- Connaissance de l'arabe (atout).



☝️ Expérience professionnelle générale :

- Minimum 6 ans d’expérience dans la formulation et mise en œuvre de politiques publiques numériques, en contexte international.



☝️ Expérience professionnelle spécifique :

- Expérience confirmée en régulation du secteur des TIC, cadre législatif, gouvernance institutionnelle.
- Bonne connaissance du cadre réglementaire européen.
- Expérience en gestion d’équipe et coordination multi-acteurs.



Si vous êtes intéressé par cette opportunité, veuillez postuler et télécharger votre CV via LinkedIn ou l'envoyer à recruitement@ntu.eu. En raison du grand nombre de candidatures, seuls les candidats présélectionnés seront contactés.",NTU International A/S,https://dk.linkedin.com/company/ntu-international?trk=public_jobs_topcard-org-name,https://fr.linkedin.com/jobs/view/expert-e-en-transformation-num%C3%A9rique-et-politiques-publiques-cat-ii-at-ntu-international-a-s-4336500905?trk=public_jobs_topcard-title,2025-11-16 16:20:39,Lena Cibotari,https://md.linkedin.com/in/lena-cibotari-367b9630a,2
4336421182,Expert(e) en économie numérique et finance (CAT II),"NTU International A/S dirige un consortium pour un nouveau projet financé par l'UE – Lancement d’une étude stratégique sur l’écosystème numérique tunisien et le déploiement de la 5G et cherche à identifier des experts individuels pour réaliser cette mission.



La présente mission a pour objectif général de réaliser une analyse stratégique de l’écosystème numérique tunisien, en mettant l’accent sur le déploiement du réseau 5G, afin de guider la coopération entre l’Union européenne et la Tunisie pour une transformation numérique sécurisée, durable et alignée sur les normes européennes.



Durée: La date estimée pour le début du projet est 04/12/2025, pour une durée de 8 mois à partir de cette date.



Expert Principal: Expert(e) en économie numérique et finance (CAT II)



☝️ Qualifications et compétences :

- Diplôme en économie, finance, gestion, politiques industrielles ou équivalent.
- Excellente communication écrite et orale en français et anglais.
- Connaissance de l'arabe (atout).



☝️ Expérience professionnelle générale :

- Minimum 5 ans d’expérience en économie numérique, financement de l’innovation ou analyse de marché.



☝️ Expérience professionnelle spécifique :

- Bonne connaissance des mécanismes de financement européens.
- Capacité à réaliser des analyses coûts-bénéfices et à identifier des modèles de partenariats public-privé (PPP).
- Connaissance du contexte économique tunisien et/ou européen.



Si vous êtes intéressé par cette opportunité, veuillez postuler et télécharger votre CV via LinkedIn ou l'envoyer à recruitement@ntu.eu. En raison du grand nombre de candidatures, seuls les candidats présélectionnés seront contactés.",NTU International A/S,https://dk.linkedin.com/company/ntu-international?trk=public_jobs_topcard-org-name,https://fr.linkedin.com/jobs/view/expert-e-en-%C3%A9conomie-num%C3%A9rique-et-finance-cat-ii-at-ntu-international-a-s-4336421182?trk=public_jobs_topcard-title,2025-11-16 17:22:10,,,1
4336430917,"Product Engineer, Full Stack/AI, Contract | Python, TypeScript, AWS | Scale up, Creative Tools | £550-675 per day - Outside IR35 | 6 Months Initial | UK remote","Product Engineer, Full Stack/AI, Contract | Python, TypeScript, AWS | Scale up, Creative Tools | £550-675 per day - Outside IR35 | 6 Months Initial | UK remote



Opportunity:

We’re supporting an innovative, fast-moving team. They’re building cutting-edge creative production tools, and are looking for a Full Stack Python Engineer with strong Python, React experience and startup mindset. This is a remote role, giving you autonomy while you design, build and scale applications that power creative workflows in industries like media and digital production.



You’ll be delivering greenfield features end-to-end, working closely with creative teams, and solving unique technical challenges with modern web and cloud technologies.



What You’ll Be Doing as a Product Engineer, Full Stack/AI, Contract | Python, TypeScript, AWS | Scale up, Creative Tools | £550-675 per day - Outside IR35 | 6 Months Initial | UK remote

- Build and maintain dynamic, responsive web interfaces with React , TypeScript , and modern CSS.
- Implement state management solutions (e.g., Redux , Zustand ) for seamless user experiences.
- Design and develop robust backend services and APIs with Python , Django , FastAPI , including both REST and GraphQL.
- Architect and maintain scalable database solutions (SQL/NoSQL).
- Deploy and manage applications using Docker , Kubernetes , and Terraform in AWS environments.
- Maintain CI/CD pipelines, monitor application health, and ensure uptime and performance.
- Collaborate cross-functionally with designers, product managers, and engineers to deliver high-quality products.
- Innovate and drive solutions for unique technical challenges in creative workflows.
- Contribute to tools integrated with creative software (e.g., Houdini, Nuke, DaVinci Resolve).



Core Skills for the Product Engineer, Full Stack/AI, Contract | Python, TypeScript, AWS | Scale up, Creative Tools | £550-675 per day - Outside IR35 | 6 Months Initial | UK remote

- Strong proficiency in React , TypeScript , and modern web development best practices.
- Solid backend experience with Python , Django , FastAPI , and database design.
- Knowledge of state management libraries like Redux or Zustand .
- Familiarity with DevOps practices, CI/CD pipelines, and cloud deployment on AWS .
- Experience with containerisation and orchestration ( Docker , Kubernetes ).
- Understanding of scalable architecture patterns and data integrity principles.
- Ability to work autonomously, with a proven track record of delivering end-to-end products.
- Excellent problem-solving and communication skills.



Nice to Have:

- Experience working in startups or high-growth environments.
- Familiarity with creative production tools such as Houdini , Nuke , DaVinci Resolve .
- Knowledge of ReactFlow or similar frameworks for node-graph-driven applications .
- Passion for creative automation and solving unique technical challenges.



Details for the Product Engineer, Full Stack/AI, Contract | Python, TypeScript, AWS | Scale up, Creative Tools | £550-675 per day - Outside IR35 | 6 Months Initial | UK remote

- Location: Remote (Work from anywhere in the UK)
- Type: Contract, full-time
- Rate: GBP525-675 per day Outside IR35
- Start: ASAP",Owen Thomas | Pending B Corp™,https://uk.linkedin.com/company/owen-thomas-talent?trk=public_jobs_topcard-org-name,https://uk.linkedin.com/jobs/view/product-engineer-full-stack-ai-contract-python-typescript-aws-scale-up-creative-tools-%C2%A3550-675-per-day-outside-ir35-6-months-initial-uk-remote-at-owen-thomas-pending-b-corp%E2%84%A2-4336430917?trk=public_jobs_topcard-title,2025-11-16 13:29:48,Harry Ellis,https://uk.linkedin.com/in/harry-ellis-049b53122,8
4336510653,"JavaScript Developer, Contractor, Full-stack | NodeJS, TypeScript, React, AWS | Disruptive Start-up, B2C | Rate c/ £500/day (Outside) | 6-months | UK remote or London Hybrid","JavaScript Developer, Contractor, Full-stack | NodeJS, TypeScript, React, AWS | Disruptive Start-up, B2C | Rate c/ £500/day (Outside) | 6-months | UK remote or London Hybrid



Opportunity:



We’re supporting an innovative, fast-moving founding team. They’re building an innovative B2C platform with lots of partnerships already signed up! Very exciting opportunity to take a lot of responsibility and work in a small team with proven founders and engineers - on a disruptive and data-heavy B2C application.



You’ll work closely with the founding team to build scalable, secure, and high-performance systems that deliver an exceptional user experience.



What You’ll Be Doing as a JavaScript Developer, Contractor, Backend Engineering | NodeJS, TypeScript, AWS | Disruptive Start-up, B2C | Rate £500/day (Outside) | 6-months | London, Hybrid



- Develop, maintain, and optimize robust backend services and APIs that power our mobile and web platforms
- Design and implement low-latency event processing pipelines
- Ensure backend infrastructure is reliable, scalable, and secure
- Enhance database efficiency and refine data storage strategies
- Maintain comprehensive multi-layered test coverage
- Collaborate closely with frontend and mobile teams to define and deliver API contracts
- Set up and manage effective monitoring, logging, and alerting systems
- Influence architectural decisions and help establish engineering best practices
- Conduct code reviews and provide mentorship to junior developers
- Explore and integrate new technologies to expand platform capabilities
- Work with product and design teams to convert requirements into scalable technical solutions
- Continuously refine development workflows and improve system performance





What You’ll Need as a JavaScript Developer, Contractor, Backend Engineering | NodeJS, TypeScript, AWS | Disruptive Start-up, B2C | Rate £500/day (Outside) | 6-months | London, Hybrid



- 6+ years commercial experience in Backend technologies, with majority focused on NodeJS.
- Proven track record of start-up experience, working for cool innovative consumer b2c brands where you've taken ownership.
- Confidence working on huge datasets and complex API work
- Great communication skills and attitude to get your hands dirty across the stack and business challenges.
- Nice to have: Full stack experience, with TypeScript



JavaScript Developer, Contractor, Backend Engineering | NodeJS, TypeScript, AWS | Disruptive Start-up, B2C | Rate £500/day (Outside) | 6-months | London, Hybrid

- Location: Remote
- Type: Contract, full-time
- Rate: circa £500/day
- Start: ASAP",Owen Thomas | Pending B Corp™,https://uk.linkedin.com/company/owen-thomas-talent?trk=public_jobs_topcard-org-name,https://uk.linkedin.com/jobs/view/javascript-developer-contractor-full-stack-nodejs-typescript-react-aws-disruptive-start-up-b2c-rate-c-%C2%A3500-day-outside-6-months-uk-remote-or-london-hybrid-at-owen-thomas-pending-b-corp%E2%84%A2-4336510653?trk=public_jobs_topcard-title,2025-11-16 13:31:28,Harry Ellis,https://uk.linkedin.com/in/harry-ellis-049b53122,8
4336500657,"Backend Engineer, Contract | Python (Django), JavaScript (React) and SQL (MySQL) | Fully Remote / EU-Based | Rate £550-650pd, Outside IR35 | 12-months Contract Length","Backend Engineer, Contract | Python (Django), JavaScript (React) and SQL (MySQL) | Fully Remote / EU-Based | Rate £550-650pd, Outside IR35 | 12-months Contract Length



Opportunity:



We're supporting a fast-moving client at huge global scale, that is in need of a Senior Backend Contractor with deep experience across Python, Django and some JavaScript/React . This is a high-impact freelance role within a tech-driven established team - building scalable systems in a modern backend environment and implementing AI work.



What You'll Be Doing as a Backend Engineer, Contract | Python (Django), JavaScript (React) and SQL (MySQL) | Fully Remote / EU-Based | Rate £550-650pd, Outside IR35 | 12-months Contract Length



- Designing and building robust backend services across Python and Django
- Collaborating with product and platform teams to scale critical infrastructure
- Contributing to performance optimisation, secure coding, and clean architecture decisions
- Bringing in best practices across multiple programming paradigms and languages



Core Skills for the Backend Engineer, Contract | Python (Django), JavaScript (React) and SQL (MySQL) | Fully Remote / EU-Based | Rate £550-650pd, Outside IR35 | 12-months Contract Length



- Senior-level backend experience with Python and Django in production systems
- Proven work with JavaScript and React (production experience strongly preferred)
- Familiarity with MySQL Databases and scale
- Strong grasp of APIs, cloud-native systems, and scalable architecture
- Freelance mindset: able to hit the ground running, communicate clearly, and add value fast



Details for the Backend Engineer, Contract | Python (Django), JavaScript (React) and SQL (MySQL) | Fully Remote / EU-Based | Rate £550-650pd, Outside IR35 | 12-months Contract Length



- Contract : LTD company (UK) / B2B
- Location : Remote (must be EU-based for legal/timezone reasons)
- Duration : Long-term engagement potential
- Start : ASAP



If interested in this Backend Engineer, Contract | Python (Django), JavaScript (React) and SQL (MySQL) | Fully Remote / EU-Based | Rate £550-650pd, Outside IR35 | 12-months Contract Length , please apply here and we will contact you if it's a good match! :)",Owen Thomas | Pending B Corp™,https://uk.linkedin.com/company/owen-thomas-talent?trk=public_jobs_topcard-org-name,https://uk.linkedin.com/jobs/view/backend-engineer-contract-python-django-javascript-react-and-sql-mysql-fully-remote-eu-based-rate-%C2%A3550-650pd-outside-ir35-12-months-contract-length-at-owen-thomas-pending-b-corp%E2%84%A2-4336500657?trk=public_jobs_topcard-title,2025-11-16 13:31:31,Harry Ellis,https://uk.linkedin.com/in/harry-ellis-049b53122,8
4340618208,AI Prompt Designer,"Paintgun is a dynamic creative agency on a mission to drive innovation by transforming growth plans into high-performing paid ads. Specializing in bold, visually captivating content, we partner with brands to deliver impactful campaigns that inspire, engage, and deliver results. At Paintgun, creativity meets strategy to redefine what’s possible in digital advertising.

We’re now expanding our creative frontier into the world of generative AI — and we’re looking for curious, creative minds to join us.

We are looking for passionate and experimental AI Prompt Designer to collaborate with our team on a freelance basis. This is an artist-led research role designed for those who live and breathe generative tools. If you spend your days experimenting with image, video, music, and language models — and love pushing creative boundaries — this is for you.

- Explore and experiment with generative tools across image, video, music, and text.
- Develop visually and conceptually strong outputs through thoughtful prompting.
- Create moodboards, motion studies, and creative experiments that inspire future projects.
- Document your process and share findings with the team.
- Collaborate closely with artists, creatives, and strategists to shape new workflows and ideas.

- Strong creative taste and a sharp eye for design, aesthetics, and storytelling.
- Deep interest in generative AI tools (Midjourney, Runway, Pika, Suno, ChatGPT, etc.).
- Curiosity for the intersection of art, technology, and culture.
- Self-motivated, experimental mindset — you enjoy learning through doing.
- No formal degree required; show us your work, prompts, or projects that reflect your taste and curiosity ( attach portfolio )

- Flexibility to work from anywhere.
- Competitive freelance rate.
- Collaborate with a forward-thinking, dynamic creative team.",Paintgun,https://de.linkedin.com/company/paintgun?trk=public_jobs_topcard-org-name,https://de.linkedin.com/jobs/view/ai-prompt-designer-at-paintgun-4340618208?trk=public_jobs_topcard-title,2025-11-16 06:16:15,,,4
4341150449,Community manager,"Parabolic è un’agenzia di marketing sanitario specializzata in strategie digitali per medici, cliniche e aziende del settore. All’interno del nostro team strutturato gestiamo contenuti scientifici, social media, SEO, campagne Google Ads e piani editoriali cross-canale.

Ora vogliamo fare un passo in più.

Stiamo cercando un professionista con esperienza nella creazione e gestione di community su WhatsApp o Telegram, in ambito medico o sanitario.



Costruire un canale diretto, autorevole ma informale, rivolto a pazienti (o potenziali pazienti) interessati a:

- chirurgia protesica di anca e ginocchio,
- terapie conservative e rigenerative.

La community sarà uno spazio in cui condividere:

- brevi video e pillole educative del chirurgo (non promozionali),
- risposte a domande frequenti e dubbi comuni,
- aggiornamenti e iniziative del centro medico,
- inviti a dirette e contenuti a valore.

Stile richiesto: semplice, chiaro, non invasivo, capace di trasmettere autorevolezza e vicinanza.



- guidarci nella fase iniziale (strategia, strumenti, piattaforma, tono di voce),
- definire flusso e format dei contenuti,
- affiancarci nella messa online e nella moderazione iniziale,
- valutare con noi evoluzioni future e possibilità di replicare il modello su altri clienti.



- Freelance (part-time o progetto singolo)
- Possibilità di estendere la collaborazione su altri progetti Parabolic



- Esperienza nella gestione di community digitali (WhatsApp/Telegram)
- Conoscenza del linguaggio medico e sensibilità nel trattare temi clinici
- Ottime capacità organizzative e di scrittura semplice ma autorevole
- Esperienza con funnel di nurturing, educazione paziente, o comunicazione B2C sanitaria è un plus



Se ti riconosci in questa descrizione e hai esperienza nel costruire community solide e coinvolte in ambito salute, scrivici a:

📩 info@parabolic.it

con oggetto: Candidatura – Community Strategist



Includi:

- una breve bio o CV,
- case study o esempi di community gestite,
- un’idea o suggestione su come imposteresti il nostro progetto.



- Ti aspettiamo!",Parabolic - Marketing Sanitario,https://it.linkedin.com/company/parabolic-fsb?trk=public_jobs_topcard-org-name,https://it.linkedin.com/jobs/view/community-manager-at-parabolic-marketing-sanitario-4341150449?trk=public_jobs_topcard-title,2025-11-16 17:23:19,,,1
4341311065,Business Development Partner (m/w/d) PlusMinus50,"Wir suchen Versicherungsbroker, Finanzplaner und selbstständige Berater in der Schweiz, die ihren Kunden eine hochwertige Ergänzung für ihr Portfolio bieten wollen.

Der Bedarf nach persönlicher und rechtlicher Vorsorge deutlich. Viele Menschen haben ihre Patientenverfügung, ihre Generalvollmacht oder ihr Testament noch nicht sauber geregelt. Genau hier setzt PlusMinus50 an und ermöglicht dir eine professionelle, juristisch geprüfte Erweiterung deines Beratungsangebotes.

Deine Rolle als Business Development Partner bei PlusMinus50

- Du integrierst unsere Vorsorge- und Nachlassprodukte in dein bestehendes Angebot und begleitest deine Kundinnen und Kunden bei der Erstellung ihrer persönlichen Vorsorgelösungen.
- Du kannst Leads an uns übergeben oder die Beratung selbst durchführen. Wir erstellen alle rechtlichen Dokumente zentral und stellen sicher, dass jede Lösung fachlich korrekt und sauber umgesetzt wird.

Wen wir suchen

- Menschen aus der Versicherungs und Finanzbranche, die unabhängig arbeiten.
- Personen, die Kundennähe, Struktur und Qualität schätzen.
- Beraterinnen und Berater, die ihr Angebot sinnvoll erweitern möchten.
- Persönlichkeiten, die Verantwortung übernehmen und wachsen wollen.
- Partner, die in der Deutschschweiz besonders nähe Luzern/Schwyz arbeiten.

Was wir unseren Partnern bieten

- Attraktive und transparente Provisionen.
- Fertig entwickelte und geprüfte Vorsorgeprodukte.
- Mitarbeiterschulungen und persönliches Mentoring.
- Fachliche Unterstützung in jeder Beratungssituation.
- Einfache Tools und klare Prozesse.
- Eine ideale Ergänzung für Broker, Finanzplaner und Generalagenturen.

Warum PlusMinus50

- Unsere Produkte wurden gemeinsam mit Anwälten und Fachpersonen der KESB entwickelt.
- Unser Masterplan umfasst Patientenverfügung, Generalvollmacht und Vorsorgeauftrag.
- Zusätzlich bieten wir Testamente, Erbverträge, Eheverträge, Konkubinatsverträge, Regelungen zum digitalen Nachlass und Vorsorgeerklärungen für Haustiere.
- Alle Produkte sind ganzheitlich konzipiert und juristisch korrekt aufgebaut. Sie lassen sich einfach erklären und effizient einsetzen.",Plusminus50: Was Wäre Wenn...,https://ch.linkedin.com/company/plusminus50?trk=public_jobs_topcard-org-name,https://ch.linkedin.com/jobs/view/business-development-partner-m-w-d-plusminus50-at-plusminus50-was-w%C3%A4re-wenn-4341311065?trk=public_jobs_topcard-title,2025-11-17 03:19:06,,,1
4341190286,Sales Manager (m/w/d) - Neukunden & Wachstum: Dein Einstieg im Vertrieb,"Ready to sell – von überall aus?

Wir suchen smarte Sales-Talente, die Lust haben, ihre Karriere als Sales Manager*in im Remote-Modus zu starten. Bei uns arbeitest du an echten Kundenprojekten, wirst intensiv begleitet und entwickelst dich in einem professionellen Vertriebsumfeld weiter.

Wenn du Drive, Empathie und klare Kommunikation mitbringst, freuen wir uns, dich kennenzulernen.

🕒 Vollzeit oder Teilzeit | 🗓 Start: ab sofort

- Du identifizierst potenzielle Kunden (B2B) und sprichst sie aktiv über Telefon oder digitale Kanäle an
- Du führst strukturierte Erstgespräche und qualifizierst Leads anhand klarer Kriterien
- Du arbeitest mit vorbereiteten Gesprächsleitfäden und Playbooks – und bringst deine eigenen Ideen mit ein
- Du dokumentierst deine Ergebnisse zuverlässig im CRM-System
- Du arbeitest eng mit unseren Projektverantwortlichen zusammen und gibst wertvolles Feedback aus dem Markt
- Du entwickelst dich kontinuierlich weiter – durch Coachings, Feedback und Best-Practices aus der Community

- Erste Erfahrung im Sales oder in der telefonischen Kundenansprache ist von Vorteil – aber kein Muss
- Du bist kommunikativ, neugierig und hast keine Scheu, aktiv auf Menschen zuzugehen
- Du arbeitest zuverlässig, eigenverantwortlich und strukturiert
- Du hast einen eigenen Laptop mit stabiler Internetverbindung
- Du sprichst fließend Deutsch – Englischkenntnisse sind ein Plus
- Du hast Lust, dich in einer Sales-Community weiterzuentwickeln und gemeinsam zu wachsen

- 100 % Remote – arbeite von wo du willst (z. B. aus Berlin, Bali oder Barcelona)
- Flexible Arbeitszeiten – ideal, wenn du Studium, Familie oder Reisen unter einen Hut bringen willst
- Faire Bezahlung auf Projektbasis – mit attraktiven Bonusmodellen bei guter Performance
- Zugang zu einer starken Community – Austausch mit anderen SDRs, regelmäßige Trainings & Learning Sessions
- Direkter Einblick in spannende Startups und Unternehmen aus dem DACH-Raum
- Option auf langfristige Zusammenarbeit und Karriereentwicklung im Vertrieb

Schließe dich unserem modernen, remote-first Sales-Team an und entwickle deine Vertriebsskills weiter. Erlebe echten Impact bei spannenden Unternehmen als Sales Manager (m/w/d) - bewirb dich jetzt!",REP - Revenue Excellence Partners,https://de.linkedin.com/company/revenue-excellence?trk=public_jobs_topcard-org-name,https://de.linkedin.com/jobs/view/sales-manager-m-w-d-neukunden-wachstum-dein-einstieg-im-vertrieb-at-rep-revenue-excellence-partners-4341190286?trk=public_jobs_topcard-title,2025-11-16 15:16:22,,,1
4336441353,Python Developer,"RJC are partnering with a leading European energy trading company currently seeking a Python Developer to join their growing engineering team. This is an exciting opportunity to work on high-impact systems that support real-time trading, risk management, and data-driven decision making.





Key Responsibilities

Develop, maintain, and optimize Python applications for trading and analytics

Integrate external data feeds and APIs used across trading desks

Collaborate with cross-functional teams to deliver high-quality, scalable solutions

Ensure reliability, performance, and accuracy of mission-critical systems

Participate in code reviews and contribute to engineering best practices



Required Skills & Experience

Strong professional experience with Python (3.x)

Background in data engineering , backend development , or scientific computing

Experience with Python libraries such as Pandas, NumPy, FastAPI, SQLAlchemy

Solid understanding of relational databases (PostgreSQL, MySQL, or similar)

Familiarity with cloud platforms (AWS, Azure, or GCP)

Ability to work independently in a fully remote setup



Nice to Have:

Experience in energy trading , commodities , or financial markets

Knowledge of time-series data, forecasting, or real-time processing

",RJC Group,https://uk.linkedin.com/company/rjc-group-ltd?trk=public_jobs_topcard-org-name,https://uk.linkedin.com/jobs/view/python-developer-at-rjc-group-4336441353?trk=public_jobs_topcard-title,2025-11-16 19:29:34,Sam Hanks,https://uk.linkedin.com/in/sam-hanks-82914b231,8
4341150533,Microsoft Fabric Data Engineer,"- Lead the design and implementation of Microsoft Fabric-centric data platforms and data warehouses
- Develop and optimize ETL/ELT processes within the Microsoft Azure ecosystem, effectively utilizing relevant Fabric solutions
- Ensure data integrity, quality, and governance throughout Microsoft Fabric environments
- Collaborate with stakeholders to translate business needs into actionable data solutions
- Troubleshoot and optimize existing Fabric implementations for enhanced performance

- Microsoft Fabric expertise: demonstrated experience in developing and maintaining complex data pipelines with Microsoft Fabric
- Data Engineering foundations: solid experience in data warehousing, ETL/ELT processes, and data modeling (dimensional, normalized)
- Azure knowhow: strong working knowledge of Azure services, especially Data Factory, Synapse Analytics, and Azure SQL Database
- Coding fluency: proficiency in SQL, Python, or other languages for data scripting, transformation, and automation",Robert Walters,https://uk.linkedin.com/company/robert-walters?trk=public_jobs_topcard-org-name,https://uk.linkedin.com/jobs/view/microsoft-fabric-data-engineer-at-robert-walters-4341150533?trk=public_jobs_topcard-title,2025-11-16 18:30:18,,,8
4340971188,"Full Stack Software Engineer (Remote, Contractual) EU [WN-11]","About Smart Working



At Smart Working, we believe your job should not only look right on paper but also feel right every day. This isn’t just another remote opportunity - it’s about finding where you truly belong, no matter where you are. From day one, you’re welcomed into a genuine community that values your growth and well-being.



Our mission is simple: to break down geographic barriers and connect skilled professionals with outstanding global teams and products for full-time, long-term roles. We help you discover meaningful work with teams that invest in your success, where you’re empowered to grow personally and professionally.

Join one of the highest-rated workplaces on Glassdoor and experience what it means to thrive in a truly remote-first world.



About the role



As a Full Stack Software Engineer , you’ll play a vital role in building digital solutions that power our partners’ products. You’ll work across front-end and back-end to ensure usability, scalability, and performance, tackling technical challenges with modern tools and frameworks.



This opportunity begins as a 6-month, high-impact project where you’ll deliver real value from day one. For strong performers, it’s also a pathway to a long-term contract of up to 2 years — giving you the best of both worlds: the excitement of an immediate challenge and the stability of extended career growth.



You’ll thrive here if you’re passionate about high-quality applications, eager to work with cutting-edge technologies, and proactive about driving innovation in an agile, international environment.





- Design and implement scalable, performant UIs and app architectures, balancing user experience with resource constraints
- Develop across the stack with React.js, Node.js, TypeScript, and modern frameworks (Next.js, Vite)
- Work with SQL databases including PostgreSQL, MySQL, MSSQL, and indexing/search tools like Elastic, OpenSearch, or Solr
- Build and consume APIs (REST or GraphQL), handling caching and offline support with React Query or Apollo
- Manage application state using patterns/tools such as Redux, Context API, or Zustand
- Ensure quality with unit, integration, and E2E testing frameworks (Jest, Cypress, Puppeteer, Mocha)
- Apply microservices architecture principles and containerization with Docker
- Build responsive UIs that adapt to varied devices and screen sizes
- Collaborate in an agile team, communicating effectively with peers and stakeholders to deliver business value



- 5+ years of professional experience with TypeScript/JavaScript
- 3+ years of experience with React.js, using latest features
- 3+ years of experience with Node.js, using latest features
- Strong experience with state management (Redux, Context API, Zustand)
- Proficiency with SQL databases (PostgreSQL, MySQL, MSSQL)
- Experience with indexing/search tools (Elastic, OpenSearch, Solr)
- Strong knowledge of RESTful APIs and/or GraphQL, including caching/offline via React Query or Apollo
- Hands-on experience with Docker and microservices architecture
- Proficiency with unit, integration, and E2E testing frameworks (Jest, Cypress, Puppeteer, Mocha)
- Proven ability to deliver responsive UI development
- Experience with at least one modern framework (Next.js or Vite)



- Experience with Azure services (Service Bus, Blob Storage, Table Storage, Secrets, Managed Identity)
- Exposure to Kubernetes & Helm
- Familiarity with MongoDB
- Systemic framework knowledge
- A strong client-oriented mindset and the ability to translate business models into technical solutions
- Proactive, continuous improvement approach and a passion for quality



At Smart Working, you’ll never be just another remote hire.



Be a Smart Worker — valued, empowered, and part of a culture that celebrates integrity, excellence, and ambition.



If that sounds like your kind of place, we’d love to hear your story.

We may use artificial intelligence (AI) tools to support parts of the hiring process, such as reviewing applications, analyzing resumes, or assessing responses. These tools assist our recruitment team but do not replace human judgment. Final hiring decisions are ultimately made by humans. If you would like more information about how your data is processed, please contact us.",Smart Working,https://uk.linkedin.com/company/smartworkingsolutions?trk=public_jobs_topcard-org-name,https://pt.linkedin.com/jobs/view/full-stack-software-engineer-remote-contractual-eu-wn-11-at-smart-working-4340971188?trk=public_jobs_topcard-title,2025-11-17 04:27:00,,,6
4340608276,Professionelle Grafikfirma für Aufträge FRANZÖSISCH gesucht,"Unsere etablierte Dienstleistung sucht eine professionelle Grafikfirma, welche für uns anfallenden Grafik-/ Gestaltungsarbeiten in der Westschweiz ausführt. Bedingungen sind: - Bilingual FRANZÖSISCH und DEUTSCH (beides fliessend in Schrift und mündlich) - offizielle Firma mit Referenzen - Mindestens 2 Mitarbeiter

- keine Anstellung/ Auftragsbasis Bei Interesse melden Sie sich bitte bei uns. Wir freuen uns auf Ihre Kontaktaufnahme

- Gestaltung/ Anpassung unserer BRETTSPIEL-Maske (Spielbrett, Spielkarten und Verpackung)
- Zusammenarbeit mit Teilnehmern und Vertriebspartner auf FRANZÖSISCH

Sympathisch, freundlich, aufgestellt, innovativ, ehrlich, motiviert und von unserem Spiel begeistert.

faire Entlöhnung pro Spiel

Wir würden uns RIESIG über eine Kontaktaufnahme freuen.

Verspielte Grüsse Thomas & Ramona vom Gewerbe-Spiel",SpielFam GmbH,https://www.linkedin.com/company/spielfam-gmbh?trk=public_jobs_topcard-org-name,https://ch.linkedin.com/jobs/view/professionelle-grafikfirma-f%C3%BCr-auftr%C3%A4ge-franz%C3%B6sisch-gesucht-at-spielfam-gmbh-4340608276?trk=public_jobs_topcard-title,2025-11-16 06:19:08,,,1
4341190717,Co-founder/ Business developer,"🔥 Co-Founder & Business Developer

variet.co



About Us

Temperise has developed a breakthrough smart thermal battery technology, a portable heat solution designed to integrate across multiple industries. Variet is our first brand, for food and beverage self-heating can technology and food delivery heating solution.



Your Mission



👥 Drive business development & market expansion from early traction to scale

🚀 Launch and grow Variet, securing first customers and distribution channels

🤝 Build strategic partnerships across B2B, B2G, and new industry verticals

💸 Support fundraising, investor engagement, and pitch preparation

📈 Develop and execute the go-to-market roadmap for both the brand and platform

👤 Help assemble and lead the founding team as we scale

📊 Contribute to financial planning and operational execution



What You Bring



✅ Experience in business development, partnerships, or commercial leadership

✅ Proven ability to take products from zero-to-one and build traction

✅ Comfortable working across strategy and hands-on execution

✅ Strong communicator — able to pitch, negotiate, and close deals

✅ Passion for sustainable innovation and meaningful product ecosystems

✅ Ownership mindset — building long-term value, not a quick exit



What You’ll Get



🎉 Founding-level equity (true co-founder ownership)

📍 Salary after fundraising

🌍 Opportunity to shape a new product category and global brand



📧 Apply: info@temperise.co",Temperise,https://ca.linkedin.com/company/temperise?trk=public_jobs_topcard-org-name,https://fr.linkedin.com/jobs/view/co-founder-business-developer-at-temperise-4341190717?trk=public_jobs_topcard-title,2025-11-16 23:20:21,,,1
4341320681,Freelance Business Development Partner – Furniture & Interior Design (Commission-Based),"Are you well-connected in the furniture, design, or interior architecture industry?

We’re looking for business-minded professionals with strong networks—not necessarily sales backgrounds—to join us as external partners and help bring high-quality 3D visualization services to clients across the design/furniture design world.



At The Greypixel, we specialize in premium product visuals, lifestyle scenes, and digital assets tailored for design-driven brands. We collaborate with forward-thinking furniture designers, interior brands, and creative teams to bring their products to life in visually compelling ways.



What will you do:

- Recommend our visualization services to contacts in your network
- Make warm introductions or initiate conversations with potential clients
- Join monthly calls to exchange updates, ideas, and best practices



What we are looking for:

- A strong professional network in the furniture, interior design, architecture, or lifestyle product industries
- Confidence in representing a visual-first, high-quality service
- Independent setup – you can invoice for your work (freelancers or registered businesses)
- A proactive, partner mindset – you’re not a typical “sales rep,” but someone who connects opportunities



What you get:

- Flexible, no-obligation partnership
- Commission for every successful client introduction (with room for higher tiers)
- A chance to work alongside a small but passionate team with a growing global portfolio
- Regular communication and updates, but no micromanagement



If you're someone who naturally connects people, understands good design, and wants to collaborate with a creative, visual-focused team, let’s talk.



👉 Interested? Apply here or reach out directly via: info@thegreypixel.com

",The Greypixel,https://hu.linkedin.com/company/the-greypixel?trk=public_jobs_topcard-org-name,https://uk.linkedin.com/jobs/view/freelance-business-development-partner-%E2%80%93-furniture-interior-design-commission-based-at-the-greypixel-4341320681?trk=public_jobs_topcard-title,2025-11-16 23:30:53,,,1
4336462605,Beauty Advisor - Dutch (Remote) for 9 Months Contract,"🌟 TP Malaysia is Hiring! 🌟

Join us as a Beauty Advisor - Dutch (Remote) for 9 Months Contract – Intake this December!



Passionate about helping others online? This is your moment. 💬💻

📍 Location: Remote - 9 Months Contract (Full time)

📅 Start Date: November

🚀 Salary Range: RM9000 + RM400 (KPI)





Interpersonal Skills:

- Strong customer service focus
- Active listening & objection handling
- Clear, professional communication
- Emotionally intelligent, calm under pressure
- Open to feedback, fast learner, positive mindset
- Analytical & critical thinking skills



Technical Skills:

- Typing: 40 WPM, 90% accuracy
- Proficient in MS Windows & Office
- Able to read, write, and speak the required support language



Responsibilities & Accountabilities

- Assist customers regarding the beauty products
- Provide timely support via multiple channels
- Handle payments and customer data securely
- Protect brand reputation and customer loyalty
- Escalate priority issues when needed
- Collaborate with team to improve support processes

",TP,https://fr.linkedin.com/company/teleperformance?trk=public_jobs_topcard-org-name,https://de.linkedin.com/jobs/view/beauty-advisor-dutch-remote-for-9-months-contract-at-tp-4336462605?trk=public_jobs_topcard-title,2025-11-17 04:40:31,Devika Perera (Dew),https://my.linkedin.com/in/jobs-in-malaysia,1
4336462608,Beauty Advisor - Spanish (Remote) for 9 Months Contract,"🌟 TP Malaysia is Hiring! 🌟

Join us as a Beauty Advisor - Spanish (Remote) for 9 Months Contract – Intake this December!



Passionate about helping others online? This is your moment. 💬💻

📍 Location: Remote - 9 Months Contract (Full time)

📅 Start Date: November

🚀 Salary Range: RM9000 + RM400 (KPI)





Interpersonal Skills:

- Strong customer service focus
- Active listening & objection handling
- Clear, professional communication
- Emotionally intelligent, calm under pressure
- Open to feedback, fast learner, positive mindset
- Analytical & critical thinking skills



Technical Skills:

- Typing: 40 WPM, 90% accuracy
- Proficient in MS Windows & Office
- Able to read, write, and speak the required support language



Responsibilities & Accountabilities

- Assist customers regarding the beauty products
- Provide timely support via multiple channels
- Handle payments and customer data securely
- Protect brand reputation and customer loyalty
- Escalate priority issues when needed
- Collaborate with team to improve support processes

",TP,https://fr.linkedin.com/company/teleperformance?trk=public_jobs_topcard-org-name,https://nl.linkedin.com/jobs/view/beauty-advisor-spanish-remote-for-9-months-contract-at-tp-4336462608?trk=public_jobs_topcard-title,2025-11-17 04:44:13,Devika Perera (Dew),https://my.linkedin.com/in/jobs-in-malaysia,1
4336471500,Computer Science Tutor,"Company Description

Tutors Today is a student-founded tutoring agency dedicated to making high-quality academic support accessible and affordable for learners across the UK. Established in December 2022, we connect students with passionate, experienced tutors who specialise in a wide range of subjects, from primary education to A-levels.

Our mission is to bridge the gap between students and tutors by offering flexible, personalised lessons that fit individual learning styles and goals. We take pride in our modern approach — combining academic excellence with a supportive, relatable environment that helps students build confidence, achieve top grades, and reach their full potential.

At Tutors Today, we prioritise professionalism, reliability, and results — ensuring every tutor is carefully vetted and every student receives a tailored learning experience designed for success.



About the Role:

As a Tutor with Tutors Today , you’ll have the opportunity to share your knowledge and passion for learning by helping students reach their academic goals. This flexible role is ideal for university students who want to make a meaningful impact while gaining valuable teaching, communication, and leadership experience.

Key Responsibilities:

- Deliver engaging one-to-one or small-group lessons, either online or in person.
- Support students in understanding key concepts, improving exam technique, and building confidence in their studies.
- Create personalised lesson plans tailored to each student’s needs and learning style.
- Track student progress and provide constructive feedback.
- Communicate effectively with students, parents, and the Tutors Today team to ensure a high-quality learning experience.

Requirements:

- Currently enrolled or have a degree from a UK university.
- Strong academic record in the subject(s) you wish to teach.
- Excellent communication and interpersonal skills.
- Reliable, organised, and committed to helping students achieve their best.
- Prior tutoring or mentoring experience (preferred but not essential).

Benefits:

- Flexible working hours that fit around your studies.
- Competitive pay and performance bonuses.
- Opportunity to develop teaching and leadership skills.
- Be part of a growing, student-led tutoring community.",Tutors Today,https://www.linkedin.com/company/tutors-today?trk=public_jobs_topcard-org-name,https://uk.linkedin.com/jobs/view/computer-science-tutor-at-tutors-today-4336471500?trk=public_jobs_topcard-title,2025-11-16 20:30:48,,,1
4340648415,Authentische Content Partner:in für mentale Weiterentwicklung (REMOTE),"Du willst dir endlich das Leben schaffen, das DIR wirklich entspricht und dabei sogar noch Geld verdienen? Dann bist du hier genau richtig!

Wir suchen eine/n Content-Partner:in für mentale Weiterentwicklung (REMOTE). Wir wissen, dass die Authentizität deines Contents das Wichtigste ist. Deshalb bieten wir dir die Möglichkeit, unsere Mammut-Methode – ein einzigartiges Programm für kontinuierliche mentale Entwicklung – kostenlos zu nutzen und deine Reise auf Social Media zu dokumentieren. Keine Werbeagenturen, keine Schauspieler. Nur du, deine Reise und die echten Veränderungen in deinem Leben.

- Du wirst Teil der Mammut-Community und lebst die Methode für dich selbst.
- Du investierst 10 Minuten pro Tag und immer wieder 10 Sekunden ausschließlich in DICH.
- Du dokumentierst deine persönliche Reise in Form von Social-Media-Content und teilst deine Erfahrungen mit der Welt.
- Du erstellst ehrliche, authentische Inhalte, die deine persönlichen Erfahrungen aus deiner Perspektive widerspiegeln.
- Du nutzt die Möglichkeit, dich jederzeit mit Michael Eberl persönlich auszutauschen – ganz egal ob es um die Content-Erstellung oder deine Reise selbst geht.

- Leidenschaft für persönliche Entwicklung und Mindset-Themen: Du bist wirklich daran interessiert, dich selbst weiterzuentwickeln und deine Erfahrungen mit anderen zu teilen.
- Authentizität und Ehrlichkeit: Du bist bereit, deine persönliche Geschichte und die echten Veränderungen, die du durch die Methode erlebst, mit der Welt zu teilen.
- Kreativität und Eigeninitiative: Du denkst außerhalb der Norm und hast Freude daran, Inhalte in deinem eigenen Stil zu kreieren – ganz gleich, ob es sich um Videos, Texte oder Bilder handelt.
- Grundlegende Reichweite auf Social Media: Du hast bereits einen Kanal, den du aktiv bespielst, und eine Community, mit der du deine Reise teilen möchtest. TikTok, Instagram, X, Facebook. Bestehende Kanäle sind ein großes Plus, jedoch nicht zwingend notwendig. Wenn wir sehen, dass du wirklich dafür brennst, sind wir auch bereit mit dir zusammen neue Kanäle aufzubauen.

- Persönlicher und finanzieller Wachstum: Du erhältst kostenlosen Zugang zur Mammut-Methode und hast die Möglichkeit, ein attraktives, provisionsbasiertes Einkommen zu erzielen.
- Vollständige kreative Freiheit: Du entscheidest, wie du deine Erfahrung teilst – ob in Videos, Texten oder Bildern. Du bist auch frei in der Auswahl deiner Kanäle.
- Persönlicher Austausch mit dem Gründer: Du hast die Chance, dich jederzeit mit Michael Eberl persönlich auszutauschen.
- Werde Teil der Mammut-Community: Du nimmst an einem exklusiven Projekt teil und hast die Möglichkeit, andere zu inspirieren und Teil einer wachsenden Community zu werden.
- Investition in dich selbst: Du investierst 10 Minuten pro Tag und immer wieder 10 Sekunden ausschließlich in DICH.
- Maximale Flexibilität: Deine Arbeitszeit ist 100 % flexibel und du arbeitest vollständig remote. Du arbeitest auf Freelancer-Basis.

Wir bieten dir hier keinen Job . Das ist viel mehr als nur eine Aufgabe: Wenn du bereit bist, dir selbst zu begegnen und dir das Leben zu schaffen, das DIR wirklich entspricht, dann ist das genau richtig für dich.

Bist du bereit?",WME Hamburg,https://de.linkedin.com/company/wme-hh?trk=public_jobs_topcard-org-name,https://de.linkedin.com/jobs/view/authentische-content-partner-in-f%C3%BCr-mentale-weiterentwicklung-remote-at-wme-hamburg-4340648415?trk=public_jobs_topcard-title,2025-11-16 06:16:26,,,1
4322883025,Support Analyst – 12 Month FTC (Remote),"- Be the first point of contact for customers using our ServiceNow apps (e.g. PrivacyHub)
- Handle Level 1 & Level 2 support queries, triage and resolve tickets within SLAs
- Debug issues and, where appropriate, apply JavaScript-based fixes
- Guide users on “how-to” questions and best-practice use of the platform
- Attend customer meetings when required and ensure clear, friendly communication

- Carry out ServiceNow system admin activities across customer environments
- Proactively monitor and maintain platform health, jobs and access
- Escalate risks/issues and work with internal teams to ensure smooth service delivery

- Coordinate PrivacyHub re-certification activities
- Maintain audit documentation and collaborate across product, compliance and engineering

- Build hands-on experience across IRM/GRC and SecOps modules
- Support enhancements, testing and improvements across the platform
- Participate in agile ceremonies and knowledge-sharing

- Contribute to internal tooling, process improvement and knowledge management
- Support internal systems where needed (light, occasional)

- ServiceNow CSA certification (required)
- 1–2 years’ hands-on ServiceNow support or admin experience
- Ability to troubleshoot and script using JavaScript (ServiceNow scripting preferred)
- Understanding of service delivery and working to SLAs
- Strong communication and problem-solving skills
- Curious mindset with interest in IRM/GRC, and SecOps
- Fluent English (extra languages welcome!)

- An opportunity to make an impact in a fast-growing company, accelerate your career, and deepen your expertise with the ServiceNow platform in the areas of data privacy, risk, compliance, and security.
- A supportive culture with the necessary training to help you succeed in your role and develop your career.
- A competitive financial package, including a company pension & healthcare (country dependent), a remote working allowance, and an office equipment allowance.
- 25 days of holiday, a day off for your birthday, pet leave, a personal day, study leave, and flexible annual leave options.
- A highly international, entrepreneurial, and agile workplace with minimal bureaucracy.
- A focus on achievements, productivity, effective collaboration, wellbeing, and maintaining a healthy work-life balance.
- The opportunity to learn from the best in the industry and work on the number one cloud platform, ServiceNow.",Wrangu,https://nl.linkedin.com/company/wrangu?trk=public_jobs_topcard-org-name,https://uk.linkedin.com/jobs/view/support-analyst-%E2%80%93-12-month-ftc-remote-at-wrangu-4322883025?trk=public_jobs_topcard-title,2025-11-16 14:32:24,,,1
